route,gewicht,ldm,ax_erloese_fracht,dlv_soll,delta
0083,6000.0000,13.6000,3375.0000,3439.6200,-64.6200
0083,8000.0000,13.6000,3325.0000,3325.0000,0.0000
2525,4138.0000,13.2000,2750.0000,,
0083,7500.0000,13.6000,3375.0000,3439.6200,-64.6200
0083,6813.0000,13.6000,3375.0000,3439.6200,-64.6200
0083,7000.0000,8.8000,2756.6000,2798.4129,-41.8129
2804,7424.0000,13.2000,2250.0000,,
2804,9967.0000,12.0000,2250.0000,,
2804,1434.0000,1.2000,320.0000,,
0083,4000.0000,6.0000,2149.9000,2178.4088,-28.5088
5513,248.0000,0.4000,125.0000,,
3151,2605.0000,3.6000,850.0000,850.0000,0.0000
0083,6000.0000,10.4000,2942.3000,2991.7153,-49.4153
0083,9000.0000,13.6000,3495.0000,3439.6200,55.3800
5513,34.0000,0.4000,79.0000,,
2321,661.0000,2.0000,545.0000,550.5529,-5.5529
2321,137.0000,0.4000,174.0000,175.1106,-1.1106
2525,3894.0000,13.2000,2475.0000,,
3151,2062.0000,2.4000,660.0000,660.0000,0.0000
0083,5000.0000,9.2000,2831.3000,2875.0135,-43.7135
7300,30.0000,0.9000,216.0000,,
0083,7000.0000,13.6000,3375.0000,3439.6200,-64.6200
0083,7000.0000,13.6000,3375.0000,3375.0000,0.0000
2321,813.0000,2.8000,493.0000,500.7741,-7.7741
0083,6000.0000,13.6000,3375.0000,3439.6200,-64.6200
0083,3000.0000,4.0000,1567.0000,1586.0059,-19.0059
0582,8650.0000,13.6000,920.0000,1015.4300,-95.4300
0083,6825.0000,13.6000,3325.0000,3325.0000,0.0000
5513,108.0000,0.4000,79.0000,81.4768,-2.4768
7048,90.0000,0.4000,174.0000,,
0083,6827.0000,13.6000,3375.0000,3439.6200,-64.6200
0582,7491.0000,13.6000,920.0000,1015.4300,-95.4300
2321,4418.0000,13.6000,960.0000,1137.7600,-177.7600
4005,4633.0000,12.8000,1300.0000,1354.5788,-54.5788
0582,7902.0000,13.6000,920.0000,1015.4300,-95.4300
2321,4231.0000,13.6000,960.0000,1137.7600,-177.7600
0582,6067.0000,13.6000,920.0000,1015.4300,-95.4300
4005,4448.0000,10.4000,1175.0000,1219.3453,-44.3453
0083,2500.0000,4.0000,1567.0000,1586.0059,-19.0059
0083,6183.0000,13.6000,3375.0000,3439.6200,-64.6200
0582,8589.0000,13.6000,920.0000,1015.4300,-95.4300
0083,6184.0000,13.6000,3325.0000,3325.0000,0.0000
0083,6184.0000,13.6000,3505.0000,3569.6200,-64.6200
4005,9097.0000,12.8000,1300.0000,1354.5788,-54.5788
0083,6183.0000,13.6000,3375.0000,3439.6200,-64.6200
0582,7648.0000,13.6000,920.0000,1015.4300,-95.4300
5513,76.0000,0.2000,79.0000,81.4768,-2.4768
2321,592.0000,2.0000,545.0000,550.5529,-5.5529
0582,7323.0000,13.6000,920.0000,1015.4300,-95.4300
0582,6505.0000,13.6000,920.0000,1015.4300,-95.4300
2321,1804.0000,3.6000,571.0000,580.9953,-9.9953
0083,6146.0000,13.6000,3375.0000,3439.6200,-64.6200
3151,210.0000,0.6000,260.0000,260.0000,0.0000
0083,6183.0000,13.6000,3505.0000,3569.6200,-64.6200
0083,6147.0000,13.6000,3375.0000,3439.6200,-64.6200
0083,6182.0000,13.6000,3375.0000,3375.0000,0.0000
3151,766.0000,1.6000,460.0000,460.0000,0.0000
0083,6148.0000,13.6000,3325.0000,3325.0000,0.0000
0582,5379.0000,13.6000,920.0000,1015.4300,-95.4300
2321,188.0000,0.4000,174.0000,175.1106,-1.1106
0582,6804.0000,13.6000,920.0000,1015.4300,-95.4300
5513,301.0000,1.6000,165.0000,174.9071,-9.9071
2321,659.0000,2.0000,545.0000,550.5529,-5.5529
2321,4299.0000,13.6000,960.0000,1137.7600,-177.7600
0582,7931.0000,13.6000,920.0000,1015.4300,-95.4300
5513,5782.0000,10.8000,620.0000,686.8726,-66.8726
0083,6149.0000,13.6000,3375.0000,3439.6200,-64.6200
0083,6000.0000,9.6000,2906.1000,2951.7141,-45.6141
3151,390.0000,0.8000,260.0000,260.0000,0.0000
0083,6148.0000,13.6000,3375.0000,3439.6200,-64.6200
7048,130.0000,1.0000,166.8000,,
0582,7878.0000,13.6000,920.0000,1015.4300,-95.4300
0582,8896.0000,13.6000,920.0000,1015.4300,-95.4300
0582,7659.0000,13.6000,920.0000,1015.4300,-95.4300
1069,4941.0000,13.6000,1413.0000,1470.9900,-57.9900
0083,8221.0000,10.8000,3130.3000,3181.6159,-51.3159
0083,6184.0000,13.6000,3325.0000,3325.0000,0.0000
0083,2117.0000,2.4000,1175.3000,1186.7035,-11.4035
3151,223.0000,0.4000,150.0000,150.0000,0.0000
0083,6183.0000,13.6000,3375.0000,3439.6200,-64.6200
0083,6187.0000,13.6000,3375.0000,3439.6200,-64.6200
2321,4391.0000,13.6000,960.0000,1137.7600,-177.7600
2321,4369.0000,13.6000,960.0000,1137.7600,-177.7600
5513,155.0000,0.4000,79.0000,81.4768,-2.4768
0582,5617.0000,13.6000,920.0000,1015.4300,-95.4300
0582,6907.0000,13.6000,920.0000,1015.4300,-95.4300
0582,8000.0000,13.6000,920.0000,1015.4300,-95.4300
5513,1854.0000,0.0000,475.0000,,
2321,4280.0000,13.6000,960.0000,1137.7600,-177.7600
0582,7599.0000,13.6000,920.0000,1015.4300,-95.4300
7048,45.0000,0.4000,94.8000,,
4005,4632.0000,10.4000,1175.0000,1219.3453,-44.3453
4005,9090.0000,13.6000,1300.0000,1357.9900,-57.9900
4005,4447.0000,10.4000,1175.0000,1219.3453,-44.3453
3151,1500.0000,4.0000,926.0000,926.0000,0.0000
0083,6146.0000,13.6000,3375.0000,3439.6200,-64.6200
0083,6146.0000,13.6000,3375.0000,3439.6200,-64.6200
0083,6146.0000,13.6000,3375.0000,3439.6200,-64.6200
5513,510.0000,0.8000,162.0000,,
0083,6184.0000,13.6000,3505.0000,3569.6200,-64.6200
5513,225.7400,1.4000,165.0000,174.9071,-9.9071
2520,140.8000,1.1000,437.0000,440.3318,-3.3318
0083,6146.0000,13.6000,3375.0000,3439.6200,-64.6200
0582,8000.0000,13.6000,920.0000,1015.4300,-95.4300
0582,6836.0000,13.6000,920.0000,1015.4300,-95.4300
0083,7000.0000,13.6000,3375.0000,3439.6200,-64.6200
0083,7000.0000,13.6000,3375.0000,3439.6200,-64.6200
0083,6000.0000,13.6000,3375.0000,3439.6200,-64.6200
0083,7000.0000,13.6000,3375.0000,3439.6200,-64.6200
0083,7000.0000,13.6000,3505.0000,3569.6200,-64.6200
1069,1140.6000,1.6000,374.0000,380.8224,-6.8224
CHN,520.0000,1.6000,231.1200,,
2321,4440.0000,13.6000,960.0000,1137.7600,-177.7600
2321,4419.0000,13.6000,960.0000,1137.7600,-177.7600
0582,6594.0000,13.6000,920.0000,1015.4300,-95.4300
1069,5284.0000,13.6000,1313.0000,,
0582,6960.0000,13.6000,920.0000,1015.4300,-95.4300
2321,4423.5000,13.6000,960.0000,1137.7600,-177.7600
7048,75.0000,0.2000,94.8000,,
0582,7652.3400,13.6000,920.0000,1015.4300,-95.4300
1403,6000.0000,13.6000,2600.0000,,
3151,500.0000,1.6000,460.0000,460.0000,0.0000
3151,454.3800,0.4000,150.0000,150.0000,0.0000
0083,6000.0000,13.6000,3375.0000,3439.6200,-64.6200
2321,10000.0000,13.6000,960.0000,1137.7600,-177.7600
0083,7000.0000,13.6000,3375.0000,3439.6200,-64.6200
0083,7000.0000,13.6000,3375.0000,3439.6200,-64.6200
2321,4352.5000,13.6000,960.0000,1137.7600,-177.7600
0083,7000.0000,9.6000,2906.1000,2951.7141,-45.6141
0582,6579.0000,13.6000,920.0000,1015.4300,-95.4300
1069,113.0000,0.4000,139.0000,,
5513,155.0000,0.4000,130.0000,,
5513,313.0000,0.4000,79.0000,81.4768,-2.4768
0582,6523.0000,13.6000,920.0000,1015.4300,-95.4300
5513,4499.0000,13.6000,1080.0000,,
4005,1326.3000,4.8000,740.0000,760.4671,-20.4671
1069,4152.4000,2.8000,549.0000,560.9391,-11.9391
2321,1810.0000,3.6000,571.0000,580.9953,-9.9953
0582,4930.0000,13.6000,920.0000,1015.4300,-95.4300
0083,5000.0000,13.6000,3375.0000,3439.6200,-64.6200
0582,9167.0000,13.6000,920.0000,1015.4300,-95.4300
0083,7000.0000,13.6000,3505.0000,3569.6200,-64.6200
2321,4282.5000,13.6000,960.0000,1137.7600,-177.7600
0083,6000.0000,13.6000,3375.0000,3439.6200,-64.6200
0582,6072.0000,13.6000,920.0000,1015.4300,-95.4300
0582,8505.7400,13.6000,920.0000,1015.4300,-95.4300
2520,662.5000,2.0000,545.0000,550.5529,-5.5529
1069,3017.3000,8.8000,1073.0000,,
1069,924.5800,3.2000,587.0000,600.6447,-13.6447
0582,9299.0000,13.6000,920.0000,1015.4300,-95.4300
0083,9000.0000,13.6000,3505.0000,3569.6200,-64.6200
0582,7506.9000,13.6000,920.0000,1015.4300,-95.4300
4005,3125.2100,5.6000,800.0000,823.8782,-23.8782
2321,871.5000,2.8000,543.0000,550.7741,-7.7741
4005,10704.0300,13.6000,1300.0000,1357.9900,-57.9900
5513,4055.4400,12.0000,1190.0000,,
0617,7000.0000,13.6000,3375.0000,3439.6200,-64.6200
0617,5000.0000,6.4000,2256.9000,2287.3094,-30.4094
0582,8461.0000,13.6000,920.0000,1015.4300,-95.4300
0617,8000.0000,13.6000,3325.0000,3325.0000,0.0000
4005,5000.0000,8.0000,965.0000,999.1118,-34.1118
0582,7512.3000,13.6000,920.0000,1015.4300,-95.4300
5513,338.0000,0.4000,79.0000,81.4768,-2.4768
5513,533.0000,0.8000,247.5000,,
4005,10704.0300,13.6000,1300.0000,1357.9900,-57.9900
2321,4343.0000,13.6000,960.0000,1137.7600,-177.7600
0582,7914.0000,13.6000,920.0000,1015.4300,-95.4300
0582,8000.0000,13.6000,920.0000,1015.4300,-95.4300
0617,6000.0000,6.8000,2265.9000,2298.2100,-32.3100
0617,6000.0000,13.6000,3375.0000,3439.6200,-64.6200
3151,430.0000,0.4000,150.0000,150.0000,0.0000
0617,4000.0000,6.0000,2149.9000,2178.4088,-28.5088
0617,7000.0000,13.6000,3375.0000,3439.6200,-64.6200
0582,8193.0000,13.6000,920.0000,1015.4300,-95.4300
2321,4378.5000,13.6000,960.0000,1137.7600,-177.7600
2321,4318.5000,13.6000,960.0000,1137.7600,-177.7600
2321,4370.0000,13.6000,960.0000,1137.7600,-177.7600
0582,8007.0000,13.6000,920.0000,1015.4300,-95.4300
5513,143.0000,0.4000,79.0000,81.4768,-2.4768
2321,4361.5000,13.6000,960.0000,1137.7600,-177.7600
0582,7010.0000,13.6000,920.0000,1015.4300,-95.4300
0617,6000.0000,13.6000,3375.0000,3375.0000,0.0000
0617,7000.0000,13.6000,3325.0000,3325.0000,0.0000
4005,3735.0000,13.6000,1300.0000,1357.9900,-57.9900
2321,10000.0000,13.6000,960.0000,1137.7600,-177.7600
7300,910.0000,2.0000,566.4000,,
5513,4546.0000,13.6000,645.0000,729.2100,-84.2100
0617,6000.0000,13.6000,3325.0000,3325.0000,0.0000
3151,272.0000,1.2000,350.0000,350.0000,0.0000
4601,42.0000,0.8000,0.0000,,
0617,7000.0000,13.6000,3505.0000,3569.6200,-64.6200
0617,7000.0000,13.6000,3375.0000,3439.6200,-64.6200
3151,2343.0000,2.8000,750.0000,750.0000,0.0000
5513,1282.5000,1.2000,0.0000,,
0617,8000.0000,13.6000,3375.0000,3439.6200,-64.6200
0582,9410.0000,13.6000,920.0000,1015.4300,-95.4300
2321,4313.5000,13.6000,960.0000,1137.7600,-177.7600
2520,332.5000,1.2000,437.0000,440.3318,-3.3318
0617,7000.0000,13.6000,3375.0000,3439.6200,-64.6200
4005,1994.1000,10.4000,1175.0000,1219.3453,-44.3453
0617,8000.0000,13.6000,3375.0000,3439.6200,-64.6200
0582,8332.0000,13.6000,920.0000,1015.4300,-95.4300
4005,10000.0000,10.4000,1175.0000,1219.3453,-44.3453
4005,3349.8000,5.2000,770.0000,792.1726,-22.1726
4005,10000.0000,10.4000,1175.0000,1219.3453,-44.3453
2321,4386.5000,13.6000,960.0000,1137.7600,-177.7600
2321,10000.0000,13.6000,960.0000,1137.7600,-177.7600
2321,4316.0000,13.6000,960.0000,1137.7600,-177.7600
2321,4331.5000,13.6000,960.0000,1137.7600,-177.7600
0582,8000.0000,13.6000,920.0000,1015.4300,-95.4300
0617,7610.0000,13.6000,3375.0000,3439.6200,-64.6200
0617,1433.5000,2.8000,1258.3000,1271.6041,-13.3041
0617,7474.0000,10.0000,2980.8000,3028.3147,-47.5147
0617,6696.5000,13.6000,3375.0000,3439.6200,-64.6200
5513,2213.0000,6.4000,477.0000,516.6282,-39.6282
0582,7874.0000,13.6000,920.0000,1015.4300,-95.4300
CHN,18000.0000,13.6000,774.0000,,
0582,5747.0000,13.6000,920.0000,1015.4300,-95.4300
1069,734.3000,1.2000,305.0000,310.1168,-5.1168
1069,4449.0000,3.2000,587.0000,600.6447,-13.6447
0582,7941.0000,13.6000,920.0000,1015.4300,-95.4300
0617,6101.0000,13.6000,3375.0000,3439.6200,-64.6200
3151,1200.0000,2.4000,660.0000,660.0000,0.0000
5513,161.5000,0.4000,79.0000,81.4768,-2.4768
0582,9663.0000,13.6000,920.0000,1015.4300,-95.4300
0617,6098.0000,13.6000,3375.0000,3439.6200,-64.6200
2321,67.0000,0.4000,174.0000,175.1106,-1.1106
5513,334.0000,0.8000,0.0000,,
5513,534.0000,0.8000,0.0000,,
2321,67.5000,0.4000,174.0000,175.1106,-1.1106
5513,4223.0000,13.6000,0.0000,,
0617,15.5000,0.4000,208.1000,210.0006,-1.9006
0617,9219.5000,13.2000,3505.0000,3569.6200,-64.6200
0617,6000.0000,13.6000,3375.0000,3439.6200,-64.6200
0617,5000.0000,13.6000,3375.0000,3439.6200,-64.6200
0582,8428.0000,13.6000,920.0000,1015.4300,-95.4300
2321,4326.4000,13.6000,1100.0000,1137.7600,-37.7600
0582,7437.0000,13.6000,920.0000,1015.4300,-95.4300
0582,7644.0000,13.6000,920.0000,1015.4300,-95.4300
0582,7435.0000,13.6000,920.0000,1015.4300,-95.4300
2321,4326.4000,13.6000,1100.0000,1137.7600,-37.7600
1403,9788.4600,13.0000,2380.0000,,
2321,1820.5000,3.6000,571.0000,580.9953,-9.9953
2321,601.0000,2.0000,545.0000,550.5529,-5.5529
0582,7165.8200,13.6000,920.0000,1015.4300,-95.4300
0617,8498.5000,10.0000,2980.8000,3028.3147,-47.5147
0582,5042.0000,8.0000,1250.0000,,
0617,5200.0000,13.6000,3375.0000,3439.6200,-64.6200
0617,6100.0000,13.6000,3325.0000,3325.0000,0.0000
0617,6200.0000,13.6000,3325.0000,3325.0000,0.0000
5513,159.5000,0.4000,79.0000,81.4768,-2.4768
3151,0.0000,0.0000,350.0000,,
3151,0.0000,0.0000,150.0000,,
0617,5100.0000,13.6000,3375.0000,3439.6200,-64.6200
3151,212.0000,0.4000,0.0000,150.0000,-150.0000
1069,57.5000,0.4000,139.0000,,
0582,5031.0000,13.6000,920.0000,1015.4300,-95.4300
0582,8000.0000,13.6000,920.0000,1015.4300,-95.4300
4601,2676.0000,3.2000,620.0000,633.6447,-13.6447
4601,4313.6000,13.6000,1300.0000,1357.9900,-57.9900
4601,10704.0300,13.6000,1300.0000,1357.9900,-57.9900
4601,3540.2000,13.6000,1300.0000,1357.9900,-57.9900
2321,10000.0000,13.6000,1100.0000,1137.7600,-37.7600
0582,7853.0000,13.6000,920.0000,1015.4300,-95.4300
7300,260.0000,2.0000,594.0000,,
5513,3735.0000,10.4000,611.2500,675.6459,-64.3959
4601,89.5000,0.4000,0.0000,,
0582,2592.8100,5.2000,715.0000,,
2321,217.0000,0.4000,174.0000,175.1106,-1.1106
2321,477.0000,1.6000,546.0000,550.4424,-4.4424
2321,4326.4000,13.6000,1100.0000,1137.7600,-37.7600
0617,6000.0000,13.6000,3375.0000,3439.6200,-64.6200
0582,7188.0000,13.6000,920.0000,1015.4300,-95.4300
0582,8178.0000,13.6000,920.0000,1015.4300,-95.4300
3151,1148.0000,1.6000,460.0000,460.0000,0.0000
0617,6000.0000,6.0000,2149.9000,2178.4088,-28.5088
0617,7000.0000,13.6000,3375.0000,3439.6200,-64.6200
0617,6000.0000,13.6000,3375.0000,3439.6200,-64.6200
2321,811.2000,2.4000,975.0000,500.6635,474.3365
0582,4364.0000,12.0000,1125.0000,,
0582,8309.0000,13.6000,920.0000,1015.4300,-95.4300
5513,2751.0000,8.0000,533.7500,583.2853,-49.5353
0582,8444.0000,13.6000,920.0000,1015.4300,-95.4300
1403,8112.0000,13.6000,2380.0000,,
1069,50.5000,0.4000,139.0000,,
3151,48.2000,0.8000,260.0000,260.0000,0.0000
6011,4133.0000,13.6000,0.0000,,
2321,546.5000,1.6000,546.0000,550.4424,-4.4424
1069,3559.2000,2.4000,510.0000,520.2335,-10.2335
6011,1495.0000,1.2000,0.0000,,
6011,6737.0000,13.6000,920.0000,1015.4300,-95.4300
0617,1305.3200,5.2000,1871.9000,1896.6076,-24.7076
0617,5000.0000,10.4000,3055.5000,3104.9153,-49.4153
1403,10633.0000,13.6000,2380.0000,,
1069,1140.6000,1.2000,305.0000,310.1168,-5.1168
6011,4000.0000,8.0000,975.0000,,
0617,6000.0000,13.6000,3375.0000,3439.6200,-64.6200
2321,3575.0000,13.6000,960.0000,1137.7600,-177.7600
6011,8214.0000,13.6000,920.0000,1015.4300,-95.4300
2321,10000.0000,13.6000,1100.0000,1137.7600,-37.7600
6011,8328.0000,13.6000,920.0000,1015.4300,-95.4300
1403,6867.0000,13.6000,2380.0000,,
6011,2227.0000,6.4000,477.0000,516.6282,-39.6282
6011,8193.0000,13.6000,920.0000,1015.4300,-95.4300
1403,7000.0000,13.6000,0.0000,,
6011,6857.0000,13.6000,920.0000,1015.4300,-95.4300
0617,1600.0000,5.2000,1871.9000,1896.6076,-24.7076
6011,2329.0000,4.8000,695.0000,,
2321,617.5000,2.4000,494.0000,500.6635,-6.6635
0617,7000.0000,13.6000,3505.0000,3569.6200,-64.6200
6011,7097.0000,13.6000,920.0000,1015.4300,-95.4300
0617,7000.0000,13.6000,3375.0000,3439.6200,-64.6200
0273,1908.0000,2.4000,660.0000,660.0000,0.0000
6011,2519.0000,2.4000,0.0000,,
0617,6000.0000,13.6000,3375.0000,3439.6200,-64.6200
6011,7682.0000,13.6000,920.0000,1015.4300,-95.4300
6011,7603.0000,13.6000,920.0000,1015.4300,-95.4300
2321,4326.4000,13.6000,1100.0000,1137.7600,-37.7600
2321,4326.4000,13.6000,1100.0000,1137.7600,-37.7600
6011,6868.0000,13.6000,920.0000,1015.4300,-95.4300
2321,4326.4000,13.6000,1100.0000,1137.7600,-37.7600
2321,4326.4000,13.6000,1100.0000,1137.7600,-37.7600
CHN,18000.0000,13.6000,1195.0000,,
2321,3895.0000,13.6000,960.0000,1137.7600,-177.7600
6011,7295.0000,13.6000,920.0000,1015.4300,-95.4300
6011,4281.0000,13.6000,645.0000,,
1403,7000.0000,13.6000,2380.0000,,
6011,8152.0000,13.6000,920.0000,1015.4300,-95.4300
6011,7000.0000,10.4000,975.0000,,
0273,399.0000,1.2000,350.0000,350.0000,0.0000
0617,7000.0000,13.6000,3375.0000,3439.6200,-64.6200
2321,1164.0000,3.6000,571.0000,580.9953,-9.9953
0617,3672.0000,9.2000,2726.4000,2770.1135,-43.7135
6011,166.0000,0.4000,79.0000,81.4768,-2.4768
0617,6000.0000,13.6000,3375.0000,3439.6200,-64.6200
0617,6000.0000,13.6000,3505.0000,3569.6200,-64.6200
6011,6950.0000,13.6000,920.0000,1015.4300,-95.4300
4601,5778.3300,12.0000,1300.0000,1351.1676,-51.1676
2321,3584.5000,13.6000,960.0000,1137.7600,-177.7600
6011,5988.0000,13.6000,1175.0000,1015.4300,159.5700
4601,4289.0000,3.2000,620.0000,633.6447,-13.6447
6011,8206.1400,13.2000,1110.0000,,
6011,7003.0000,13.6000,1295.0000,1015.4300,279.5700
1403,8000.0000,13.6000,2380.0000,,
2321,10000.0000,13.6000,960.0000,1137.7600,-177.7600
6011,2211.0000,6.4000,477.0000,,
CHN,77.0000,0.4000,139.0000,,
CHN,141.0000,0.4000,174.0000,175.1106,-1.1106
0617,8000.0000,13.6000,3375.0000,3439.6200,-64.6200
2321,218.0000,0.8000,313.0000,315.2212,-2.2212
CHN,68.0000,0.4000,174.0000,175.1106,-1.1106
0617,8000.0000,13.6000,3375.0000,3439.6200,-64.6200
0617,8000.0000,13.6000,3375.0000,3439.6200,-64.6200
0617,8000.0000,13.6000,3505.0000,3569.6200,-64.6200
2321,10000.0000,13.6000,1100.0000,1137.7600,-37.7600
6011,8102.0000,13.6000,920.0000,1015.4300,-95.4300
0617,8000.0000,13.6000,3375.0000,3439.6200,-64.6200
2321,10000.0000,13.6000,1100.0000,1137.7600,-37.7600
6011,7586.0000,13.6000,920.0000,1015.4300,-95.4300
6011,2517.0000,6.8000,795.0000,,
2321,170.5000,0.4000,174.0000,175.1106,-1.1106
6011,1578.5000,1.6000,0.0000,,
1069,73.5000,0.4000,139.0000,,
6011,2351.0000,2.0000,415.0000,,
6011,1148.0000,6.4000,477.0000,,
0617,6000.0000,8.0000,2510.5000,2548.5118,-38.0118
1403,6000.0000,13.6000,2380.0000,,
7300,260.0000,1.2000,0.0000,,
0273,206.0000,0.4000,150.0000,150.0000,0.0000
0273,912.6200,0.0000,0.0000,,
