route,Empfänger PLZ,Empfänger Ort,Tonnage (eff.),Lademeter,Erloese,dinas_erloese_kg,dlv_soll,dlv_soll_kg,delta_pct,zone_matched,weight_band_matched,Ausgangsbordero,periode
CH-14,1470,,46.0000,0.0000,110.4200,240.0435,62.6900,136.2826,-43.2300,Zone 7,bis 300 kg,2025_24200397,PRE
CH-83,8304,,2.0000,0.0000,97.4900,4874.5000,51.4100,2570.5000,-47.2700,Zone 1,bis 300 kg,2025_24200408,PRE
CH-62,6260,,65.0000,0.0000,102.4700,157.6462,55.7600,85.7846,-45.5800,Zone 3,bis 300 kg,2025_24200408,PRE
CH-94,9445,,14.0000,0.0000,104.3700,745.5000,57.4100,410.0714,-44.9900,Zone 4,bis 300 kg,2025_24200408,PRE
CH-83,8302,,30.0000,0.0000,97.4900,324.9667,51.4100,171.3667,-47.2700,Zone 1,bis 300 kg,2025_24200464,PRE
CH-57,5737,,167.0000,0.0000,128.1700,76.7485,78.1800,46.8144,-39.0000,Zone 2,bis 300 kg,2025_24200464,PRE
CH-94,9445,,100.0000,0.0000,104.3700,104.3700,57.4100,57.4100,-44.9900,Zone 4,bis 300 kg,2025_24200464,PRE
CH-89,8902,,8.0000,0.0000,100.7400,1259.2500,54.2500,678.1250,-46.1500,Zone 2,bis 300 kg,2025_24200464,PRE
CH-94,9463,,23.0000,0.0000,104.3700,453.7826,57.4100,249.6087,-44.9900,Zone 4,bis 300 kg,2025_24200752,PRE
CH-62,6260,,242.0000,0.0000,180.6400,74.6446,123.9600,51.2231,-31.3800,Zone 3,bis 300 kg,2025_24200752,PRE
CH-49,4900,,24.0000,0.0000,100.7400,419.7500,54.2500,226.0417,-46.1500,Zone 2,bis 300 kg,2025_24200806,PRE
CH-19,1950,,3.0000,0.0000,150.9900,5033.0000,98.0900,3269.6667,-35.0400,Zone 9,bis 300 kg,2025_24200806,PRE
CH-84,8400,,1.0000,0.0000,97.4900,9749.0000,51.4100,5141.0000,-47.2700,Zone 1,bis 300 kg,2025_24200806,PRE
CH-49,4900,,60.0000,0.0000,100.7400,167.9000,54.2500,90.4167,-46.1500,Zone 2,bis 300 kg,2025_24201044,PRE
CH-83,8302,,2392.0000,0.0000,568.6100,23.7713,462.4800,19.3344,-18.6600,Zone 1,bis. 2.500 kg,2025_24201044,PRE
CH-62,6260,,166.0000,0.0000,133.2900,80.2952,82.6400,49.7831,-38.0000,Zone 3,bis 300 kg,2025_24201044,PRE
CH-90,9015,,42.0000,0.0000,102.4700,243.9762,55.7600,132.7619,-45.5800,Zone 3,bis 300 kg,2025_24201198,PRE
CH-49,4900,,5.0000,0.0000,110.0600,2201.2000,54.2500,1085.0000,-50.7100,Zone 2,bis 300 kg,2025_24201198,PRE
CH-83,8302,,236.0000,0.0000,161.7600,68.5424,107.4900,45.5466,-33.5500,Zone 1,bis 300 kg,2025_24201198,PRE
CH-83,8302,,21.0000,0.0000,106.5100,507.1905,51.4100,244.8095,-51.7300,Zone 1,bis 300 kg,2025_24201198,PRE
CH-90,9015,,12.0000,0.0000,111.9500,932.9167,55.7600,464.6667,-50.1900,Zone 3,bis 300 kg,2025_24201198,PRE
CH-49,4900,,15.0000,0.0000,100.7400,671.6000,54.2500,361.6667,-46.1500,Zone 2,bis 300 kg,2025_24201198,PRE
CH-83,8304,,400.0000,0.0000,178.1600,44.5400,121.8000,30.4500,-31.6300,Zone 1,bis 500 kg,2025_24201198,PRE
CH-12,1219,,23.0000,0.0000,121.5700,528.5652,72.4200,314.8696,-40.4300,Zone 8,bis 300 kg,2025_24201256,PRE
CH-49,4900,,64.0000,0.0000,100.7400,157.4062,54.2500,84.7656,-46.1500,Zone 2,bis 300 kg,2025_24201256,PRE
CH-94,9445,,75.0000,0.0000,104.3700,139.1600,57.4100,76.5467,-44.9900,Zone 4,bis 300 kg,2025_24201256,PRE
CH-36,3661,,21.0000,0.0000,107.6300,512.5238,60.2600,286.9524,-44.0100,Zone 5,bis 300 kg,2025_24201256,PRE
CH-83,8304,,77.0000,0.0000,97.4900,126.6104,51.4100,66.7662,-47.2700,Zone 1,bis 300 kg,2025_24201376,PRE
CH-12,1233,,10.0000,0.0000,121.5700,1215.7000,72.4200,724.2000,-40.4300,Zone 8,bis 300 kg,2025_24201376,PRE
CH-83,8302,,1514.0000,0.0000,429.8900,28.3943,341.4400,22.5522,-20.5800,Zone 1,bis 1.800 kg,2025_24201376,PRE
CH-94,9445,,136.0000,0.0000,140.7600,103.5000,89.1600,65.5588,-36.6600,Zone 4,bis 300 kg,2025_24201376,PRE
CH-80,8005,,5.0000,0.0000,97.4900,1949.8000,51.4100,1028.2000,-47.2700,Zone 1,bis 300 kg,2025_24201376,PRE
CH-62,6260,,131.0000,0.0000,133.2900,101.7481,82.6400,63.0840,-38.0000,Zone 3,bis 300 kg,2025_24201376,PRE
CH-89,8902,,58.0000,0.0000,100.7400,173.6897,54.2500,93.5345,-46.1500,Zone 2,bis 300 kg,2025_24201376,PRE
CH-57,5737,,165.0000,0.0000,128.1700,77.6788,78.1800,47.3818,-39.0000,Zone 2,bis 300 kg,2025_24201457,PRE
CH-62,6260,,306.0000,0.0000,204.7500,66.9118,145.0000,47.3856,-29.1800,Zone 3,bis 500 kg,2025_24201457,PRE
CH-90,9015,,106.0000,0.0000,133.2900,125.7453,82.6400,77.9623,-38.0000,Zone 3,bis 300 kg,2025_24201457,PRE
CH-49,4900,,22.0000,0.0000,100.7400,457.9091,54.2500,246.5909,-46.1500,Zone 2,bis 300 kg,2025_24201457,PRE
CH-83,8304,,87.0000,0.0000,97.4900,112.0575,51.4100,59.0920,-47.2700,Zone 1,bis 300 kg,2025_24201457,PRE
CH-89,8902,,220.0000,0.0000,172.9700,78.6227,117.2700,53.3045,-32.2000,Zone 2,bis 300 kg,2025_24201508,PRE
CH-94,9445,,73.0000,0.0000,104.3700,142.9726,57.4100,78.6438,-44.9900,Zone 4,bis 300 kg,2025_24201508,PRE
CH-83,8302,,28.0000,0.0000,97.4900,348.1786,51.4100,183.6071,-47.2700,Zone 1,bis 300 kg,2025_24201508,PRE
CH-54,5436,,104.0000,0.0000,128.1700,123.2404,78.1800,75.1731,-39.0000,Zone 2,bis 300 kg,2025_24201508,PRE
CH-83,8304,,321.0000,0.0000,178.1600,55.5016,121.8000,37.9439,-31.6300,Zone 1,bis 500 kg,2025_24201508,PRE
CH-94,9445,,78.0000,0.0000,104.3700,133.8077,57.4100,73.6026,-44.9900,Zone 4,bis 300 kg,2025_24201508,PRE
CH-89,8902,,42.0000,0.0000,100.7400,239.8571,54.2500,129.1667,-46.1500,Zone 2,bis 300 kg,2025_24201508,PRE
CH-90,9015,,57.0000,0.0000,102.6900,180.1579,55.7600,97.8246,-45.7000,Zone 3,bis 300 kg,2025_24201636,PRE
CH-94,9445,,778.0000,0.0000,349.8700,44.9704,271.7600,34.9306,-22.3300,Zone 4,bis 800 kg,2025_24201636,PRE
CH-90,9015,,65.0000,0.0000,102.6900,157.9846,55.7600,85.7846,-45.7000,Zone 3,bis 300 kg,2025_24201636,PRE
CH-62,6260,,19.0000,0.0000,102.6900,540.4737,55.7600,293.4737,-45.7000,Zone 3,bis 300 kg,2025_24201636,PRE
CH-62,6260,,418.0000,0.0000,246.3000,58.9234,181.2500,43.3612,-26.4100,Zone 3,bis 500 kg,2025_24201636,PRE
CH-66,6600,,71.0000,0.0000,151.1300,212.8592,72.4200,102.0000,-52.0800,Zone 8,bis 300 kg,2025_24201636,PRE
CH-83,8302,,124.0000,0.0000,120.8900,97.4919,71.6600,57.7903,-40.7200,Zone 1,bis 300 kg,2025_24201636,PRE
CH-46,4600,,30.0000,0.0000,100.9700,336.5667,54.2500,180.8333,-46.2700,Zone 2,bis 300 kg,2025_24201636,PRE
CH-62,6280,,25.0000,0.0000,102.6900,410.7600,55.7600,223.0400,-45.7000,Zone 3,bis 300 kg,2025_24201729,PRE
CH-83,8302,,145.0000,0.0000,120.8900,83.3724,71.6600,49.4207,-40.7200,Zone 1,bis 300 kg,2025_24201729,PRE
CH-90,9015,,47.0000,0.0000,102.6900,218.4894,55.7600,118.6383,-45.7000,Zone 3,bis 300 kg,2025_24201801,PRE
CH-89,8902,,532.0000,0.0000,239.1000,44.9436,174.9600,32.8872,-26.8300,Zone 2,bis 800 kg,2025_24201801,PRE
CH-49,4900,,62.0000,0.0000,100.9700,162.8548,54.2500,87.5000,-46.2700,Zone 2,bis 300 kg,2025_24201801,PRE
CH-94,9445,,226.0000,0.0000,191.9300,84.9248,133.7400,59.1770,-30.3200,Zone 4,bis 300 kg,2025_24201801,PRE
CH-90,9015,,107.0000,0.0000,133.4500,124.7196,82.6400,77.2336,-38.0700,Zone 3,bis 300 kg,2025_24201866,PRE
CH-94,9445,,55.0000,0.0000,104.5800,190.1455,57.4100,104.3818,-45.1000,Zone 4,bis 300 kg,2025_24201866,PRE
CH-83,8304,,66.0000,0.0000,97.7100,148.0455,51.4100,77.8939,-47.3900,Zone 1,bis 300 kg,2025_24201866,PRE
CH-54,5436,,5.0000,0.0000,100.9700,2019.4000,54.2500,1085.0000,-46.2700,Zone 2,bis 300 kg,2025_24201866,PRE
CH-32,3254,,23.0000,0.0000,104.5800,454.6957,57.4100,249.6087,-45.1000,Zone 4,bis 300 kg,2025_24201866,PRE
CH-82,8207,,106.0000,0.0000,128.3500,121.0849,78.1800,73.7547,-39.0900,Zone 2,bis 300 kg,2025_24201866,PRE
CH-62,6260,,43.0000,0.0000,102.6900,238.8140,55.7600,129.6744,-45.7000,Zone 3,bis 300 kg,2025_24201911,PRE
CH-62,6260,,147.0000,0.0000,133.4500,90.7823,82.6400,56.2177,-38.0700,Zone 3,bis 300 kg,2025_24201997,PRE
CH-83,8304,,520.0000,0.0000,220.2100,42.3481,158.4600,30.4731,-28.0400,Zone 1,bis 800 kg,2025_24201997,PRE
CH-83,8302,,94.0000,0.0000,97.7100,103.9468,51.4100,54.6915,-47.3900,Zone 1,bis 300 kg,2025_24202083,PRE
CH-90,9015,,61.0000,0.0000,102.6900,168.3443,55.7600,91.4098,-45.7000,Zone 3,bis 300 kg,2025_24202083,PRE
CH-90,9015,,10.0000,0.0000,112.9500,1129.5000,55.7600,557.6000,-50.6300,Zone 3,bis 300 kg,2025_24202083,PRE
CH-94,9445,,891.0000,0.0000,383.9100,43.0875,301.5000,33.8384,-21.4700,Zone 4,bis 1.000 kg,2025_24202149,PRE
CH-62,6260,,71.0000,0.0000,102.6900,144.6338,55.7600,78.5352,-45.7000,Zone 3,bis 300 kg,2025_24202149,PRE
CH-90,9015,,166.0000,0.0000,133.4500,80.3916,82.6400,49.7831,-38.0700,Zone 3,bis 300 kg,2025_24202149,PRE
CH-83,8304,,26.0000,0.0000,97.7100,375.8077,51.4100,197.7308,-47.3900,Zone 1,bis 300 kg,2025_24202149,PRE
CH-94,9445,,67.0000,0.0000,104.5800,156.0896,57.4100,85.6866,-45.1000,Zone 4,bis 300 kg,2025_24202231,PRE
CH-62,6260,,67.0000,0.0000,102.6900,153.2687,55.7600,83.2239,-45.7000,Zone 3,bis 300 kg,2025_24202470,PRE
CH-54,5436,,2.0000,0.0000,100.9700,5048.5000,54.2500,2712.5000,-46.2700,Zone 2,bis 300 kg,2025_24202524,PRE
CH-90,9015,,2.0000,0.0000,112.9500,5647.5000,55.7600,2788.0000,-50.6300,Zone 3,bis 300 kg,2025_24202524,PRE
CH-62,6260,,640.0000,0.0000,287.3600,44.9000,217.1400,33.9281,-24.4400,Zone 3,bis 800 kg,2025_24202524,PRE
CH-94,9445,,21.0000,0.0000,104.5800,498.0000,57.4100,273.3810,-45.1000,Zone 4,bis 300 kg,2025_24202524,PRE
CH-54,5436,,466.0000,0.0000,232.6800,49.9313,169.3500,36.3412,-27.2200,Zone 2,bis 500 kg,2025_24202524,PRE
CH-18,1853,,78.0000,0.0000,121.7500,156.0897,72.4200,92.8462,-40.5200,Zone 8,bis 300 kg,2025_24202524,PRE
CH-83,8304,,705.0000,0.0000,280.6600,39.8099,211.2800,29.9688,-24.7200,Zone 1,bis 800 kg,2025_24202524,PRE
CH-94,9445,,50.0000,0.0000,104.5800,209.1600,57.4100,114.8200,-45.1000,Zone 4,bis 300 kg,2025_24202524,PRE
CH-32,3202,,12.0000,0.0000,104.5800,871.5000,57.4100,478.4167,-45.1000,Zone 4,bis 300 kg,2025_24202524,PRE
CH-90,9015,,50.0000,0.0000,102.6900,205.3800,55.7600,111.5200,-45.7000,Zone 3,bis 300 kg,2025_24202524,PRE
CH-89,8902,,296.0000,0.0000,173.0800,58.4730,117.2700,39.6182,-32.2500,Zone 2,bis 300 kg,2025_24202595,PRE
CH-83,8302,,49.0000,0.0000,97.7100,199.4082,51.4100,104.9184,-47.3900,Zone 1,bis 300 kg,2025_24202595,PRE
CH-49,4900,,34.0000,0.0000,100.9700,296.9706,54.2500,159.5588,-46.2700,Zone 2,bis 300 kg,2025_24202595,PRE
CH-62,6260,,97.0000,0.0000,102.6900,105.8660,55.7600,57.4845,-45.7000,Zone 3,bis 300 kg,2025_24202600,PRE
CH-54,5436,,25.0000,0.0000,100.9700,403.8800,54.2500,217.0000,-46.2700,Zone 2,bis 300 kg,2025_24202595,PRE
CH-62,6260,,200.0000,0.0000,133.4500,66.7250,82.6400,41.3200,-38.0700,Zone 3,bis 300 kg,2025_24202656,PRE
CH-90,9015,,83.0000,0.0000,102.6900,123.7229,55.7600,67.1807,-45.7000,Zone 3,bis 300 kg,2025_24202656,PRE
CH-62,6260,,68.0000,0.0000,102.6900,151.0147,55.7600,82.0000,-45.7000,Zone 3,bis 300 kg,2025_24202761,PRE
CH-83,8302,,3.0000,0.0000,97.7100,3257.0000,51.4100,1713.6667,-47.3900,Zone 1,bis 300 kg,2025_24202829,PRE
CH-94,9435,,9.0000,0.0000,115.0300,1278.1111,57.4100,637.8889,-50.0900,Zone 4,bis 300 kg,2025_24202829,PRE
CH-94,9435,,43.0000,0.0000,104.5800,243.2093,57.4100,133.5116,-45.1000,Zone 4,bis 300 kg,2025_24202829,PRE
CH-83,8302,,1581.0000,0.0000,472.5200,29.8874,341.4400,21.5965,-27.7400,Zone 1,bis 1.800 kg,2025_24202829,PRE
CH-94,9445,,59.0000,0.0000,104.5800,177.2542,57.4100,97.3051,-45.1000,Zone 4,bis 300 kg,2025_24202829,PRE
CH-49,4900,,84.0000,0.0000,100.9700,120.2024,54.2500,64.5833,-46.2700,Zone 2,bis 300 kg,2025_24202885,PRE
CH-94,9445,,117.0000,0.0000,140.9100,120.4359,89.1600,76.2051,-36.7300,Zone 4,bis 300 kg,2025_24202885,PRE
CH-83,8304,,171.0000,0.0000,120.8900,70.6959,71.6600,41.9064,-40.7200,Zone 1,bis 300 kg,2025_24202885,PRE
CH-46,4600,,52.0000,0.0000,100.9700,194.1731,54.2500,104.3269,-46.2700,Zone 2,bis 300 kg,2025_24202885,PRE
CH-57,5737,,315.0000,0.0000,193.9100,61.5587,135.4800,43.0095,-30.1300,Zone 2,bis 500 kg,2025_24202938,PRE
CH-62,6260,,252.0000,0.0000,180.7400,71.7222,123.9600,49.1905,-31.4200,Zone 3,bis 300 kg,2025_24202938,PRE
CH-83,8304,,89.0000,0.0000,97.7100,109.7865,51.4100,57.7640,-47.3900,Zone 1,bis 300 kg,2025_24203019,PRE
CH-90,9015,,66.0000,0.0000,102.6900,155.5909,55.7600,84.4848,-45.7000,Zone 3,bis 300 kg,2025_24203019,PRE
CH-89,8902,,18.0000,0.0000,101.0900,561.6111,54.2500,301.3889,-46.3300,Zone 2,bis 300 kg,2025_24203085,PRE
CH-83,8302,,71.0000,0.0000,97.8500,137.8169,51.4100,72.4085,-47.4600,Zone 1,bis 300 kg,2025_24203153,PRE
CH-83,8304,,50.0000,0.0000,97.8500,195.7000,51.4100,102.8200,-47.4600,Zone 1,bis 300 kg,2025_24203153,PRE
CH-89,8964,,12.0000,0.0000,101.0900,842.4167,54.2500,452.0833,-46.3300,Zone 2,bis 300 kg,2025_24203153,PRE
CH-94,9445,,433.0000,0.0000,266.0800,61.4503,198.8000,45.9122,-25.2900,Zone 4,bis 500 kg,2025_24203153,PRE
CH-46,4600,,32.0000,0.0000,101.0900,315.9062,54.2500,169.5312,-46.3300,Zone 2,bis 300 kg,2025_24203153,PRE
CH-54,5436,,7.0000,0.0000,101.0900,1444.1429,54.2500,775.0000,-46.3300,Zone 2,bis 300 kg,2025_24203153,PRE
CH-62,6260,,155.0000,0.0000,132.5300,85.5032,82.6400,53.3161,-37.6400,Zone 3,bis 300 kg,2025_24203153,PRE
CH-83,8302,,1608.0000,0.0000,453.2400,28.1866,362.7800,22.5609,-19.9600,Zone 1,bis 1.800 kg,2025_24203231,PRE
CH-94,9445,,320.0000,0.0000,220.6900,68.9656,159.0400,49.7000,-27.9400,Zone 4,bis 500 kg,2025_24203231,PRE
CH-62,6260,,14.0000,0.0000,102.8100,734.3571,55.7600,398.2857,-45.7600,Zone 3,bis 300 kg,2025_24203231,PRE
CH-90,9015,,24.0000,0.0000,102.8100,428.3750,55.7600,232.3333,-45.7600,Zone 3,bis 300 kg,2025_24203231,PRE
CH-12,1227,,22.0000,0.0000,121.8300,553.7727,72.4200,329.1818,-40.5600,Zone 8,bis 300 kg,2025_24203231,PRE
CH-49,4900,,10.0000,0.0000,101.0900,1010.9000,54.2500,542.5000,-46.3300,Zone 2,bis 300 kg,2025_24203231,PRE
CH-46,4600,,8.0000,0.0000,101.0900,1263.6250,54.2500,678.1250,-46.3300,Zone 2,bis 300 kg,2025_24203231,PRE
CH-94,9445,,45.0000,0.0000,104.6900,232.6444,57.4100,127.5778,-45.1600,Zone 4,bis 300 kg,2025_24203282,PRE
CH-36,3661,,32.0000,0.0000,107.9500,337.3438,60.2600,188.3125,-44.1800,Zone 5,bis 300 kg,2025_24203282,PRE
CH-49,4900,,54.0000,0.0000,101.0900,187.2037,54.2500,100.4630,-46.3300,Zone 2,bis 300 kg,2025_24203282,PRE
CH-54,5436,,24.0000,0.0000,101.0900,421.2083,54.2500,226.0417,-46.3300,Zone 2,bis 300 kg,2025_24203377,PRE
CH-83,8304,,107.0000,0.0000,120.9500,113.0374,71.6600,66.9720,-40.7500,Zone 1,bis 300 kg,2025_24203377,PRE
CH-49,4900,,32.0000,0.0000,101.0900,315.9062,54.2500,169.5312,-46.3300,Zone 2,bis 300 kg,2025_24203377,PRE
CH-60,6020,,134.0000,0.0000,133.4900,99.6194,82.6400,61.6716,-38.0900,Zone 3,bis 300 kg,2025_24203377,PRE
CH-83,8302,,41.0000,0.0000,97.8500,238.6585,51.4100,125.3902,-47.4600,Zone 1,bis 300 kg,2025_24203377,PRE
CH-54,5436,,3.0000,0.0000,101.0900,3369.6667,54.2500,1808.3333,-46.3300,Zone 2,bis 300 kg,2025_24203377,PRE
CH-62,6260,,26.0000,0.0000,102.8100,395.4231,55.7600,214.4615,-45.7600,Zone 3,bis 300 kg,2025_24203377,PRE
CH-89,8902,,385.0000,0.0000,193.8000,50.3377,135.4800,35.1896,-30.0900,Zone 2,bis 500 kg,2025_24203377,PRE
CH-54,5436,,114.0000,0.0000,128.3900,112.6228,78.1800,68.5789,-39.1100,Zone 2,bis 300 kg,2025_24203449,PRE
CH-46,4600,,10.0000,0.0000,101.0900,1010.9000,54.2500,542.5000,-46.3300,Zone 2,bis 300 kg,2025_24203449,PRE
CH-49,4900,,60.0000,0.0000,101.0900,168.4833,54.2500,90.4167,-46.3300,Zone 2,bis 300 kg,2025_24203449,PRE
CH-62,6260,,65.0000,0.0000,102.8100,158.1692,55.7600,85.7846,-45.7600,Zone 3,bis 300 kg,2025_24203449,PRE
CH-83,8302,,51.0000,0.0000,97.8500,191.8627,51.4100,100.8039,-47.4600,Zone 1,bis 300 kg,2025_24203449,PRE
CH-49,4900,,150.0000,0.0000,128.3900,85.5933,78.1800,52.1200,-39.1100,Zone 2,bis 300 kg,2025_24203594,PRE
CH-54,5436,,49.0000,0.0000,101.0900,206.3061,54.2500,110.7143,-46.3300,Zone 2,bis 300 kg,2025_24203594,PRE
CH-89,8902,,380.0000,0.0000,193.8000,51.0000,135.4800,35.6526,-30.0900,Zone 2,bis 500 kg,2025_24203594,PRE
CH-12,1201,,17.0000,0.0000,121.8300,716.6471,72.4200,426.0000,-40.5600,Zone 8,bis 300 kg,2025_24203594,PRE
CH-83,8304,,885.0000,0.0000,303.5700,34.3017,231.6600,26.1763,-23.6900,Zone 1,bis 1.000 kg,2025_24203594,PRE
CH-90,9015,,28.0000,0.0000,102.8100,367.1786,55.7600,199.1429,-45.7600,Zone 3,bis 300 kg,2025_24203594,PRE
CH-19,1950,,5.0000,0.0000,151.1200,3022.4000,98.0900,1961.8000,-35.0900,Zone 9,bis 300 kg,2025_24203594,PRE
CH-89,8964,,12.0000,0.0000,101.0900,842.4167,54.2500,452.0833,-46.3300,Zone 2,bis 300 kg,2025_24203594,PRE
CH-94,9445,,68.0000,0.0000,104.6900,153.9559,57.4100,84.4265,-45.1600,Zone 4,bis 300 kg,2025_24203594,PRE
CH-41,4132,,13.0000,0.0000,97.8500,752.6923,51.4100,395.4615,-47.4600,Zone 1,bis 300 kg,2025_24203594,PRE
CH-94,9445,,93.0000,0.0000,104.6900,112.5699,57.4100,61.7312,-45.1600,Zone 4,bis 300 kg,2025_24203594,PRE
CH-90,9050,,3.0000,0.0000,102.8100,3427.0000,55.7600,1858.6667,-45.7600,Zone 3,bis 300 kg,2025_24203594,PRE
CH-90,9015,,28.0000,0.0000,102.8100,367.1786,55.7600,199.1429,-45.7600,Zone 3,bis 300 kg,2025_24203703,PRE
CH-54,5436,,123.0000,0.0000,128.3900,104.3821,78.1800,63.5610,-39.1100,Zone 2,bis 300 kg,2025_24203703,PRE
CH-62,6260,,37.0000,0.0000,102.8100,277.8649,55.7600,150.7027,-45.7600,Zone 3,bis 300 kg,2025_24203786,PRE
CH-62,6260,,2.0000,0.0000,113.7400,5687.0000,55.7600,2788.0000,-50.9800,Zone 3,bis 300 kg,2025_24203786,PRE
CH-80,8005,,5.0000,0.0000,91.5400,1830.8000,51.4100,1028.2000,-43.8400,Zone 1,bis 300 kg,2025_24203786,PRE
CH-90,9015,,76.0000,0.0000,96.1900,126.5658,55.7600,73.3684,-42.0300,Zone 3,bis 300 kg,2025_24203786,PRE
CH-83,8304,,173.0000,0.0000,113.1600,65.4104,71.6600,41.4220,-36.6700,Zone 1,bis 300 kg,2025_24203786,PRE
CH-83,8302,,7.0000,0.0000,91.2800,1304.0000,51.4100,734.4286,-43.6800,Zone 1,bis 300 kg,2025_24203961,PRE
CH-45,4502,,8.0000,0.0000,94.3000,1178.7500,54.2500,678.1250,-42.4700,Zone 2,bis 300 kg,2025_24203961,PRE
CH-50,5074,,26.0000,0.0000,94.3000,362.6923,54.2500,208.6538,-42.4700,Zone 2,bis 300 kg,2025_24203961,PRE
CH-94,9445,,154.0000,0.0000,131.4100,85.3312,89.1600,57.8961,-32.1500,Zone 4,bis 300 kg,2025_24203961,PRE
CH-94,9463,,20.0000,0.0000,97.6600,488.3000,57.4100,287.0500,-41.2100,Zone 4,bis 300 kg,2025_24203961,PRE
CH-46,4600,,30.0000,0.0000,94.3000,314.3333,54.2500,180.8333,-42.4700,Zone 2,bis 300 kg,2025_24203961,PRE
CH-83,8302,,1.0000,0.0000,91.2800,9128.0000,51.4100,5141.0000,-43.6800,Zone 1,bis 300 kg,2025_24203961,PRE
CH-94,9445,,160.0000,0.0000,131.4100,82.1312,89.1600,55.7250,-32.1500,Zone 4,bis 300 kg,2025_24204043,PRE
CH-49,4900,,121.0000,0.0000,119.7300,98.9504,78.1800,64.6116,-34.7000,Zone 2,bis 300 kg,2025_24204131,PRE
CH-62,6260,,28.0000,0.0000,95.9000,342.5000,55.7600,199.1429,-41.8600,Zone 3,bis 300 kg,2025_24204131,PRE
CH-62,6260,,105.0000,0.0000,124.4800,118.5524,82.6400,78.7048,-33.6100,Zone 3,bis 300 kg,2025_24204131,PRE
CH-94,9445,,36.0000,0.0000,97.6500,271.2500,57.4100,159.4722,-41.2100,Zone 4,bis 300 kg,2025_24204131,PRE
CH-83,8304,,490.0000,0.0000,198.4600,40.5020,152.2500,31.0714,-23.2800,Zone 1,bis 500 kg,2025_24204131,PRE
CH-62,6260,,110.0000,0.0000,124.4700,113.1545,82.6400,75.1273,-33.6100,Zone 3,bis 300 kg,2025_24204185,PRE
CH-18,1806,,118.0000,0.0000,168.2400,142.5763,123.8200,104.9322,-26.4000,Zone 8,bis 300 kg,2025_24204272,PRE
CH-36,3661,,35.0000,0.0000,196.8500,562.4286,60.2600,172.1714,-69.3900,Zone 5,bis 300 kg,2025_24204272,PRE
CH-14,1470,,22.0000,0.0000,103.2700,469.4091,62.6900,284.9545,-39.3000,Zone 7,bis 300 kg,2025_24204272,PRE
CH-83,8302,,1574.0000,0.0000,399.5400,25.3837,341.4400,21.6925,-14.5400,Zone 1,bis 1.800 kg,2025_24204272,PRE
CH-62,6260,,66.0000,0.0000,95.9100,145.3182,55.7600,84.4848,-41.8600,Zone 3,bis 300 kg,2025_24204272,PRE
CH-28,2852,,248.0000,0.0000,191.4200,77.1855,117.2700,47.2863,-38.7400,Zone 2,bis 300 kg,2025_24204335,PRE
CH-83,8304,,49.0000,0.0000,91.2900,186.3061,51.4100,104.9184,-43.6800,Zone 1,bis 300 kg,2025_24204335,PRE
CH-94,9445,,1306.0000,0.0000,455.8100,34.9012,394.3800,30.1975,-13.4800,Zone 4,bis 1.500 kg,2025_24204335,PRE
CH-62,6260,,105.0000,0.0000,124.4800,118.5524,82.6400,78.7048,-33.6100,Zone 3,bis 300 kg,2025_24204411,PRE
CH-83,8302,,81.0000,0.0000,87.1800,107.6296,51.4100,63.4691,-41.0300,Zone 1,bis 300 kg,2025_24204555,PRE
CH-83,8304,,536.0000,0.0000,195.8400,36.5373,158.4600,29.5634,-19.0900,Zone 1,bis 800 kg,2025_24204555,PRE
CH-94,9445,,71.0000,0.0000,93.2700,131.3662,57.4100,80.8592,-38.4500,Zone 4,bis 300 kg,2025_24204555,PRE
CH-83,8304,,2.0000,0.0000,106.5400,5327.0000,51.4100,2570.5000,-51.7500,Zone 1,bis 300 kg,2025_24204555,PRE
CH-83,8304,,49.0000,0.0000,87.1800,177.9184,51.4100,104.9184,-41.0300,Zone 1,bis 300 kg,2025_24204628,PRE
CH-49,4900,,172.0000,0.0000,114.3500,66.4826,78.1800,45.4535,-31.6300,Zone 2,bis 300 kg,2025_24204628,PRE
CH-54,5436,,440.0000,0.0000,206.8900,47.0205,169.3500,38.4886,-18.1400,Zone 2,bis 500 kg,2025_24204628,PRE
CH-83,8302,,20.0000,0.0000,87.1800,435.9000,51.4100,257.0500,-41.0300,Zone 1,bis 300 kg,2025_24204685,PRE
CH-89,8902,,1149.0000,0.0000,325.8600,28.3603,286.5600,24.9399,-12.0600,Zone 2,bis 1.500 kg,2025_24204685,PRE
CH-54,5436,,2.0000,0.0000,90.0600,4503.0000,54.2500,2712.5000,-39.7600,Zone 2,bis 300 kg,2025_24204685,PRE
CH-54,5436,,9.0000,0.0000,90.0600,1000.6667,54.2500,602.7778,-39.7600,Zone 2,bis 300 kg,2025_24204685,PRE
CH-94,9445,,811.0000,0.0000,341.0200,42.0493,301.5000,37.1763,-11.5900,Zone 4,bis 1.000 kg,2025_24204685,PRE
CH-83,8304,,657.0000,0.0000,222.6400,33.8874,184.8700,28.1385,-16.9600,Zone 1,bis 800 kg,2025_24204685,PRE
CH-54,5436,,16.0000,0.0000,90.0600,562.8750,54.2500,339.0625,-39.7600,Zone 2,bis 300 kg,2025_24204685,PRE
CH-39,3930,,28.0000,0.0000,134.5600,,,,,,,2025_24204685,PRE
CH-62,6260,,516.0000,0.0000,223.9100,43.3934,186.1200,36.0698,-16.8800,Zone 3,bis 800 kg,2025_24204760,PRE
CH-94,9445,,81.0000,0.0000,93.2700,115.1481,57.4100,70.8765,-38.4500,Zone 4,bis 300 kg,2025_24204760,PRE
CH-83,8304,,49.0000,0.0000,87.1800,177.9184,51.4100,104.9184,-41.0300,Zone 1,bis 300 kg,2025_24204760,PRE
CH-49,4900,,51.0000,0.0000,90.0600,176.5882,54.2500,106.3725,-39.7600,Zone 2,bis 300 kg,2025_24204852,PRE
CH-90,9015,,24.0000,0.0000,91.6000,381.6667,55.7600,232.3333,-39.1300,Zone 3,bis 300 kg,2025_24204852,PRE
CH-89,8902,,303.0000,0.0000,172.5100,56.9340,135.4800,44.7129,-21.4700,Zone 2,bis 500 kg,2025_24204852,PRE
CH-83,8302,,127.0000,0.0000,194.9100,153.4724,71.6600,56.4252,-63.2300,Zone 1,bis 300 kg,2025_24204916,PRE
CH-49,4900,,139.0000,0.0000,114.3500,82.2662,78.1800,56.2446,-31.6300,Zone 2,bis 300 kg,2025_24204916,PRE
CH-83,8304,,128.0000,0.0000,107.7300,84.1641,71.6600,55.9844,-33.4800,Zone 1,bis 300 kg,2025_24204916,PRE
CH-94,9445,,25.0000,0.0000,93.2700,373.0800,57.4100,229.6400,-38.4500,Zone 4,bis 300 kg,2025_24204916,PRE
CH-62,6260,,162.0000,0.0000,118.8800,73.3827,82.6400,51.0123,-30.4800,Zone 3,bis 300 kg,2025_24204916,PRE
CH-62,6260,,599.0000,0.0000,223.9100,37.3806,186.1200,31.0718,-16.8800,Zone 3,bis 800 kg,2025_24204998,PRE
CH-94,9445,,33.0000,0.0000,93.2700,282.6364,57.4100,173.9697,-38.4500,Zone 4,bis 300 kg,2025_24204993,PRE
CH-62,6260,,13.0000,0.0000,91.6000,704.6154,55.7600,428.9231,-39.1300,Zone 3,bis 300 kg,2025_24204993,PRE
CH-49,4900,,143.0000,0.0000,114.3500,79.9650,78.1800,54.6713,-31.6300,Zone 2,bis 300 kg,2025_24204993,PRE
CH-83,8304,,188.0000,0.0000,107.7300,57.3032,71.6600,38.1170,-33.4800,Zone 1,bis 300 kg,2025_24204993,PRE
CH-90,9015,,18.0000,0.0000,91.6000,508.8889,55.7600,309.7778,-39.1300,Zone 3,bis 300 kg,2025_24204993,PRE
CH-54,5436,,1363.0000,0.0000,374.3300,27.4637,334.3200,24.5282,-10.6900,Zone 2,bis 1.500 kg,2025_24205054,PRE
CH-83,8304,,51.0000,0.0000,87.1800,170.9412,51.4100,100.8039,-41.0300,Zone 1,bis 300 kg,2025_24205054,PRE
CH-90,9015,,50.0000,0.0000,91.6000,183.2000,55.7600,111.5200,-39.1300,Zone 3,bis 300 kg,2025_24205054,PRE
CH-89,8902,,175.0000,0.0000,114.3500,65.3429,78.1800,44.6743,-31.6300,Zone 2,bis 300 kg,2025_24205054,PRE
CH-66,6600,,27.0000,0.0000,134.5600,498.3704,72.4200,268.2222,-46.1800,Zone 8,bis 300 kg,2025_24205054,PRE
CH-49,4900,,88.0000,0.0000,90.0600,102.3409,54.2500,61.6477,-39.7600,Zone 2,bis 300 kg,2025_24205157,PRE
CH-62,6260,,30.0000,0.0000,91.6000,305.3333,55.7600,185.8667,-39.1300,Zone 3,bis 300 kg,2025_24205247,PRE
CH-83,8302,,9.0000,0.0000,87.1800,968.6667,51.4100,571.2222,-41.0300,Zone 1,bis 300 kg,2025_24205247,PRE
CH-83,8304,,28.0000,0.0000,87.1800,311.3571,51.4100,183.6071,-41.0300,Zone 1,bis 300 kg,2025_24205247,PRE
CH-62,6260,,165.0000,0.0000,118.8800,72.0485,82.6400,50.0848,-30.4800,Zone 3,bis 300 kg,2025_24205247,PRE
CH-94,9445,,49.0000,0.0000,103.6200,211.4694,57.4100,117.1633,-44.6000,Zone 4,bis 300 kg,2025_24205388,PRE
CH-62,6260,,212.0000,0.0000,178.6700,84.2783,123.9600,58.4717,-30.6200,Zone 3,bis 300 kg,2025_24205388,PRE
CH-83,8304,,34.0000,0.0000,96.8600,284.8824,51.4100,151.2059,-46.9200,Zone 1,bis 300 kg,2025_24205388,PRE
CH-89,8902,,659.0000,0.0000,269.0600,40.8285,204.1200,30.9742,-24.1400,Zone 2,bis 800 kg,2025_24205388,PRE
CH-92,9200,,6.0000,0.0000,100.0600,1667.6667,54.2500,904.1667,-45.7800,Zone 2,bis 300 kg,2025_24205388,PRE
CH-57,5737,,382.0000,0.0000,191.6600,50.1728,135.4800,35.4660,-29.3100,Zone 2,bis 500 kg,2025_24205518,PRE
CH-36,3661,,3.0000,0.0000,117.5000,3916.6667,60.2600,2008.6667,-48.7100,Zone 5,bis 300 kg,2025_24205518,PRE
CH-17,1701,,50.0000,0.0000,192.4400,384.8800,60.2600,120.5200,-68.6900,Zone 5,bis 300 kg,2025_24205518,PRE
CH-36,3661,,1.0000,0.0000,106.8300,10683.0000,60.2600,6026.0000,-43.5900,Zone 5,bis 300 kg,2025_24205518,PRE
CH-17,1701,,191.0000,0.0000,,,96.4000,,,Zone 5,bis 300 kg,2025_24205518,PRE
CH-62,6260,,352.0000,0.0000,202.4000,57.5000,145.0000,41.1932,-28.3600,Zone 3,bis 500 kg,2025_24205518,PRE
CH-36,3661,,14.0000,0.0000,106.8300,763.0714,60.2600,430.4286,-43.5900,Zone 5,bis 300 kg,2025_24205518,PRE
CH-94,9445,,101.0000,0.0000,139.4300,138.0495,89.1600,88.2772,-36.0500,Zone 4,bis 300 kg,2025_24205518,PRE
CH-62,6260,,68.0000,0.0000,101.7700,149.6618,55.7600,82.0000,-45.2100,Zone 3,bis 300 kg,2025_24205599,PRE
CH-49,4900,,140.0000,0.0000,127.0400,90.7429,78.1800,55.8429,-38.4600,Zone 2,bis 300 kg,2025_24205599,PRE
CH-49,4900,,178.0000,0.0000,127.0400,71.3708,78.1800,43.9213,-38.4600,Zone 2,bis 300 kg,2025_24205669,PRE
CH-94,9445,,123.0000,0.0000,139.4300,113.3577,89.1600,72.4878,-36.0500,Zone 4,bis 300 kg,2025_24205669,PRE
CH-62,6260,,177.0000,0.0000,132.0800,74.6215,82.6400,46.6893,-37.4300,Zone 3,bis 300 kg,2025_24205669,PRE
CH-90,9015,,50.0000,0.0000,101.7700,203.5400,55.7600,111.5200,-45.2100,Zone 3,bis 300 kg,2025_24205669,PRE
CH-36,3661,,76.0000,0.0000,106.8300,140.5658,60.2600,79.2895,-43.5900,Zone 5,bis 300 kg,2025_24205669,PRE
CH-36,3661,,3.0000,0.0000,106.8300,3561.0000,60.2600,2008.6667,-43.5900,Zone 5,bis 300 kg,2025_24205669,PRE
CH-83,8304,,51.0000,0.0000,96.8600,189.9216,51.4100,100.8039,-46.9200,Zone 1,bis 300 kg,2025_24205669,PRE
CH-83,8302,,20.0000,0.0000,106.5400,532.7000,51.4100,257.0500,-51.7500,Zone 1,bis 300 kg,2025_24205757,PRE
CH-62,6260,,103.0000,0.0000,132.0800,128.2330,82.6400,80.2330,-37.4300,Zone 3,bis 300 kg,2025_24205757,PRE
CH-83,8302,,9.0000,0.0000,96.8600,1076.2222,51.4100,571.2222,-46.9200,Zone 1,bis 300 kg,2025_24205832,PRE
CH-62,6260,,383.0000,0.0000,202.4000,52.8460,145.0000,37.8590,-28.3600,Zone 3,bis 500 kg,2025_24205832,PRE
CH-54,5436,,124.0000,0.0000,127.0400,102.4516,78.1800,63.0484,-38.4600,Zone 2,bis 300 kg,2025_24205832,PRE
CH-49,4900,,87.0000,0.0000,100.0600,115.0115,54.2500,62.3563,-45.7800,Zone 2,bis 300 kg,2025_24205929,PRE
CH-42,4222,,273.0000,0.0000,160.1000,58.6447,107.4900,39.3736,-32.8600,Zone 1,bis 300 kg,2025_24205929,PRE
CH-94,9445,,71.0000,0.0000,103.6200,145.9437,57.4100,80.8592,-44.6000,Zone 4,bis 300 kg,2025_24205929,PRE
CH-62,6260,,228.0000,0.0000,178.6700,78.3640,123.9600,54.3684,-30.6200,Zone 3,bis 300 kg,2025_24205995,PRE
CH-83,8302,,99.0000,0.0000,96.8600,97.8384,51.4100,51.9293,-46.9200,Zone 1,bis 300 kg,2025_24206063,PRE
CH-83,8304,,132.0000,0.0000,119.6900,90.6742,71.6600,54.2879,-40.1300,Zone 1,bis 300 kg,2025_24206063,PRE
CH-83,8304,,423.0000,0.0000,210.5700,49.7801,152.2500,35.9929,-27.7000,Zone 1,bis 500 kg,2025_24206063,PRE
CH-62,6260,,4.0000,0.0000,111.9400,2798.5000,55.7600,1394.0000,-50.1900,Zone 3,bis 300 kg,2025_24206127,PRE
CH-49,4900,,128.0000,0.0000,127.0400,99.2500,78.1800,61.0781,-38.4600,Zone 2,bis 300 kg,2025_24206172,PRE
CH-62,6260,,390.0000,0.0000,202.4000,51.8974,145.0000,37.1795,-28.3600,Zone 3,bis 500 kg,2025_24206172,PRE
CH-62,6260,,247.0000,0.0000,270.2700,109.4211,123.9600,50.1862,-54.1300,Zone 3,bis 300 kg,2025_24206172,PRE
CH-83,8302,,107.0000,0.0000,119.6900,111.8598,71.6600,66.9720,-40.1300,Zone 1,bis 300 kg,2025_24206172,PRE
CH-89,8902,,38.0000,0.0000,100.7800,265.2105,54.2500,142.7632,-46.1700,Zone 2,bis 300 kg,2025_24206241,PRE
CH-90,9015,,139.0000,0.0000,133.0300,95.7050,82.6400,59.4532,-37.8800,Zone 3,bis 300 kg,2025_24206241,PRE
CH-49,4900,,25.0000,0.0000,100.7800,403.1200,54.2500,217.0000,-46.1700,Zone 2,bis 300 kg,2025_24206241,PRE
CH-62,6260,,128.0000,0.0000,133.0300,103.9297,82.6400,64.5625,-37.8800,Zone 3,bis 300 kg,2025_24206333,PRE
CH-94,9445,,297.0000,0.0000,191.0700,64.3333,133.7400,45.0303,-30.0000,Zone 4,bis 300 kg,2025_24206333,PRE
CH-83,8302,,41.0000,0.0000,97.5500,237.9268,51.4100,125.3902,-47.3000,Zone 1,bis 300 kg,2025_24206333,PRE
CH-49,4900,,58.0000,0.0000,100.7800,173.7586,54.2500,93.5345,-46.1700,Zone 2,bis 300 kg,2025_24206333,PRE
CH-54,5436,,25.0000,0.0000,100.7800,403.1200,54.2500,217.0000,-46.1700,Zone 2,bis 300 kg,2025_24206476,PRE
CH-83,8304,,484.0000,0.0000,212.0800,43.8182,152.2500,31.4566,-28.2100,Zone 1,bis 500 kg,2025_24206476,PRE
CH-62,6260,,613.0000,0.0000,285.7900,46.6215,217.1400,35.4225,-24.0200,Zone 3,bis 800 kg,2025_24206519,PRE
CH-83,8304,,137.0000,0.0000,120.5500,87.9927,71.6600,52.3066,-40.5600,Zone 1,bis 300 kg,2025_24206554,PRE
CH-62,6260,,289.0000,0.0000,179.9600,62.2699,123.9600,42.8927,-31.1200,Zone 3,bis 300 kg,2025_24206554,PRE
CH-46,4600,,82.0000,0.0000,100.7800,122.9024,54.2500,66.1585,-46.1700,Zone 2,bis 300 kg,2025_24206554,PRE
CH-50,5033,,9.0000,0.0000,100.7800,1119.7778,54.2500,602.7778,-46.1700,Zone 2,bis 300 kg,2025_24206554,PRE
CH-57,5737,,187.0000,0.0000,127.9600,68.4278,78.1800,41.8075,-38.9000,Zone 2,bis 300 kg,2025_24206586,PRE
CH-89,8902,,25.0000,0.0000,100.7800,403.1200,54.2500,217.0000,-46.1700,Zone 2,bis 300 kg,2025_24206607,PRE
CH-62,6260,,5.0000,0.0000,102.5000,2050.0000,55.7600,1115.2000,-45.6000,Zone 3,bis 300 kg,2025_24206703,PRE
CH-54,5436,,9.0000,0.0000,190.8400,2120.4444,54.2500,602.7778,-71.5700,Zone 2,bis 300 kg,2025_24206703,PRE
CH-49,4900,,45.0000,0.0000,100.7800,223.9556,54.2500,120.5556,-46.1700,Zone 2,bis 300 kg,2025_24206703,PRE
CH-94,9445,,50.0000,0.0000,104.3700,208.7400,57.4100,114.8200,-44.9900,Zone 4,bis 300 kg,2025_24206703,PRE
CH-83,8302,,313.0000,0.0000,177.5100,56.7125,121.8000,38.9137,-31.3800,Zone 1,bis 500 kg,2025_24206703,PRE
CH-62,6260,,11.0000,0.0000,113.4000,1030.9091,55.7600,506.9091,-50.8300,Zone 3,bis 300 kg,2025_24206703,PRE
CH-62,6260,,312.0000,0.0000,203.8600,65.3397,145.0000,46.4744,-28.8700,Zone 3,bis 500 kg,2025_24206813,PRE
CH-94,9445,,334.0000,0.0000,219.8100,65.8114,159.0400,47.6168,-27.6500,Zone 4,bis 500 kg,2025_24206849,PRE
CH-89,8902,,52.0000,0.0000,100.7800,193.8077,54.2500,104.3269,-46.1700,Zone 2,bis 300 kg,2025_24206907,PRE
CH-31,3123,,36.0000,0.0000,104.3700,289.9167,57.4100,159.4722,-44.9900,Zone 4,bis 300 kg,2025_24206907,PRE
CH-83,8304,,23.0000,0.0000,97.5500,424.1304,51.4100,223.5217,-47.3000,Zone 1,bis 300 kg,2025_24206907,PRE
CH-62,6260,,18.0000,0.0000,102.5000,569.4444,55.7600,309.7778,-45.6000,Zone 3,bis 300 kg,2025_24206907,PRE
CH-83,8302,,82.0000,0.0000,97.5500,118.9634,51.4100,62.6951,-47.3000,Zone 1,bis 300 kg,2025_24206907,PRE
CH-91,9116,,6.0000,0.0000,102.5000,1708.3333,55.7600,929.3333,-45.6000,Zone 3,bis 300 kg,2025_24206907,PRE
CH-62,6260,,86.0000,0.0000,102.5000,119.1860,55.7600,64.8372,-45.6000,Zone 3,bis 300 kg,2025_24206956,PRE
CH-83,8304,,85.0000,0.0000,97.5500,114.7647,51.4100,60.4824,-47.3000,Zone 1,bis 300 kg,2025_24206956,PRE
CH-94,9445,,21.0000,0.0000,104.3700,497.0000,57.4100,273.3810,-44.9900,Zone 4,bis 300 kg,2025_24206956,PRE
CH-83,8302,,115.0000,0.0000,120.5500,104.8261,71.6600,62.3130,-40.5600,Zone 1,bis 300 kg,2025_24206956,PRE
CH-14,1470,,101.0000,0.0000,158.4300,156.8614,105.0000,103.9604,-33.7200,Zone 7,bis 300 kg,2025_24206956,PRE
CH-62,6260,,480.0000,0.0000,245.0300,51.0479,181.2500,37.7604,-26.0300,Zone 3,bis 500 kg,2025_24206992,PRE
CH-89,8902,,13.0000,0.0000,100.7800,775.2308,54.2500,417.3077,-46.1700,Zone 2,bis 300 kg,2025_24206992,PRE
CH-83,8304,,713.0000,0.0000,279.1300,39.1487,211.2800,29.6325,-24.3100,Zone 1,bis 800 kg,2025_24206992,PRE
CH-94,9445,,18.0000,0.0000,104.3700,579.8333,57.4100,318.9444,-44.9900,Zone 4,bis 300 kg,2025_24206992,PRE
CH-46,4600,,31.0000,0.0000,100.7800,325.0968,54.2500,175.0000,-46.1700,Zone 2,bis 300 kg,2025_24207052,PRE
CH-54,5436,,43.0000,0.0000,100.7800,234.3721,54.2500,126.1628,-46.1700,Zone 2,bis 300 kg,2025_24207052,PRE
CH-89,8964,,37.0000,0.0000,100.7800,272.3784,54.2500,146.6216,-46.1700,Zone 2,bis 300 kg,2025_24207097,PRE
CH-28,2802,,9.0000,0.0000,100.7800,1119.7778,54.2500,602.7778,-46.1700,Zone 2,bis 300 kg,2025_24207097,PRE
CH-83,8302,,125.0000,0.0000,120.5500,96.4400,71.6600,57.3280,-40.5600,Zone 1,bis 300 kg,2025_24207097,PRE
CH-83,8304,,80.0000,0.0000,97.5500,121.9375,51.4100,64.2625,-47.3000,Zone 1,bis 300 kg,2025_24207097,PRE
CH-90,9015,,82.0000,0.0000,102.5000,125.0000,55.7600,68.0000,-45.6000,Zone 3,bis 300 kg,2025_24207161,PRE
CH-36,3661,,5.0000,0.0000,107.6000,2152.0000,60.2600,1205.2000,-44.0000,Zone 5,bis 300 kg,2025_24207161,PRE
CH-54,5436,,23.0000,0.0000,100.7800,438.1739,54.2500,235.8696,-46.1700,Zone 2,bis 300 kg,2025_24207161,PRE
CH-36,3661,,11.0000,0.0000,107.6000,978.1818,60.2600,547.8182,-44.0000,Zone 5,bis 300 kg,2025_24207161,PRE
CH-62,6260,,81.0000,0.0000,102.3800,126.3951,55.7600,68.8395,-45.5400,Zone 3,bis 300 kg,2025_24207217,PRE
CH-40,4053,,17.0000,0.0000,97.4300,573.1176,51.4100,302.4118,-47.2300,Zone 1,bis 300 kg,2025_24207217,PRE
CH-83,8302,,87.0000,0.0000,84.5900,97.2299,51.4100,59.0920,-39.2200,Zone 1,bis 300 kg,2025_24207217,PRE
CH-83,8304,,202.0000,0.0000,161.2900,79.8465,107.4900,53.2129,-33.3600,Zone 1,bis 300 kg,2025_24207217,PRE
CH-83,8304,,367.0000,0.0000,177.5900,48.3896,121.8000,33.1880,-31.4200,Zone 1,bis 500 kg,2025_24207298,PRE
CH-62,6260,,104.0000,0.0000,133.0000,127.8846,82.6400,79.4615,-37.8600,Zone 3,bis 300 kg,2025_24207298,PRE
CH-89,8902,,5.0000,0.0000,100.6700,2013.4000,54.2500,1085.0000,-46.1100,Zone 2,bis 300 kg,2025_24207298,PRE
CH-49,4900,,144.0000,0.0000,127.9100,88.8264,78.1800,54.2917,-38.8800,Zone 2,bis 300 kg,2025_24207370,PRE
CH-83,8302,,22.0000,0.0000,97.4300,442.8636,51.4100,233.6818,-47.2300,Zone 1,bis 300 kg,2025_24207370,PRE
CH-35,3550,,37.0000,0.0000,104.2700,281.8108,57.4100,155.1622,-44.9400,Zone 4,bis 300 kg,2025_24207370,PRE
CH-62,6260,,406.0000,0.0000,245.2900,60.4163,181.2500,44.6429,-26.1100,Zone 3,bis 500 kg,2025_24207437,PRE
CH-94,9445,,45.0000,0.0000,104.2700,231.7111,57.4100,127.5778,-44.9400,Zone 4,bis 300 kg,2025_24207437,PRE
CH-94,9445,,22.0000,0.0000,104.2700,473.9545,57.4100,260.9545,-44.9400,Zone 4,bis 300 kg,2025_24207603,PRE
CH-83,8304,,26.0000,0.0000,97.4300,374.7308,51.4100,197.7308,-47.2300,Zone 1,bis 300 kg,2025_24207603,PRE
CH-90,9015,,13.0000,0.0000,102.3800,787.5385,55.7600,428.9231,-45.5400,Zone 3,bis 300 kg,2025_24207603,PRE
CH-49,4900,,35.0000,0.0000,100.6700,287.6286,54.2500,155.0000,-46.1100,Zone 2,bis 300 kg,2025_24207603,PRE
CH-90,9015,,3.0000,0.0000,102.3800,3412.6667,55.7600,1858.6667,-45.5400,Zone 3,bis 300 kg,2025_24207603,PRE
CH-62,6260,,26.0000,0.0000,102.3800,393.7692,55.7600,214.4615,-45.5400,Zone 3,bis 300 kg,2025_24207603,PRE
CH-89,8902,,27.0000,0.0000,100.6700,372.8519,54.2500,200.9259,-46.1100,Zone 2,bis 300 kg,2025_24207671,PRE
CH-94,9445,,29.0000,0.0000,104.2700,359.5517,57.4100,197.9655,-44.9400,Zone 4,bis 300 kg,2025_24207671,PRE
CH-83,8304,,42.0000,0.0000,97.4300,231.9762,51.4100,122.4048,-47.2300,Zone 1,bis 300 kg,2025_24207671,PRE
CH-84,8404,,47.0000,0.0000,97.4300,207.2979,51.4100,109.3830,-47.2300,Zone 1,bis 300 kg,2025_24207738,PRE
CH-54,5436,,125.0000,0.0000,127.9100,102.3280,78.1800,62.5440,-38.8800,Zone 2,bis 300 kg,2025_24207738,PRE
CH-83,8302,,1322.0000,0.0000,382.4500,28.9297,301.7000,22.8215,-21.1100,Zone 1,bis 1.500 kg,2025_24207738,PRE
CH-49,4900,,69.0000,0.0000,100.6700,145.8986,54.2500,78.6232,-46.1100,Zone 2,bis 300 kg,2025_24207738,PRE
CH-83,8304,,70.0000,0.0000,97.4300,139.1857,51.4100,73.4429,-47.2300,Zone 1,bis 300 kg,2025_24207801,PRE
CH-90,9015,,41.0000,0.0000,102.3800,249.7073,55.7600,136.0000,-45.5400,Zone 3,bis 300 kg,2025_24207801,PRE
CH-94,9445,,1317.0000,0.0000,488.0000,37.0539,394.3800,29.9453,-19.1800,Zone 4,bis 1.500 kg,2025_24207801,PRE
CH-94,9445,,42.0000,0.0000,104.2700,248.2619,57.4100,136.6905,-44.9400,Zone 4,bis 300 kg,2025_24207959,PRE
CH-83,8304,,348.0000,0.0000,177.5900,51.0316,121.8000,35.0000,-31.4200,Zone 1,bis 500 kg,2025_24207959,PRE
CH-83,8302,,8.0000,0.0000,97.4300,1217.8750,51.4100,642.6250,-47.2300,Zone 1,bis 300 kg,2025_24207959,PRE
CH-83,8302,,203.0000,0.0000,161.2900,79.4532,107.4900,52.9507,-33.3600,Zone 1,bis 300 kg,2025_24207959,PRE
CH-62,6260,,48.0000,0.0000,102.3800,213.2917,55.7600,116.1667,-45.5400,Zone 3,bis 300 kg,2025_24207959,PRE
CH-57,5737,,185.0000,0.0000,127.9100,69.1405,78.1800,42.2595,-38.8800,Zone 2,bis 300 kg,2025_24208113,PRE
CH-62,6260,,99.0000,0.0000,102.3800,103.4141,55.7600,56.3232,-45.5400,Zone 3,bis 300 kg,2025_24208177,PRE
CH-85,8590,,14.0000,0.0000,100.6700,719.0714,54.2500,387.5000,-46.1100,Zone 2,bis 300 kg,2025_24208258,PRE
CH-94,9445,,546.0000,0.0000,271.0000,49.6337,203.8200,37.3297,-24.7900,Zone 4,bis 800 kg,2025_24208258,PRE
CH-83,8304,,42.0000,0.0000,97.4300,231.9762,51.4100,122.4048,-47.2300,Zone 1,bis 300 kg,2025_24208258,PRE
CH-90,9015,,58.0000,0.0000,102.3800,176.5172,55.7600,96.1379,-45.5400,Zone 3,bis 300 kg,2025_24208258,PRE
CH-83,8302,,143.0000,0.0000,120.4900,84.2587,71.6600,50.1119,-40.5300,Zone 1,bis 300 kg,2025_24208258,PRE
CH-36,3612,,28.0000,0.0000,107.5100,383.9643,60.2600,215.2143,-43.9500,Zone 5,bis 300 kg,2025_24208258,PRE
CH-62,6260,,119.0000,0.0000,133.0000,111.7647,82.6400,69.4454,-37.8600,Zone 3,bis 300 kg,2025_24208258,PRE
CH-83,8304,,100.0000,0.0000,97.4300,97.4300,51.4100,51.4100,-47.2300,Zone 1,bis 300 kg,2025_24208427,PRE
CH-62,6260,,21.0000,0.0000,102.3800,487.5238,55.7600,265.5238,-45.5400,Zone 3,bis 300 kg,2025_24208427,PRE
CH-94,9445,,16.0000,0.0000,104.2700,651.6875,57.4100,358.8125,-44.9400,Zone 4,bis 300 kg,2025_24208427,PRE
CH-49,4900,,14.0000,0.0000,100.6700,719.0714,54.2500,387.5000,-46.1100,Zone 2,bis 300 kg,2025_24208499,PRE
CH-80,8005,,11.0000,0.0000,97.4300,885.7273,51.4100,467.3636,-47.2300,Zone 1,bis 300 kg,2025_24208499,PRE
CH-62,6260,,46.0000,0.0000,102.3800,222.5652,55.7600,121.2174,-45.5400,Zone 3,bis 300 kg,2025_24208499,PRE
CH-83,8304,,36.0000,0.0000,97.4300,270.6389,51.4100,142.8056,-47.2300,Zone 1,bis 300 kg,2025_24208499,PRE
CH-83,8302,,16.0000,0.0000,97.4300,608.9375,51.4100,321.3125,-47.2300,Zone 1,bis 300 kg,2025_24208499,PRE
CH-94,9445,,43.0000,0.0000,104.2700,242.4884,57.4100,133.5116,-44.9400,Zone 4,bis 300 kg,2025_24208559,PRE
CH-90,9015,,11.0000,0.0000,102.3800,930.7273,55.7600,506.9091,-45.5400,Zone 3,bis 300 kg,2025_24208559,PRE
CH-46,4600,,30.0000,0.0000,100.6700,335.5667,54.2500,180.8333,-46.1100,Zone 2,bis 300 kg,2025_24208559,PRE
CH-49,4900,,21.0000,0.0000,100.6700,479.3810,54.2500,258.3333,-46.1100,Zone 2,bis 300 kg,2025_24208559,PRE
