leistungsdatum,auftragsnummer,kunde,empf_land,empf_plz,fracht,diesel,maut,transportversicherung,verzollung,lademittel,gefahrgut,gb_safety_ssd,avisgebuehr,langgutzuschlag,sonstige_nebengeb,GESAMT,sum_kategorien,identitaet_delta,identitaet_ok
2025-09-26,32958875,EBM-Papst Mulfingen GmbH & Co. KG,IE,LAO      ,0.0000,0.0000,0.0000,0.0000,0.0000,0.0000,0.0000,0.0000,0.0000,0.0000,0.0000,3686.4300,0.0000,3686.4300,False
2025-09-26,32958874,EBM-Papst Mulfingen GmbH & Co. KG,IE,DON      ,0.0000,0.0000,0.0000,0.0000,0.0000,0.0000,0.0000,0.0000,0.0000,0.0000,0.0000,3602.4200,0.0000,3602.4200,False
2025-09-26,32958877,EBM-Papst Mulfingen GmbH & Co. KG,IE,LAO      ,0.0000,0.0000,0.0000,0.0000,0.0000,0.0000,0.0000,0.0000,0.0000,0.0000,0.0000,3686.4300,0.0000,3686.4300,False
2025-09-26,32957001,EBM-Papst Mulfingen GmbH & Co. KG,PL,70-895   ,0.0000,0.0000,0.0000,0.0000,0.0000,0.0000,0.0000,0.0000,0.0000,0.0000,0.0000,550.0000,0.0000,550.0000,False
2025-09-26,32958876,EBM-Papst Mulfingen GmbH & Co. KG,IE,LAO      ,0.0000,0.0000,0.0000,0.0000,0.0000,0.0000,0.0000,0.0000,0.0000,0.0000,0.0000,3686.4300,0.0000,3686.4300,False
2025-09-26,32958978,EBM-Papst Mulfingen GmbH & Co. KG,IE,DON      ,0.0000,0.0000,0.0000,0.0000,0.0000,0.0000,0.0000,0.0000,0.0000,0.0000,0.0000,3602.4200,0.0000,3602.4200,False
2025-09-26,32957222,EBM-Papst Mulfingen GmbH & Co. KG,EE,75306    ,0.0000,0.0000,0.0000,0.0000,0.0000,0.0000,0.0000,0.0000,0.0000,0.0000,0.0000,145.0000,0.0000,145.0000,False
2025-09-26,32958972,EBM-Papst Mulfingen GmbH & Co. KG,IE,GAL      ,0.0000,0.0000,0.0000,0.0000,0.0000,0.0000,0.0000,0.0000,0.0000,0.0000,0.0000,3793.9400,0.0000,3793.9400,False
2025-09-26,7092010002856000,EBM-Papst Mulfingen GmbH & Co. KG,IE,R32 PN8W,3375.0000,216.0000,64.6200,0.0000,0.0000,0.0000,0.0000,0.0000,0.0000,0.0000,0.0000,3655.6200,3655.6200,0.0000,True
2025-09-29,7092010017941005,EBM-Papst Mulfingen GmbH & Co. KG,IE,F92,3325.0000,212.8000,64.6200,0.0000,0.0000,0.0000,0.0000,0.0000,0.0000,0.0000,0.0000,3602.4200,3602.4200,0.0000,True
2025-09-29,32958878,EBM-Papst Mulfingen GmbH & Co. KG,IE,DON      ,0.0000,0.0000,0.0000,0.0000,0.0000,0.0000,0.0000,0.0000,0.0000,0.0000,0.0000,3602.4200,0.0000,3602.4200,False
2025-09-30,7092010001329000,EBM-Papst Mulfingen GmbH & Co. KG,PT,2615,2750.0000,0.0000,0.0000,0.0000,0.0000,0.0000,0.0000,0.0000,0.0000,0.0000,0.0000,2750.0000,2750.0000,0.0000,True
2025-10-03,7092010017979008,EBM-Papst Mulfingen GmbH & Co. KG,IE,R32 PN8W,3375.0000,216.0000,64.6200,0.0000,0.0000,0.0000,0.0000,0.0000,0.0000,0.0000,0.0000,3655.6200,3655.6200,0.0000,True
2025-10-06,7092010018003009,EBM-Papst Mulfingen GmbH & Co. KG,IE,R32 PN8W,3375.0000,216.0000,64.6200,0.0000,0.0000,0.0000,0.0000,0.0000,0.0000,0.0000,0.0000,3655.6200,3655.6200,0.0000,True
2025-10-06,7092010004762002,EBM-Papst Mulfingen GmbH & Co. KG,IE,H91,2756.6000,176.4200,41.8100,0.0000,0.0000,0.0000,0.0000,0.0000,0.0000,0.0000,0.0000,2974.8300,2974.8300,0.0000,True
2025-10-09,7092010005826000,EBM-Papst Mulfingen GmbH & Co. KG,ES,28830,2250.0000,144.0000,0.0000,0.0000,0.0000,0.0000,0.0000,0.0000,0.0000,0.0000,0.0000,2394.0000,2394.0000,0.0000,True
2025-10-09,7092010005834005,EBM-Papst Mulfingen GmbH & Co. KG,ES,28830,2250.0000,144.0000,0.0000,0.0000,0.0000,0.0000,0.0000,0.0000,0.0000,0.0000,0.0000,2394.0000,2394.0000,0.0000,True
2025-10-09,7092010006428005,EBM-Papst Mulfingen GmbH & Co. KG,ES,28936,320.0000,20.4800,0.0000,0.0000,0.0000,0.0000,0.0000,0.0000,0.0000,0.0000,0.0000,340.4800,340.4800,0.0000,True
2025-10-10,7092010006676000,EBM-Papst Mulfingen GmbH & Co. KG,IE,H91,2149.9000,137.5900,28.5100,0.0000,0.0000,0.0000,0.0000,0.0000,0.0000,0.0000,0.0000,2316.0000,2316.0000,-0.0000,True
2025-10-10,7092010006164002,EBM-Papst Mulfingen GmbH & Co. KG,PL,70-895,125.0000,7.2500,2.8100,0.0000,0.0000,0.0000,0.0000,0.0000,0.0000,0.0000,0.0000,135.0600,135.0600,0.0000,True
2025-10-10,7092010006309007,EBM-Papst Mulfingen GmbH & Co. KG,EE,75306,850.0000,54.4000,0.0000,0.0000,0.0000,0.0000,0.0000,0.0000,0.0000,0.0000,0.0000,904.4000,904.4000,0.0000,True
2025-10-10,7092010006765001,EBM-Papst Mulfingen GmbH & Co. KG,IE,R32 PN8W,2942.3000,188.3100,49.4200,0.0000,0.0000,0.0000,0.0000,0.0000,0.0000,0.0000,0.0000,3180.0300,3180.0300,0.0000,True
2025-10-10,7092010026981009,EBM-Papst Mulfingen GmbH & Co. KG,IE,E41,3495.0000,0.0000,0.0000,0.0000,0.0000,0.0000,0.0000,0.0000,0.0000,0.0000,0.0000,3495.0000,3495.0000,0.0000,True
2025-10-10,7092010006162008,EBM-Papst Mulfingen GmbH & Co. KG,PL,59-220,79.0000,5.0600,2.4800,0.0000,0.0000,0.0000,0.0000,0.0000,0.0000,0.0000,0.0000,86.5400,86.5400,0.0000,True
2025-10-14,7092010006158001,EBM-Papst Mulfingen GmbH & Co. KG,SK,913 11,545.0000,34.8800,5.5500,0.0000,0.0000,0.0000,0.0000,0.0000,0.0000,0.0000,0.0000,585.4300,585.4300,0.0000,True
2025-10-14,7092010006160004,EBM-Papst Mulfingen GmbH & Co. KG,SK,913 04,174.0000,11.1400,1.1100,0.0000,0.0000,0.0000,0.0000,0.0000,0.0000,0.0000,0.0000,186.2500,186.2500,0.0000,True
2025-10-16,7092010008464001,EBM-Papst Mulfingen GmbH & Co. KG,PT,2615,2475.0000,158.4000,0.0000,0.0000,0.0000,0.0000,0.0000,0.0000,0.0000,0.0000,0.0000,2633.4000,2633.4000,0.0000,True
2025-10-17,7092010009501002,EBM-Papst Mulfingen GmbH & Co. KG,EE,75306,660.0000,42.2400,0.0000,0.0000,0.0000,0.0000,0.0000,0.0000,0.0000,0.0000,0.0000,702.2400,702.2400,0.0000,True
2025-10-17,7092010021991003,EBM-Papst Mulfingen GmbH & Co. KG,IE,H91,2831.3000,181.2000,43.7100,0.0000,0.0000,0.0000,0.0000,0.0000,0.0000,0.0000,0.0000,3056.2100,3056.2100,0.0000,True
2025-10-17,7092010009631006,EBM-Papst Mulfingen GmbH & Co. KG,DE,74673,216.0000,13.8200,12.3800,0.0000,0.0000,0.0000,0.0000,0.0000,0.0000,0.0000,7.5000,249.7000,249.7000,0.0000,True
2025-10-17,7092010021988003,EBM-Papst Mulfingen GmbH & Co. KG,IE,R32 PN8W,3375.0000,216.0000,64.6200,0.0000,0.0000,0.0000,0.0000,0.0000,0.0000,0.0000,0.0000,3655.6200,3655.6200,0.0000,True
2025-10-17,7092010021996008,EBM-Papst Mulfingen GmbH & Co. KG,IE,K32,3375.0000,216.0000,64.6200,0.0000,0.0000,0.0000,0.0000,0.0000,0.0000,0.0000,0.0000,3655.6200,3655.6200,0.0000,True
2025-10-17,7092010009362009,EBM-Papst Mulfingen GmbH & Co. KG,SK,905 01,493.0000,31.5500,7.7700,0.0000,0.0000,0.0000,0.0000,0.0000,0.0000,0.0000,0.0000,532.3200,532.3200,0.0000,True
2025-10-17,7092010021985002,EBM-Papst Mulfingen GmbH & Co. KG,IE,R32 PN8W,3375.0000,216.0000,64.6200,0.0000,0.0000,0.0000,0.0000,0.0000,0.0000,0.0000,0.0000,3655.6200,3655.6200,0.0000,True
2025-10-17,7092010021989000,EBM-Papst Mulfingen GmbH & Co. KG,IE,R32 PN8W,1567.0000,100.2900,19.0100,0.0000,0.0000,0.0000,0.0000,0.0000,0.0000,0.0000,0.0000,1686.3000,1686.3000,0.0000,True
2025-10-20,7092010009267007,EBM-Papst Mulfingen GmbH & Co. KG,PL,03-236,920.0000,58.8800,95.4300,0.0000,0.0000,0.0000,0.0000,0.0000,0.0000,0.0000,0.0000,1074.3100,1074.3100,0.0000,True
2025-10-20,7092010018025001,EBM-Papst Mulfingen GmbH & Co. KG,IE,F92,3325.0000,212.8000,64.6200,0.0000,0.0000,0.0000,0.0000,0.0000,0.0000,0.0000,0.0000,3602.4200,3602.4200,0.0000,True
2025-10-20,7092010009309004,EBM-Papst Mulfingen GmbH & Co. KG,PL,59-241,79.0000,5.0600,2.4800,0.0000,0.0000,0.0000,0.0000,0.0000,0.0000,0.0000,0.0000,86.5400,86.5400,0.0000,True
2025-10-20,7092010009380003,EBM-Papst Mulfingen GmbH & Co. KG,SK,014 01,174.0000,10.1000,0.0000,0.0000,0.0000,0.0000,0.0000,0.0000,0.0000,0.0000,0.0000,184.1000,184.1000,0.0000,True
2025-10-20,7092010018019000,EBM-Papst Mulfingen GmbH & Co. KG,IE,R32 PN8W,3375.0000,216.0000,64.6200,0.0000,0.0000,0.0000,0.0000,0.0000,0.0000,0.0000,0.0000,3655.6200,3655.6200,0.0000,True
2025-10-21,7092010009987004,EBM-Papst Mulfingen GmbH & Co. KG,PL,03-236,920.0000,58.8800,95.4300,0.0000,0.0000,0.0000,0.0000,0.0000,0.0000,0.0000,0.0000,1074.3100,1074.3100,0.0000,True
2025-10-21,7092010009400008,EBM-Papst Mulfingen GmbH & Co. KG,SK,905 01,960.0000,61.4400,37.7600,0.0000,0.0000,0.0000,0.0000,0.0000,0.0000,0.0000,0.0000,1059.2000,1059.2000,0.0000,True
2025-10-22,7092010011021000,EBM-Papst Mulfingen GmbH & Co. KG,HR,52460,1300.0000,83.2000,54.5800,0.0000,0.0000,0.0000,0.0000,0.0000,0.0000,0.0000,0.0000,1437.7800,1437.7800,0.0000,True
2025-10-22,7092010010357001,EBM-Papst Mulfingen GmbH & Co. KG,PL,03-236,920.0000,58.8800,95.4300,0.0000,0.0000,0.0000,0.0000,0.0000,0.0000,0.0000,0.0000,1074.3100,1074.3100,0.0000,True
2025-10-23,7092010011030002,EBM-Papst Mulfingen GmbH & Co. KG,SK,905 01,960.0000,61.4400,37.7600,0.0000,0.0000,0.0000,0.0000,0.0000,0.0000,0.0000,0.0000,1059.2000,1059.2000,0.0000,True
2025-10-23,7092010010869009,EBM-Papst Mulfingen GmbH & Co. KG,PL,03-236,920.0000,58.8800,95.4300,0.0000,0.0000,0.0000,0.0000,0.0000,0.0000,0.0000,0.0000,1074.3100,1074.3100,0.0000,True
2025-10-23,7092010011276004,EBM-Papst Mulfingen GmbH & Co. KG,HR,52460,1175.0000,75.2000,44.3500,0.0000,0.0000,0.0000,0.0000,0.0000,0.0000,0.0000,0.0000,1294.5500,1294.5500,0.0000,True
2025-10-24,7092010011864003,EBM-Papst Mulfingen GmbH & Co. KG,IE,R32 PN8W,1567.0000,100.2900,19.0100,0.0000,0.0000,0.0000,0.0000,0.0000,0.0000,0.0000,0.0000,1686.3000,1686.3000,0.0000,True
2025-10-24,7092010018032009,EBM-Papst Mulfingen GmbH & Co. KG,IE,R32 PN8W,3375.0000,216.0000,64.6200,0.0000,0.0000,0.0000,0.0000,0.0000,0.0000,0.0000,0.0000,3655.6200,3655.6200,0.0000,True
2025-10-24,7092010011223008,EBM-Papst Mulfingen GmbH & Co. KG,PL,03-236,920.0000,58.8800,95.4300,0.0000,0.0000,0.0000,0.0000,0.0000,0.0000,0.0000,0.0000,1074.3100,1074.3100,0.0000,True
2025-10-24,7092010018044002,EBM-Papst Mulfingen GmbH & Co. KG,IE,F92,3325.0000,212.8000,64.6200,0.0000,0.0000,0.0000,0.0000,0.0000,0.0000,0.0000,0.0000,3602.4200,3602.4200,0.0000,True
2025-10-24,7092010018040004,EBM-Papst Mulfingen GmbH & Co. KG,IE,H91,3505.0000,224.3200,64.6200,0.0000,0.0000,0.0000,0.0000,0.0000,0.0000,0.0000,0.0000,3793.9400,3793.9400,0.0000,True
2025-10-24,7092010010877004,EBM-Papst Mulfingen GmbH & Co. KG,HR,52460,1300.0000,83.2000,54.5800,0.0000,0.0000,0.0000,0.0000,0.0000,0.0000,0.0000,0.0000,1437.7800,1437.7800,0.0000,True
2025-10-24,7092010018034003,EBM-Papst Mulfingen GmbH & Co. KG,IE,R32 PN8W,3375.0000,216.0000,64.6200,0.0000,0.0000,0.0000,0.0000,0.0000,0.0000,0.0000,0.0000,3655.6200,3655.6200,0.0000,True
2025-10-27,7092010011782000,EBM-Papst Mulfingen GmbH & Co. KG,PL,03-236,920.0000,58.8800,95.4300,0.0000,0.0000,0.0000,0.0000,0.0000,0.0000,0.0000,0.0000,1074.3100,1074.3100,0.0000,True
2025-10-28,7092010011771004,EBM-Papst Mulfingen GmbH & Co. KG,PL,59-241,79.0000,5.0600,2.4800,0.0000,0.0000,0.0000,0.0000,0.0000,0.0000,0.0000,0.0000,86.5400,86.5400,0.0000,True
2025-10-28,7092010011772001,EBM-Papst Mulfingen GmbH & Co. KG,SK,913 11,545.0000,34.8800,5.5500,0.0000,0.0000,0.0000,0.0000,0.0000,0.0000,0.0000,0.0000,585.4300,585.4300,0.0000,True
2025-10-28,7092010012277000,EBM-Papst Mulfingen GmbH & Co. KG,PL,03-236,920.0000,58.8800,95.4300,0.0000,0.0000,0.0000,0.0000,0.0000,0.0000,0.0000,0.0000,1074.3100,1074.3100,0.0000,True
2025-10-30,7092010013191008,EBM-Papst Mulfingen GmbH & Co. KG,PL,03-236,920.0000,58.8800,95.4300,0.0000,0.0000,0.0000,0.0000,0.0000,0.0000,0.0000,0.0000,1074.3100,1074.3100,0.0000,True
2025-10-30,7092010013976001,EBM-Papst Mulfingen GmbH & Co. KG,SK,913 04,571.0000,36.5400,10.0000,0.0000,0.0000,0.0000,0.0000,0.0000,0.0000,0.0000,0.0000,617.5400,617.5400,0.0000,True
2025-10-31,7092010015037007,EBM-Papst Mulfingen GmbH & Co. KG,IE,R32 PN8W,3375.0000,216.0000,64.6200,0.0000,0.0000,0.0000,0.0000,0.0000,0.0000,0.0000,0.0000,3655.6200,3655.6200,0.0000,True
2025-10-31,7092010011767007,EBM-Papst Mulfingen GmbH & Co. KG,EE,75306,260.0000,16.6400,0.0000,0.0000,0.0000,0.0000,0.0000,0.0000,0.0000,0.0000,0.0000,276.6400,276.6400,0.0000,True
2025-10-31,7092010015048003,EBM-Papst Mulfingen GmbH & Co. KG,IE,H91,3505.0000,224.3200,64.6200,0.0000,0.0000,0.0000,0.0000,0.0000,0.0000,0.0000,0.0000,3793.9400,3793.9400,0.0000,True
2025-10-31,7092010015041004,EBM-Papst Mulfingen GmbH & Co. KG,IE,R32 PN8W,3375.0000,216.0000,64.6200,0.0000,0.0000,0.0000,0.0000,0.0000,0.0000,0.0000,0.0000,3655.6200,3655.6200,0.0000,True
2025-10-31,7092010015045002,EBM-Papst Mulfingen GmbH & Co. KG,IE,K32,3375.0000,216.0000,64.6200,0.0000,0.0000,0.0000,0.0000,0.0000,0.0000,0.0000,0.0000,3655.6200,3655.6200,0.0000,True
2025-10-31,7092010014084002,EBM-Papst Mulfingen GmbH & Co. KG,EE,75306,460.0000,29.4400,0.0000,0.0000,0.0000,0.0000,0.0000,0.0000,0.0000,0.0000,0.0000,489.4400,489.4400,0.0000,True
2025-10-31,7092010015043008,EBM-Papst Mulfingen GmbH & Co. KG,IE,F92,3325.0000,212.8000,64.6200,0.0000,0.0000,0.0000,0.0000,0.0000,0.0000,0.0000,0.0000,3602.4200,3602.4200,0.0000,True
2025-11-03,7092010013598005,EBM-Papst Mulfingen GmbH & Co. KG,PL,03-236,920.0000,53.3600,95.4300,0.0000,0.0000,0.0000,0.0000,0.0000,0.0000,0.0000,0.0000,1068.7900,1068.7900,0.0000,True
2025-11-03,7092010014088000,EBM-Papst Mulfingen GmbH & Co. KG,SK,913 11,174.0000,11.1400,1.1100,0.0000,0.0000,0.0000,0.0000,0.0000,0.0000,0.0000,0.0000,186.2500,186.2500,0.0000,True
2025-11-04,7092010014584007,EBM-Papst Mulfingen GmbH & Co. KG,PL,03-236,920.0000,53.3600,95.4300,0.0000,0.0000,0.0000,0.0000,0.0000,0.0000,0.0000,0.0000,1068.7900,1068.7900,0.0000,True
2025-11-04,7092010015115002,EBM-Papst Mulfingen GmbH & Co. KG,PL,59-241,165.0000,9.5700,9.9100,0.0000,0.0000,0.0000,0.0000,0.0000,0.0000,0.0000,0.0000,184.4800,184.4800,0.0000,True
2025-11-06,7092010015784000,EBM-Papst Mulfingen GmbH & Co. KG,SK,913 11,545.0000,31.6100,5.5500,0.0000,0.0000,0.0000,0.0000,0.0000,0.0000,0.0000,0.0000,582.1600,582.1600,0.0000,True
2025-11-06,7092010015931008,EBM-Papst Mulfingen GmbH & Co. KG,SK,905 01,960.0000,55.6800,37.7600,0.0000,0.0000,0.0000,0.0000,0.0000,0.0000,0.0000,0.0000,1053.4400,1053.4400,0.0000,True
2025-11-06,7092010015402003,EBM-Papst Mulfingen GmbH & Co. KG,PL,03-236,920.0000,53.3600,95.4300,0.0000,0.0000,0.0000,0.0000,0.0000,0.0000,0.0000,0.0000,1068.7900,1068.7900,0.0000,True
2025-11-06,7092010015802001,EBM-Papst Mulfingen GmbH & Co. KG,PL,59-241,620.0000,35.9600,66.8700,0.0000,0.0000,0.0000,0.0000,0.0000,0.0000,0.0000,60.0000,782.8300,782.8300,0.0000,True
2025-11-07,7092010016830003,EBM-Papst Mulfingen GmbH & Co. KG,IE,R32 PN8W,3375.0000,195.7500,64.6200,0.0000,0.0000,0.0000,0.0000,0.0000,0.0000,0.0000,0.0000,3635.3700,3635.3700,0.0000,True
2025-11-07,7092010016157001,EBM-Papst Mulfingen GmbH & Co. KG,IE,H91,2906.1000,168.5500,45.6100,0.0000,0.0000,0.0000,0.0000,0.0000,0.0000,0.0000,0.0000,3120.2600,3120.2600,0.0000,True
2025-11-07,7092010016147002,EBM-Papst Mulfingen GmbH & Co. KG,EE,75306,260.0000,15.0800,0.0000,0.0000,0.0000,0.0000,0.0000,0.0000,0.0000,0.0000,0.0000,275.0800,275.0800,0.0000,True
2025-11-07,7092010016827003,EBM-Papst Mulfingen GmbH & Co. KG,IE,R32 PN8W,3375.0000,195.7500,64.6200,0.0000,0.0000,0.0000,0.0000,0.0000,0.0000,0.0000,0.0000,3635.3700,3635.3700,0.0000,True
2025-11-10,5152000003397005,EBM-Papst Mulfingen GmbH & Co. KG,DE,70499,166.8000,9.6700,7.4300,0.0000,0.0000,0.0000,0.0000,0.0000,0.0000,0.0000,0.0000,183.9000,183.9000,0.0000,True
2025-11-10,7092010016362009,EBM-Papst Mulfingen GmbH & Co. KG,PL,03-236,920.0000,53.3600,95.4300,0.0000,0.0000,0.0000,0.0000,0.0000,0.0000,0.0000,0.0000,1068.7900,1068.7900,0.0000,True
2025-11-10,7092010016738002,EBM-Papst Mulfingen GmbH & Co. KG,PL,03-236,920.0000,53.3600,95.4300,0.0000,0.0000,0.0000,0.0000,0.0000,0.0000,0.0000,0.0000,1068.7900,1068.7900,0.0000,True
2025-11-13,7092010017418002,EBM-Papst Mulfingen GmbH & Co. KG,PL,03-236,920.0000,53.3600,95.4300,0.0000,0.0000,0.0000,0.0000,0.0000,0.0000,0.0000,0.0000,1068.7900,1068.7900,0.0000,True
2025-11-13,7092010017634006,EBM-Papst Mulfingen GmbH & Co. KG,SI,3320,1413.0000,81.9500,57.9900,0.0000,0.0000,0.0000,0.0000,0.0000,0.0000,0.0000,0.0000,1552.9400,1552.9400,0.0000,True
2025-11-14,7092010018521008,EBM-Papst Mulfingen GmbH & Co. KG,IE,H91,3130.3000,181.5600,51.3200,0.0000,0.0000,0.0000,0.0000,0.0000,0.0000,0.0000,0.0000,3363.1800,3363.1800,-0.0000,True
2025-11-14,7092010018512006,EBM-Papst Mulfingen GmbH & Co. KG,IE,F92,3325.0000,192.8500,64.6200,0.0000,0.0000,0.0000,0.0000,0.0000,0.0000,0.0000,0.0000,3582.4700,3582.4700,0.0000,True
2025-11-14,7092010018518008,EBM-Papst Mulfingen GmbH & Co. KG,IE,R32 PN8W,1175.3000,68.1700,11.4000,0.0000,0.0000,0.0000,0.0000,0.0000,0.0000,0.0000,0.0000,1254.8700,1254.8700,-0.0000,True
2025-11-14,7092010017744002,EBM-Papst Mulfingen GmbH & Co. KG,EE,75306,150.0000,8.7000,0.0000,0.0000,0.0000,0.0000,0.0000,0.0000,0.0000,0.0000,0.0000,158.7000,158.7000,0.0000,True
2025-11-14,7092010018507002,EBM-Papst Mulfingen GmbH & Co. KG,IE,R32 PN8W,3375.0000,195.7500,64.6200,0.0000,0.0000,0.0000,0.0000,0.0000,0.0000,0.0000,0.0000,3635.3700,3635.3700,0.0000,True
2025-11-14,7092010018524009,EBM-Papst Mulfingen GmbH & Co. KG,IE,R32 PN8W,3375.0000,195.7500,64.6200,0.0000,0.0000,0.0000,0.0000,0.0000,0.0000,0.0000,0.0000,3635.3700,3635.3700,0.0000,True
2025-11-17,7092010017817003,EBM-Papst Mulfingen GmbH & Co. KG,SK,905 01,960.0000,55.6800,37.7600,0.0000,0.0000,0.0000,0.0000,0.0000,0.0000,0.0000,0.0000,1053.4400,1053.4400,0.0000,True
2025-11-17,7092010017821000,EBM-Papst Mulfingen GmbH & Co. KG,SK,905 01,960.0000,55.6800,37.7600,0.0000,0.0000,0.0000,0.0000,0.0000,0.0000,0.0000,0.0000,1053.4400,1053.4400,0.0000,True
2025-11-17,7092010017954005,EBM-Papst Mulfingen GmbH & Co. KG,PL,59-241,79.0000,4.5800,2.4800,0.0000,0.0000,0.0000,0.0000,0.0000,0.0000,0.0000,0.0000,86.0600,86.0600,0.0000,True
2025-11-17,7092010017957006,EBM-Papst Mulfingen GmbH & Co. KG,PL,03-236,920.0000,53.3600,95.4300,0.0000,0.0000,0.0000,0.0000,0.0000,0.0000,0.0000,0.0000,1068.7900,1068.7900,0.0000,True
2025-11-18,7092010018334004,EBM-Papst Mulfingen GmbH & Co. KG,PL,03-236,920.0000,53.3600,95.4300,0.0000,0.0000,0.0000,0.0000,0.0000,0.0000,0.0000,0.0000,1068.7900,1068.7900,0.0000,True
2025-11-19,7092010018702001,EBM-Papst Mulfingen GmbH & Co. KG,PL,03-236,920.0000,53.3600,95.4300,0.0000,0.0000,0.0000,0.0000,0.0000,0.0000,0.0000,0.0000,1068.7900,1068.7900,0.0000,True
2025-11-19,7092010018406008,EBM-Papst Mulfingen GmbH & Co. KG,PL,70-895,475.0000,0.0000,0.0000,0.0000,0.0000,0.0000,0.0000,0.0000,0.0000,0.0000,0.0000,475.0000,475.0000,0.0000,True
2025-11-19,7092010018744001,EBM-Papst Mulfingen GmbH & Co. KG,SK,905 01,960.0000,55.6800,37.7600,0.0000,0.0000,0.0000,0.0000,0.0000,0.0000,0.0000,0.0000,1053.4400,1053.4400,0.0000,True
2025-11-20,7092010019064009,EBM-Papst Mulfingen GmbH & Co. KG,PL,03-236,920.0000,53.3600,95.4300,0.0000,0.0000,0.0000,0.0000,0.0000,0.0000,0.0000,0.0000,1068.7900,1068.7900,0.0000,True
2025-11-20,5152000003532000,EBM-Papst Mulfingen GmbH & Co. KG,DE,74673,94.8000,5.5000,2.4800,0.0000,0.0000,0.0000,0.0000,0.0000,0.0000,0.0000,0.0000,102.7800,102.7800,0.0000,True
2025-11-20,7092010019537008,EBM-Papst Mulfingen GmbH & Co. KG,HR,52460,1175.0000,68.1500,44.3500,0.0000,0.0000,0.0000,0.0000,0.0000,0.0000,0.0000,0.0000,1287.5000,1287.5000,0.0000,True
2025-11-20,7092010019465004,EBM-Papst Mulfingen GmbH & Co. KG,HR,52460,1300.0000,75.4000,57.9900,0.0000,0.0000,0.0000,0.0000,0.0000,0.0000,0.0000,0.0000,1433.3900,1433.3900,0.0000,True
2025-11-20,7092010019550007,EBM-Papst Mulfingen GmbH & Co. KG,HR,52460,1175.0000,68.1500,44.3500,0.0000,0.0000,0.0000,0.0000,0.0000,0.0000,0.0000,0.0000,1287.5000,1287.5000,0.0000,True
2025-11-21,7092010019519004,EBM-Papst Mulfingen GmbH & Co. KG,EE,75306,926.0000,53.7100,0.0000,0.0000,0.0000,0.0000,0.0000,0.0000,0.0000,0.0000,0.0000,979.7100,979.7100,0.0000,True
2025-11-21,7092010020108006,EBM-Papst Mulfingen GmbH & Co. KG,IE,R32 PN8W,3375.0000,195.7500,64.6200,0.0000,0.0000,0.0000,0.0000,0.0000,0.0000,0.0000,0.0000,3635.3700,3635.3700,0.0000,True
2025-11-21,7092010020098000,EBM-Papst Mulfingen GmbH & Co. KG,IE,R32 PN8W,3375.0000,195.7500,64.6200,0.0000,0.0000,0.0000,0.0000,0.0000,0.0000,0.0000,0.0000,3635.3700,3635.3700,0.0000,True
2025-11-21,7092010020106002,EBM-Papst Mulfingen GmbH & Co. KG,IE,R32 PN8W,3375.0000,195.7500,64.6200,0.0000,0.0000,0.0000,0.0000,0.0000,0.0000,0.0000,0.0000,3635.3700,3635.3700,0.0000,True
2025-11-21,7092010019523001,EBM-Papst Mulfingen GmbH & Co. KG,PL,70-895,162.0000,0.0000,0.0000,0.0000,0.0000,0.0000,0.0000,0.0000,0.0000,0.0000,0.0000,162.0000,162.0000,0.0000,True
2025-11-21,7092010020116001,EBM-Papst Mulfingen GmbH & Co. KG,IE,H91,3505.0000,203.2900,64.6200,0.0000,0.0000,0.0000,0.0000,0.0000,0.0000,0.0000,0.0000,3772.9100,3772.9100,0.0000,True
2025-11-21,7092010019522004,EBM-Papst Mulfingen GmbH & Co. KG,PL,59-241,165.0000,9.5700,9.9100,0.0000,0.0000,0.0000,0.0000,0.0000,0.0000,0.0000,0.0000,184.4800,184.4800,0.0000,True
2025-11-24,7092010019520000,EBM-Papst Mulfingen GmbH & Co. KG,SK,913 11,437.0000,25.3500,3.3300,0.0000,0.0000,0.0000,0.0000,0.0000,0.0000,0.0000,0.0000,465.6800,465.6800,0.0000,True
2025-11-24,7092010020112003,EBM-Papst Mulfingen GmbH & Co. KG,IE,R32 PN8W,3375.0000,195.7500,64.6200,0.0000,0.0000,0.0000,0.0000,0.0000,0.0000,0.0000,0.0000,3635.3700,3635.3700,0.0000,True
2025-11-25,7092010020074004,EBM-Papst Mulfingen GmbH & Co. KG,PL,03-236,920.0000,53.3600,95.4300,0.0000,0.0000,0.0000,0.0000,0.0000,0.0000,0.0000,0.0000,1068.7900,1068.7900,0.0000,True
2025-11-27,7092010020783005,EBM-Papst Mulfingen GmbH & Co. KG,PL,03-236,920.0000,53.3600,95.4300,0.0000,0.0000,0.0000,0.0000,0.0000,0.0000,0.0000,0.0000,1068.7900,1068.7900,0.0000,True
2025-11-28,7092010021463005,EBM-Papst Mulfingen GmbH & Co. KG,IE,R32 PN8W,3375.0000,195.7500,64.6200,0.0000,0.0000,0.0000,0.0000,0.0000,0.0000,0.0000,0.0000,3635.3700,3635.3700,0.0000,True
2025-11-28,7092010021458001,EBM-Papst Mulfingen GmbH & Co. KG,IE,R32 PN8W,3375.0000,195.7500,64.6200,0.0000,0.0000,0.0000,0.0000,0.0000,0.0000,0.0000,0.0000,3635.3700,3635.3700,0.0000,True
2025-11-28,7092010021460004,EBM-Papst Mulfingen GmbH & Co. KG,IE,R32 PN8W,3375.0000,195.7500,64.6200,0.0000,0.0000,0.0000,0.0000,0.0000,0.0000,0.0000,0.0000,3635.3700,3635.3700,0.0000,True
2025-11-28,7092010021466006,EBM-Papst Mulfingen GmbH & Co. KG,IE,R32 PN8W,3375.0000,195.7500,64.6200,0.0000,0.0000,0.0000,0.0000,0.0000,0.0000,0.0000,0.0000,3635.3700,3635.3700,0.0000,True
2025-11-28,7092010021489005,EBM-Papst Mulfingen GmbH & Co. KG,IE,H91,3505.0000,203.2900,64.6200,0.0000,0.0000,0.0000,0.0000,0.0000,0.0000,0.0000,0.0000,3772.9100,3772.9100,0.0000,True
2025-12-01,7092010021733009,EBM-Papst Mulfingen GmbH & Co. KG,SI,1370,374.0000,23.9400,6.8200,0.0000,0.0000,0.0000,0.0000,0.0000,0.0000,0.0000,0.0000,404.7600,404.7600,0.0000,True
2025-12-01,7092010021840004,EBM-Papst Mulfingen GmbH & Co. KG,DE,74673,231.1200,14.7900,11.2300,0.0000,0.0000,0.0000,0.0000,0.0000,0.0000,0.0000,0.0000,257.1400,257.1400,0.0000,True
2025-12-01,7092010021418005,EBM-Papst Mulfingen GmbH & Co. KG,SK,905 01,960.0000,61.4400,37.7600,0.0000,0.0000,0.0000,0.0000,0.0000,0.0000,0.0000,0.0000,1059.2000,1059.2000,0.0000,True
2025-12-02,7092010021842008,EBM-Papst Mulfingen GmbH & Co. KG,SK,905 01,960.0000,61.4400,37.7600,0.0000,0.0000,0.0000,0.0000,0.0000,0.0000,0.0000,0.0000,1059.2000,1059.2000,0.0000,True
2025-12-02,7092010021732002,EBM-Papst Mulfingen GmbH & Co. KG,PL,03-236,920.0000,58.8800,95.4300,0.0000,0.0000,0.0000,0.0000,0.0000,0.0000,0.0000,0.0000,1074.3100,1074.3100,0.0000,True
2025-12-03,7092010022491007,EBM-Papst Mulfingen GmbH & Co. KG,SI,4202,1313.0000,84.0300,57.9900,0.0000,0.0000,0.0000,0.0000,0.0000,0.0000,0.0000,0.0000,1455.0200,1455.0200,0.0000,True
2025-12-03,7092010022156005,EBM-Papst Mulfingen GmbH & Co. KG,PL,03-236,920.0000,58.8800,95.4300,0.0000,0.0000,0.0000,0.0000,0.0000,0.0000,0.0000,0.0000,1074.3100,1074.3100,0.0000,True
2025-12-03,7092010021548009,EBM-Papst Mulfingen GmbH & Co. KG,SK,905 01,960.0000,61.4400,37.7600,0.0000,0.0000,0.0000,0.0000,0.0000,0.0000,0.0000,0.0000,1059.2000,1059.2000,0.0000,True
2025-12-04,5152000003768003,EBM-Papst Mulfingen GmbH & Co. KG,DE,74673,94.8000,6.0700,2.4800,0.0000,0.0000,0.0000,0.0000,0.0000,0.0000,0.0000,0.0000,103.3500,103.3500,-0.0000,True
2025-12-04,7092010022530003,EBM-Papst Mulfingen GmbH & Co. KG,PL,03-236,920.0000,58.8800,95.4300,0.0000,0.0000,0.0000,0.0000,0.0000,0.0000,0.0000,0.0000,1074.3100,1074.3100,0.0000,True
2025-12-04,7092010022733008,EBM-Papst Mulfingen GmbH & Co. KG,GB,CM77 8QN,2600.0000,0.0000,0.0000,0.0000,0.0000,0.0000,0.0000,0.0000,0.0000,0.0000,0.0000,2600.0000,2600.0000,0.0000,True
2025-12-05,7092010022925007,EBM-Papst Mulfingen GmbH & Co. KG,EE,75306,460.0000,29.4400,0.0000,0.0000,0.0000,0.0000,0.0000,0.0000,0.0000,0.0000,0.0000,489.4400,489.4400,0.0000,True
2025-12-05,7092010022930001,EBM-Papst Mulfingen GmbH & Co. KG,EE,75306,150.0000,9.6000,0.0000,0.0000,0.0000,0.0000,0.0000,0.0000,0.0000,0.0000,0.0000,159.6000,159.6000,0.0000,True
2025-12-05,7092010023535007,EBM-Papst Mulfingen GmbH & Co. KG,IE,R32 PN8W,3375.0000,216.0000,64.6200,0.0000,0.0000,0.0000,0.0000,0.0000,0.0000,0.0000,0.0000,3655.6200,3655.6200,0.0000,True
2025-12-05,7092010023223003,EBM-Papst Mulfingen GmbH & Co. KG,SK,905 01,960.0000,61.4400,37.7600,0.0000,0.0000,0.0000,0.0000,0.0000,0.0000,0.0000,0.0000,1059.2000,1059.2000,0.0000,True
2025-12-05,7092010023534000,EBM-Papst Mulfingen GmbH & Co. KG,IE,R32 PN8W,3375.0000,216.0000,64.6200,0.0000,0.0000,0.0000,0.0000,0.0000,0.0000,0.0000,0.0000,3655.6200,3655.6200,0.0000,True
2025-12-05,7092010023537001,EBM-Papst Mulfingen GmbH & Co. KG,IE,R32 PN8W,3375.0000,216.0000,64.6200,0.0000,0.0000,0.0000,0.0000,0.0000,0.0000,0.0000,0.0000,3655.6200,3655.6200,0.0000,True
2025-12-05,7092010023234009,EBM-Papst Mulfingen GmbH & Co. KG,SK,905 01,960.0000,61.4400,37.7600,0.0000,0.0000,0.0000,0.0000,0.0000,0.0000,0.0000,0.0000,1059.2000,1059.2000,0.0000,True
2025-12-05,7092010023255004,EBM-Papst Mulfingen GmbH & Co. KG,IE,H91,2906.1000,185.9900,45.6100,0.0000,0.0000,0.0000,0.0000,0.0000,0.0000,0.0000,0.0000,3137.7000,3137.7000,-0.0000,True
2025-12-08,7092010023206006,EBM-Papst Mulfingen GmbH & Co. KG,PL,03-236,920.0000,58.8800,95.4300,0.0000,0.0000,0.0000,0.0000,0.0000,0.0000,0.0000,0.0000,1074.3100,1074.3100,0.0000,True
2025-12-09,7092010023690003,EBM-Papst Mulfingen GmbH & Co. KG,SI,4202,139.0000,8.9000,1.7100,0.0000,0.0000,0.0000,0.0000,0.0000,0.0000,0.0000,0.0000,149.6100,149.6100,0.0000,True
2025-12-09,7092010023688000,EBM-Papst Mulfingen GmbH & Co. KG,PL,70-895,130.0000,0.0000,0.0000,0.0000,0.0000,0.0000,0.0000,0.0000,0.0000,0.0000,0.0000,130.0000,130.0000,0.0000,True
2025-12-09,7092010023689007,EBM-Papst Mulfingen GmbH & Co. KG,PL,59-241,79.0000,5.0600,2.4800,0.0000,0.0000,0.0000,0.0000,0.0000,0.0000,0.0000,0.0000,86.5400,86.5400,0.0000,True
2025-12-09,7092010023543002,EBM-Papst Mulfingen GmbH & Co. KG,PL,03-236,920.0000,58.8800,95.4300,0.0000,0.0000,0.0000,0.0000,0.0000,0.0000,0.0000,0.0000,1074.3100,1074.3100,0.0000,True
2025-12-10,7092010024167009,EBM-Papst Mulfingen GmbH & Co. KG,PL,32-050,1080.0000,0.0000,0.0000,0.0000,0.0000,0.0000,0.0000,0.0000,0.0000,0.0000,0.0000,1080.0000,1080.0000,0.0000,True
2025-12-10,7092010023834001,EBM-Papst Mulfingen GmbH & Co. KG,HR,52460,740.0000,47.3600,20.4700,0.0000,0.0000,0.0000,0.0000,0.0000,0.0000,0.0000,0.0000,807.8300,807.8300,0.0000,True
2025-12-10,7092010023830003,EBM-Papst Mulfingen GmbH & Co. KG,SI,4223,549.0000,35.1400,11.9400,0.0000,0.0000,0.0000,0.0000,0.0000,0.0000,0.0000,0.0000,596.0800,596.0800,0.0000,True
2025-12-10,7092010023869003,EBM-Papst Mulfingen GmbH & Co. KG,SK,913 04,571.0000,36.5400,10.0000,0.0000,0.0000,0.0000,0.0000,0.0000,0.0000,0.0000,0.0000,617.5400,617.5400,0.0000,True
2025-12-11,7092010024157000,EBM-Papst Mulfingen GmbH & Co. KG,PL,03-236,920.0000,58.8800,95.4300,0.0000,0.0000,0.0000,0.0000,0.0000,0.0000,0.0000,0.0000,1074.3100,1074.3100,0.0000,True
2025-12-12,7092010025194004,EBM-Papst Mulfingen GmbH & Co. KG,IE,R32 PN8W,3375.0000,216.0000,64.6200,0.0000,0.0000,0.0000,0.0000,0.0000,0.0000,0.0000,0.0000,3655.6200,3655.6200,0.0000,True
2025-12-12,7092010024506006,EBM-Papst Mulfingen GmbH & Co. KG,PL,03-236,920.0000,58.8800,95.4300,0.0000,0.0000,0.0000,0.0000,0.0000,0.0000,0.0000,0.0000,1074.3100,1074.3100,0.0000,True
2025-12-12,7092010025179001,EBM-Papst Mulfingen GmbH & Co. KG,IE,H91,3505.0000,224.3200,64.6200,0.0000,0.0000,0.0000,0.0000,0.0000,0.0000,0.0000,0.0000,3793.9400,3793.9400,0.0000,True
2025-12-12,7092010024494006,EBM-Papst Mulfingen GmbH & Co. KG,SK,905 01,960.0000,61.4400,37.7600,0.0000,0.0000,0.0000,0.0000,0.0000,0.0000,0.0000,0.0000,1059.2000,1059.2000,0.0000,True
2025-12-12,7092010025177007,EBM-Papst Mulfingen GmbH & Co. KG,IE,R32 PN8W,3375.0000,216.0000,64.6200,0.0000,0.0000,0.0000,0.0000,0.0000,0.0000,0.0000,0.0000,3655.6200,3655.6200,0.0000,True
2025-12-15,7092010024879001,EBM-Papst Mulfingen GmbH & Co. KG,PL,03-236,920.0000,58.8800,95.4300,0.0000,0.0000,0.0000,0.0000,0.0000,0.0000,0.0000,0.0000,1074.3100,1074.3100,0.0000,True
2025-12-16,7092010025169002,EBM-Papst Mulfingen GmbH & Co. KG,PL,03-236,920.0000,58.8800,95.4300,0.0000,0.0000,0.0000,0.0000,0.0000,0.0000,0.0000,0.0000,1074.3100,1074.3100,0.0000,True
2025-12-16,7092010025466002,EBM-Papst Mulfingen GmbH & Co. KG,SK,913 11,545.0000,34.8800,5.5500,0.0000,0.0000,0.0000,0.0000,0.0000,0.0000,0.0000,0.0000,585.4300,585.4300,0.0000,True
2025-12-16,7092010025442006,EBM-Papst Mulfingen GmbH & Co. KG,SI,4202,1073.0000,68.6700,37.5200,0.0000,0.0000,0.0000,0.0000,0.0000,0.0000,0.0000,0.0000,1179.1900,1179.1900,0.0000,True
2025-12-18,7092010025964003,EBM-Papst Mulfingen GmbH & Co. KG,SI,3320,587.0000,37.5700,13.6400,0.0000,0.0000,0.0000,0.0000,0.0000,0.0000,0.0000,0.0000,638.2100,638.2100,0.0000,True
2025-12-18,7092010025792002,EBM-Papst Mulfingen GmbH & Co. KG,PL,03-236,920.0000,58.8800,95.4300,0.0000,0.0000,0.0000,0.0000,0.0000,0.0000,0.0000,0.0000,1074.3100,1074.3100,0.0000,True
2025-12-18,7092010025941004,EBM-Papst Mulfingen GmbH & Co. KG,IE,H91,3505.0000,224.3200,64.6200,0.0000,0.0000,0.0000,0.0000,0.0000,0.0000,0.0000,0.0000,3793.9400,3793.9400,0.0000,True
2026-01-05,7092010025943008,EBM-Papst Mulfingen GmbH & Co. KG,PL,03-236,920.0000,64.4000,95.4300,0.0000,0.0000,0.0000,0.0000,0.0000,0.0000,0.0000,0.0000,1079.8300,1079.8300,0.0000,True
2026-01-08,7092010027093008,EBM-Papst Mulfingen GmbH & Co. KG,HR,52460,800.0000,56.0000,23.8800,0.0000,0.0000,0.0000,0.0000,0.0000,0.0000,0.0000,0.0000,879.8800,879.8800,0.0000,True
2026-01-08,7092010027305002,EBM-Papst Mulfingen GmbH & Co. KG,SK,913 11,543.0000,38.0100,7.7700,0.0000,0.0000,0.0000,0.0000,0.0000,0.0000,0.0000,0.0000,588.7800,588.7800,0.0000,True
2026-01-08,7092010027095002,EBM-Papst Mulfingen GmbH & Co. KG,HR,52460,1300.0000,91.0000,57.9900,0.0000,0.0000,0.0000,0.0000,0.0000,0.0000,0.0000,0.0000,1448.9900,1448.9900,0.0000,True
2026-01-08,7092010027337003,EBM-Papst Mulfingen GmbH & Co. KG,PL,32-050,1190.0000,119.0000,0.0000,0.0000,0.0000,0.0000,0.0000,0.0000,0.0000,0.0000,0.0000,1309.0000,1309.0000,0.0000,True
2026-01-09,7092010027865001,EBM-Papst Mulfingen GmbH & Co. KG,IE,R32 PN8W,3375.0000,236.2500,64.6200,0.0000,0.0000,0.0000,0.0000,0.0000,0.0000,0.0000,0.0000,3675.8700,3675.8700,0.0000,True
2026-01-09,7092010027739005,EBM-Papst Mulfingen GmbH & Co. KG,IE,H91,2256.9000,157.9800,30.4100,0.0000,0.0000,0.0000,0.0000,0.0000,0.0000,0.0000,0.0000,2445.2900,2445.2900,0.0000,True
2026-01-09,7092010027388005,EBM-Papst Mulfingen GmbH & Co. KG,PL,03-236,920.0000,64.4000,95.4300,0.0000,0.0000,0.0000,0.0000,0.0000,0.0000,0.0000,0.0000,1079.8300,1079.8300,0.0000,True
2026-01-09,7092010027861003,EBM-Papst Mulfingen GmbH & Co. KG,IE,F92,3325.0000,232.7500,64.6200,0.0000,0.0000,0.0000,0.0000,0.0000,0.0000,0.0000,0.0000,3622.3700,3622.3700,0.0000,True
2026-01-13,7092010027761006,EBM-Papst Mulfingen GmbH & Co. KG,HR,52460,965.0000,67.5500,34.1100,0.0000,0.0000,0.0000,0.0000,0.0000,0.0000,0.0000,0.0000,1066.6600,1066.6600,0.0000,True
2026-01-13,7092010027694007,EBM-Papst Mulfingen GmbH & Co. KG,PL,03-236,920.0000,64.4000,95.4300,0.0000,0.0000,0.0000,0.0000,0.0000,0.0000,0.0000,0.0000,1079.8300,1079.8300,0.0000,True
2026-01-13,7092010027303008,EBM-Papst Mulfingen GmbH & Co. KG,PL,59-241,79.0000,5.5300,2.4800,0.0000,0.0000,0.0000,0.0000,0.0000,0.0000,0.0000,0.0000,87.0100,87.0100,0.0000,True
2026-01-13,7092010027304005,EBM-Papst Mulfingen GmbH & Co. KG,PL,70-895,247.5000,0.0000,0.0000,0.0000,0.0000,0.0000,0.0000,0.0000,0.0000,0.0000,0.0000,247.5000,247.5000,0.0000,True
2026-01-13,7092010027764007,EBM-Papst Mulfingen GmbH & Co. KG,HR,52460,1300.0000,91.0000,57.9900,0.0000,0.0000,0.0000,0.0000,0.0000,0.0000,0.0000,0.0000,1448.9900,1448.9900,0.0000,True
2026-01-14,7092010027426004,EBM-Papst Mulfingen GmbH & Co. KG,SK,905 01,960.0000,67.2000,37.7600,0.0000,0.0000,0.0000,0.0000,0.0000,0.0000,0.0000,0.0000,1064.9600,1064.9600,0.0000,True
2026-01-14,7092010028135004,EBM-Papst Mulfingen GmbH & Co. KG,PL,03-236,920.0000,64.4000,95.4300,0.0000,0.0000,0.0000,0.0000,0.0000,0.0000,0.0000,0.0000,1079.8300,1079.8300,0.0000,True
2026-01-15,7092010028752003,EBM-Papst Mulfingen GmbH & Co. KG,PL,03-236,920.0000,64.4000,95.4300,0.0000,0.0000,0.0000,0.0000,0.0000,0.0000,0.0000,0.0000,1079.8300,1079.8300,0.0000,True
2026-01-16,7092010029769000,EBM-Papst Mulfingen GmbH & Co. KG,IE,R32 PN8W,2265.9000,158.6100,32.3100,0.0000,0.0000,0.0000,0.0000,0.0000,0.0000,0.0000,0.0000,2456.8200,2456.8200,0.0000,True
2026-01-16,7092010029588007,EBM-Papst Mulfingen GmbH & Co. KG,IE,R32 PN8W,3375.0000,236.2500,64.6200,0.0000,0.0000,0.0000,0.0000,0.0000,0.0000,0.0000,0.0000,3675.8700,3675.8700,0.0000,True
2026-01-16,7092010027327004,EBM-Papst Mulfingen GmbH & Co. KG,EE,75306,150.0000,10.5000,0.0000,0.0000,0.0000,0.0000,0.0000,0.0000,0.0000,0.0000,0.0000,160.5000,160.5000,0.0000,True
2026-01-16,7092010029767006,EBM-Papst Mulfingen GmbH & Co. KG,IE,H91,2149.9000,150.4900,28.5100,0.0000,0.0000,0.0000,0.0000,0.0000,0.0000,0.0000,0.0000,2328.9000,2328.9000,-0.0000,True
2026-01-16,7092010029604004,EBM-Papst Mulfingen GmbH & Co. KG,IE,R32 PN8W,3375.0000,236.2500,64.6200,0.0000,0.0000,0.0000,0.0000,0.0000,0.0000,0.0000,0.0000,3675.8700,3675.8700,0.0000,True
2026-01-16,7092010029077006,EBM-Papst Mulfingen GmbH & Co. KG,PL,03-236,920.0000,64.4000,95.4300,0.0000,0.0000,0.0000,0.0000,0.0000,0.0000,0.0000,0.0000,1079.8300,1079.8300,0.0000,True
2026-01-19,7092010029747008,EBM-Papst Mulfingen GmbH & Co. KG,SK,905 01,960.0000,67.2000,37.7600,0.0000,0.0000,0.0000,0.0000,0.0000,0.0000,0.0000,0.0000,1064.9600,1064.9600,0.0000,True
2026-01-19,7092010029746001,EBM-Papst Mulfingen GmbH & Co. KG,SK,905 01,960.0000,67.2000,37.7600,0.0000,0.0000,0.0000,0.0000,0.0000,0.0000,0.0000,0.0000,1064.9600,1064.9600,0.0000,True
2026-01-19,7092010027428008,EBM-Papst Mulfingen GmbH & Co. KG,SK,905 01,960.0000,67.2000,37.7600,0.0000,0.0000,0.0000,0.0000,0.0000,0.0000,0.0000,0.0000,1064.9600,1064.9600,0.0000,True
2026-01-20,7092010029752002,EBM-Papst Mulfingen GmbH & Co. KG,PL,03-236,920.0000,64.4000,95.4300,0.0000,0.0000,0.0000,0.0000,0.0000,0.0000,0.0000,0.0000,1079.8300,1079.8300,0.0000,True
2026-01-20,7092010029082000,EBM-Papst Mulfingen GmbH & Co. KG,PL,59-241,79.0000,5.5300,2.4800,0.0000,0.0000,0.0000,0.0000,0.0000,0.0000,0.0000,0.0000,87.0100,87.0100,0.0000,True
2026-01-20,7092010029748005,EBM-Papst Mulfingen GmbH & Co. KG,SK,905 01,960.0000,67.2000,37.7600,0.0000,0.0000,0.0000,0.0000,0.0000,0.0000,0.0000,0.0000,1064.9600,1064.9600,0.0000,True
2026-01-21,7092010030181006,EBM-Papst Mulfingen GmbH & Co. KG,PL,03-236,920.0000,64.4000,95.4300,0.0000,0.0000,0.0000,0.0000,0.0000,0.0000,0.0000,0.0000,1079.8300,1079.8300,0.0000,True
2026-01-22,7092010030871006,EBM-Papst Mulfingen GmbH & Co. KG,IE,K32,3375.0000,236.2500,64.6200,0.0000,0.0000,0.0000,0.0000,0.0000,0.0000,0.0000,0.0000,3675.8700,3675.8700,0.0000,True
2026-01-22,7092010030872003,EBM-Papst Mulfingen GmbH & Co. KG,IE,F92,3325.0000,232.7500,64.6200,0.0000,0.0000,0.0000,0.0000,0.0000,0.0000,0.0000,0.0000,3622.3700,3622.3700,0.0000,True
2026-01-22,7092010030836005,EBM-Papst Mulfingen GmbH & Co. KG,HR,52460,1300.0000,91.0000,57.9900,0.0000,0.0000,0.0000,0.0000,0.0000,0.0000,0.0000,0.0000,1448.9900,1448.9900,0.0000,True
2026-01-22,7092010030876001,EBM-Papst Mulfingen GmbH & Co. KG,SK,905 01,960.0000,67.2000,37.7600,0.0000,0.0000,0.0000,0.0000,0.0000,0.0000,0.0000,0.0000,1064.9600,1064.9600,0.0000,True
2026-01-22,7092010030986007,EBM-Papst Mulfingen GmbH & Co. KG,DE,74673,566.4000,39.6500,8.5300,0.0000,0.0000,0.0000,0.0000,0.0000,0.0000,0.0000,7.5000,622.0800,622.0800,0.0000,True
2026-01-23,7092010030856003,EBM-Papst Mulfingen GmbH & Co. KG,PL,59-241,645.0000,45.1500,84.2100,0.0000,0.0000,0.0000,0.0000,0.0000,0.0000,0.0000,0.0000,774.3600,774.3600,0.0000,True
2026-01-23,7092010031752007,EBM-Papst Mulfingen GmbH & Co. KG,IE,F92,3325.0000,232.7500,64.6200,0.0000,0.0000,0.0000,0.0000,0.0000,0.0000,0.0000,0.0000,3622.3700,3622.3700,0.0000,True
2026-01-23,7092010030957007,EBM-Papst Mulfingen GmbH & Co. KG,EE,75306,350.0000,24.5000,0.0000,0.0000,0.0000,0.0000,0.0000,0.0000,0.0000,0.0000,0.0000,374.5000,374.5000,0.0000,True
2026-01-23,7092010030866002,EBM-Papst Mulfingen GmbH & Co. KG,RS,18400,0.0000,0.0000,0.0000,0.0000,0.0000,0.0000,0.0000,0.0000,0.0000,0.0000,0.0000,0.0000,0.0000,0.0000,True
2026-01-23,7092010031744002,EBM-Papst Mulfingen GmbH & Co. KG,IE,H91,3505.0000,245.3500,64.6200,0.0000,0.0000,0.0000,0.0000,0.0000,0.0000,0.0000,0.0000,3814.9700,3814.9700,0.0000,True
2026-01-23,7092010031750003,EBM-Papst Mulfingen GmbH & Co. KG,IE,R32 PN8W,3375.0000,236.2500,64.6200,0.0000,0.0000,0.0000,0.0000,0.0000,0.0000,0.0000,0.0000,3675.8700,3675.8700,0.0000,True
2026-01-23,7092010029190002,EBM-Papst Mulfingen GmbH & Co. KG,EE,75306,750.0000,52.5000,0.0000,0.0000,0.0000,0.0000,0.0000,0.0000,0.0000,0.0000,0.0000,802.5000,802.5000,0.0000,True
2026-01-23,7092010030857000,EBM-Papst Mulfingen GmbH & Co. KG,PL,70-895,0.0000,0.0000,0.0000,0.0000,0.0000,0.0000,0.0000,0.0000,0.0000,0.0000,0.0000,0.0000,0.0000,0.0000,True
2026-01-23,7092010031747003,EBM-Papst Mulfingen GmbH & Co. KG,IE,R32 PN8W,3375.0000,236.2500,64.6200,0.0000,0.0000,0.0000,0.0000,0.0000,0.0000,0.0000,0.0000,3675.8700,3675.8700,0.0000,True
2026-01-23,7092010030842006,EBM-Papst Mulfingen GmbH & Co. KG,PL,03-236,920.0000,64.4000,95.4300,0.0000,0.0000,0.0000,0.0000,0.0000,0.0000,0.0000,0.0000,1079.8300,1079.8300,0.0000,True
2026-01-26,7092010030879002,EBM-Papst Mulfingen GmbH & Co. KG,SK,905 01,960.0000,67.2000,37.7600,0.0000,0.0000,0.0000,0.0000,0.0000,0.0000,0.0000,0.0000,1064.9600,1064.9600,0.0000,True
2026-01-26,7092010030854009,EBM-Papst Mulfingen GmbH & Co. KG,SK,913 11,437.0000,30.5900,3.3300,0.0000,0.0000,0.0000,0.0000,0.0000,0.0000,0.0000,0.0000,470.9200,470.9200,0.0000,True
2026-01-26,7092010032343006,EBM-Papst Mulfingen GmbH & Co. KG,IE,E41,3375.0000,236.2500,64.6200,0.0000,0.0000,0.0000,0.0000,0.0000,0.0000,0.0000,0.0000,3675.8700,3675.8700,0.0000,True
2026-01-26,7092010030847001,EBM-Papst Mulfingen GmbH & Co. KG,HR,52460,1175.0000,82.2500,44.3500,0.0000,0.0000,0.0000,0.0000,0.0000,0.0000,0.0000,0.0000,1301.6000,1301.6000,0.0000,True
2026-01-26,7092010032335001,EBM-Papst Mulfingen GmbH & Co. KG,IE,R32 PN8W,3375.0000,236.2500,64.6200,0.0000,0.0000,0.0000,0.0000,0.0000,0.0000,0.0000,0.0000,3675.8700,3675.8700,0.0000,True
2026-01-27,7092010031658002,EBM-Papst Mulfingen GmbH & Co. KG,PL,03-236,920.0000,64.4000,95.4300,0.0000,0.0000,0.0000,0.0000,0.0000,0.0000,0.0000,0.0000,1079.8300,1079.8300,0.0000,True
2026-01-27,7092010032127002,EBM-Papst Mulfingen GmbH & Co. KG,HR,52460,1175.0000,82.2500,44.3500,0.0000,0.0000,0.0000,0.0000,0.0000,0.0000,0.0000,0.0000,1301.6000,1301.6000,0.0000,True
2026-01-28,7092010032446004,EBM-Papst Mulfingen GmbH & Co. KG,HR,52460,770.0000,53.9000,22.1700,0.0000,0.0000,0.0000,0.0000,0.0000,0.0000,0.0000,0.0000,846.0700,846.0700,0.0000,True
2026-01-28,7092010032125008,EBM-Papst Mulfingen GmbH & Co. KG,HR,52460,1175.0000,82.2500,44.3500,0.0000,0.0000,0.0000,0.0000,0.0000,0.0000,0.0000,0.0000,1301.6000,1301.6000,0.0000,True
2026-01-28,7092010030880008,EBM-Papst Mulfingen GmbH & Co. KG,SK,905 01,960.0000,67.2000,37.7600,0.0000,0.0000,0.0000,0.0000,0.0000,0.0000,0.0000,0.0000,1064.9600,1064.9600,0.0000,True
2026-01-29,7092010032735009,EBM-Papst Mulfingen GmbH & Co. KG,SK,905 01,960.0000,67.2000,37.7600,0.0000,0.0000,0.0000,0.0000,0.0000,0.0000,0.0000,0.0000,1064.9600,1064.9600,0.0000,True
2026-01-29,7092010032736006,EBM-Papst Mulfingen GmbH & Co. KG,SK,905 01,960.0000,67.2000,37.7600,0.0000,0.0000,0.0000,0.0000,0.0000,0.0000,0.0000,0.0000,1064.9600,1064.9600,0.0000,True
2026-01-29,7092010032732008,EBM-Papst Mulfingen GmbH & Co. KG,SK,905 01,960.0000,67.2000,37.7600,0.0000,0.0000,0.0000,0.0000,0.0000,0.0000,0.0000,0.0000,1064.9600,1064.9600,0.0000,True
2026-01-29,7092010032426006,EBM-Papst Mulfingen GmbH & Co. KG,PL,03-236,920.0000,64.4000,95.4300,0.0000,0.0000,0.0000,0.0000,0.0000,0.0000,0.0000,0.0000,1079.8300,1079.8300,0.0000,True
2026-01-30,7092010033710005,EBM-Papst Mulfingen GmbH & Co. KG,IE,E41,3375.0000,236.2500,64.6200,0.0000,0.0000,0.0000,0.0000,0.0000,0.0000,0.0000,0.0000,3675.8700,3675.8700,0.0000,True
2026-01-30,7092010033706008,EBM-Papst Mulfingen GmbH & Co. KG,IE,R32 PN8W,1258.3000,88.0800,13.3000,0.0000,0.0000,0.0000,0.0000,0.0000,0.0000,0.0000,0.0000,1359.6800,1359.6800,0.0000,True
2026-01-30,7092010033712009,EBM-Papst Mulfingen GmbH & Co. KG,IE,H91,2980.8000,208.6600,47.5100,0.0000,0.0000,0.0000,0.0000,0.0000,0.0000,0.0000,0.0000,3236.9700,3236.9700,-0.0000,True
2026-01-30,7092010033709009,EBM-Papst Mulfingen GmbH & Co. KG,IE,R32 PN8W,3375.0000,236.2500,64.6200,0.0000,0.0000,0.0000,0.0000,0.0000,0.0000,0.0000,0.0000,3675.8700,3675.8700,0.0000,True
2026-01-30,7092010032678009,EBM-Papst Mulfingen GmbH & Co. KG,PL,59-241,477.0000,33.3900,39.6300,0.0000,0.0000,0.0000,0.0000,0.0000,0.0000,0.0000,0.0000,550.0200,550.0200,0.0000,True
2026-02-02,7092010033113004,EBM-Papst Mulfingen GmbH & Co. KG,PL,03-236,920.0000,58.8800,95.4300,0.0000,0.0000,0.0000,0.0000,0.0000,0.0000,0.0000,0.0000,1074.3100,1074.3100,0.0000,True
2026-02-02,7092010032391007,EBM-Papst Mulfingen GmbH & Co. KG,DE,74673,774.0000,49.5400,84.2100,0.0000,0.0000,0.0000,0.0000,0.0000,0.0000,0.0000,0.0000,907.7500,907.7500,0.0000,True
2026-02-03,7092010033571002,EBM-Papst Mulfingen GmbH & Co. KG,PL,03-236,920.0000,58.8800,95.4300,0.0000,0.0000,0.0000,0.0000,0.0000,0.0000,0.0000,0.0000,1074.3100,1074.3100,0.0000,True
2026-02-03,7092010033920008,EBM-Papst Mulfingen GmbH & Co. KG,SI,1370,305.0000,19.5200,5.1200,0.0000,0.0000,0.0000,0.0000,0.0000,0.0000,0.0000,0.0000,329.6400,329.6400,0.0000,True
2026-02-03,7092010032729008,EBM-Papst Mulfingen GmbH & Co. KG,SI,4223,587.0000,37.5700,13.6400,0.0000,0.0000,0.0000,0.0000,0.0000,0.0000,0.0000,0.0000,638.2100,638.2100,0.0000,True
2026-02-04,7092010033887004,EBM-Papst Mulfingen GmbH & Co. KG,PL,03-236,920.0000,58.8800,95.4300,0.0000,0.0000,0.0000,0.0000,0.0000,0.0000,0.0000,0.0000,1074.3100,1074.3100,0.0000,True
2026-02-06,7092010035686001,EBM-Papst Mulfingen GmbH & Co. KG,IE,R32 PN8W,3375.0000,216.0000,64.6200,0.0000,0.0000,0.0000,0.0000,0.0000,0.0000,0.0000,0.0000,3655.6200,3655.6200,0.0000,True
2026-02-06,7092010032717005,EBM-Papst Mulfingen GmbH & Co. KG,EE,75306,660.0000,42.2400,0.0000,0.0000,0.0000,0.0000,0.0000,0.0000,0.0000,0.0000,0.0000,702.2400,702.2400,0.0000,True
2026-02-06,7092010034645009,EBM-Papst Mulfingen GmbH & Co. KG,PL,59-241,79.0000,5.0600,2.4800,0.0000,0.0000,0.0000,0.0000,0.0000,0.0000,0.0000,0.0000,86.5400,86.5400,0.0000,True
2026-02-06,7092010034558002,EBM-Papst Mulfingen GmbH & Co. KG,PL,03-236,920.0000,58.8800,95.4300,0.0000,0.0000,0.0000,0.0000,0.0000,0.0000,0.0000,0.0000,1074.3100,1074.3100,0.0000,True
2026-02-06,7092010035690008,EBM-Papst Mulfingen GmbH & Co. KG,IE,R32 PN8W,3375.0000,216.0000,64.6200,0.0000,0.0000,0.0000,0.0000,0.0000,0.0000,0.0000,0.0000,3655.6200,3655.6200,0.0000,True
2026-02-06,7092010032742007,EBM-Papst Mulfingen GmbH & Co. KG,SK,913 11,174.0000,11.1400,1.1100,0.0000,0.0000,0.0000,0.0000,0.0000,0.0000,0.0000,0.0000,186.2500,186.2500,0.0000,True
2026-02-06,7092010034764007,EBM-Papst Mulfingen GmbH & Co. KG,PL,64-300,0.0000,0.0000,0.0000,0.0000,0.0000,0.0000,0.0000,0.0000,0.0000,0.0000,0.0000,0.0000,0.0000,0.0000,True
2026-02-06,7092010033617007,EBM-Papst Mulfingen GmbH & Co. KG,PL,70-895,0.0000,0.0000,0.0000,0.0000,0.0000,0.0000,0.0000,0.0000,0.0000,0.0000,0.0000,0.0000,0.0000,0.0000,True
2026-02-06,7092010034649007,EBM-Papst Mulfingen GmbH & Co. KG,SK,913 11,174.0000,11.1400,1.1100,0.0000,0.0000,0.0000,0.0000,0.0000,0.0000,0.0000,0.0000,186.2500,186.2500,0.0000,True
2026-02-06,7092010034961000,EBM-Papst Mulfingen GmbH & Co. KG,PL,32-050,0.0000,0.0000,0.0000,0.0000,0.0000,0.0000,0.0000,0.0000,0.0000,0.0000,0.0000,0.0000,0.0000,0.0000,True
2026-02-06,7092010035677009,EBM-Papst Mulfingen GmbH & Co. KG,IE,H91,208.1000,13.3200,1.9000,0.0000,0.0000,0.0000,0.0000,0.0000,0.0000,0.0000,0.0000,223.3200,223.3200,0.0000,True
2026-02-06,7092010035682003,EBM-Papst Mulfingen GmbH & Co. KG,IE,H91,3505.0000,224.3200,64.6200,0.0000,0.0000,0.0000,0.0000,0.0000,0.0000,0.0000,0.0000,3793.9400,3793.9400,0.0000,True
2026-02-09,7092010036362003,EBM-Papst Mulfingen GmbH & Co. KG,IE,E41,3375.0000,216.0000,64.6200,0.0000,0.0000,0.0000,0.0000,0.0000,0.0000,0.0000,0.0000,3655.6200,3655.6200,0.0000,True
2026-02-10,7092010036369002,EBM-Papst Mulfingen GmbH & Co. KG,IE,R32 PN8W,3375.0000,216.0000,64.6200,0.0000,0.0000,0.0000,0.0000,0.0000,0.0000,0.0000,0.0000,3655.6200,3655.6200,0.0000,True
2026-02-10,7092010035626007,EBM-Papst Mulfingen GmbH & Co. KG,PL,03-236,920.0000,58.8800,95.4300,0.0000,0.0000,0.0000,0.0000,0.0000,0.0000,0.0000,0.0000,1074.3100,1074.3100,0.0000,True
2026-02-10,7092010034044000,EBM-Papst Mulfingen GmbH & Co. KG,SK,905 01,1100.0000,70.4000,0.0000,0.0000,0.0000,0.0000,0.0000,0.0000,0.0000,0.0000,0.0000,1170.4000,1170.4000,0.0000,True
2026-02-10,7092010035387007,EBM-Papst Mulfingen GmbH & Co. KG,PL,03-236,920.0000,58.8800,95.4300,0.0000,0.0000,0.0000,0.0000,0.0000,0.0000,0.0000,0.0000,1074.3100,1074.3100,0.0000,True
2026-02-11,7092010035967001,EBM-Papst Mulfingen GmbH & Co. KG,PL,03-236,920.0000,58.8800,95.4300,0.0000,0.0000,0.0000,0.0000,0.0000,0.0000,0.0000,0.0000,1074.3100,1074.3100,0.0000,True
2026-02-11,7092010035964000,EBM-Papst Mulfingen GmbH & Co. KG,PL,03-236,920.0000,58.8800,95.4300,0.0000,0.0000,0.0000,0.0000,0.0000,0.0000,0.0000,0.0000,1074.3100,1074.3100,0.0000,True
2026-02-11,7092010034047001,EBM-Papst Mulfingen GmbH & Co. KG,SK,905 01,1100.0000,70.4000,0.0000,0.0000,0.0000,0.0000,0.0000,0.0000,0.0000,0.0000,0.0000,1170.4000,1170.4000,0.0000,True
2026-02-12,7092010035614004,EBM-Papst Mulfingen GmbH & Co. KG,GB,CM2 5,2380.0000,0.0000,0.0000,15.0000,0.0000,0.0000,0.0000,0.0000,0.0000,0.0000,0.0000,2395.0000,2395.0000,0.0000,True
2026-02-12,7092010036308001,EBM-Papst Mulfingen GmbH & Co. KG,SK,913 04,571.0000,36.5400,10.0000,0.0000,0.0000,0.0000,0.0000,0.0000,0.0000,0.0000,0.0000,617.5400,617.5400,0.0000,True
2026-02-12,7092010036310004,EBM-Papst Mulfingen GmbH & Co. KG,SK,913 11,545.0000,34.8800,5.5500,0.0000,0.0000,0.0000,0.0000,0.0000,0.0000,0.0000,0.0000,585.4300,585.4300,0.0000,True
2026-02-12,7092010035965007,EBM-Papst Mulfingen GmbH & Co. KG,PL,03-236,920.0000,58.8800,95.4300,0.0000,0.0000,0.0000,0.0000,0.0000,0.0000,0.0000,0.0000,1074.3100,1074.3100,0.0000,True
2026-02-13,7092010036736002,EBM-Papst Mulfingen GmbH & Co. KG,IE,H91,2980.8000,190.7700,47.5100,0.0000,0.0000,0.0000,0.0000,0.0000,0.0000,0.0000,0.0000,3219.0800,3219.0800,-0.0000,True
2026-02-13,7092010036782009,EBM-Papst Mulfingen GmbH & Co. KG,PL,93-231,1250.0000,0.0000,0.0000,0.0000,0.0000,0.0000,0.0000,0.0000,0.0000,0.0000,0.0000,1250.0000,1250.0000,0.0000,True
2026-02-13,7092010037399008,EBM-Papst Mulfingen GmbH & Co. KG,IE,R32 PN8W,3375.0000,216.0000,64.6200,0.0000,0.0000,0.0000,0.0000,0.0000,0.0000,0.0000,0.0000,3655.6200,3655.6200,0.0000,True
2026-02-13,7092010037403002,EBM-Papst Mulfingen GmbH & Co. KG,IE,F92,3325.0000,212.8000,64.6200,0.0000,0.0000,0.0000,0.0000,0.0000,0.0000,0.0000,0.0000,3602.4200,3602.4200,0.0000,True
2026-02-13,7092010037407000,EBM-Papst Mulfingen GmbH & Co. KG,IE,F92,3325.0000,212.8000,64.6200,0.0000,0.0000,0.0000,0.0000,0.0000,0.0000,0.0000,0.0000,3602.4200,3602.4200,0.0000,True
2026-02-13,7092010036306007,EBM-Papst Mulfingen GmbH & Co. KG,PL,59-241,79.0000,5.0600,2.4800,0.0000,0.0000,0.0000,0.0000,0.0000,0.0000,0.0000,0.0000,86.5400,86.5400,0.0000,True
2026-02-13,7092010036322007,EBM-Papst Mulfingen GmbH & Co. KG,EE,75306,350.0000,22.4000,0.0000,0.0000,0.0000,0.0000,0.0000,0.0000,0.0000,0.0000,0.0000,372.4000,372.4000,0.0000,True
2026-02-13,7092010034675006,EBM-Papst Mulfingen GmbH & Co. KG,EE,75306,150.0000,9.6000,0.0000,0.0000,0.0000,0.0000,0.0000,0.0000,0.0000,0.0000,0.0000,159.6000,159.6000,0.0000,True
2026-02-13,7092010037394003,EBM-Papst Mulfingen GmbH & Co. KG,IE,R32 PN8W,3375.0000,216.0000,64.6200,0.0000,0.0000,0.0000,0.0000,0.0000,0.0000,0.0000,0.0000,3655.6200,3655.6200,0.0000,True
2026-02-13,7092010036894009,EBM-Papst Mulfingen GmbH & Co. KG,EE,75306,0.0000,0.0000,0.0000,0.0000,0.0000,0.0000,0.0000,0.0000,0.0000,0.0000,0.0000,0.0000,0.0000,0.0000,True
2026-02-13,7092010036313005,EBM-Papst Mulfingen GmbH & Co. KG,SI,4202,139.0000,8.9000,1.7100,0.0000,0.0000,0.0000,0.0000,0.0000,0.0000,0.0000,0.0000,149.6100,149.6100,0.0000,True
2026-02-16,7092010036852009,EBM-Papst Mulfingen GmbH & Co. KG,PL,03-236,920.0000,58.8800,95.4300,0.0000,0.0000,0.0000,0.0000,0.0000,0.0000,0.0000,0.0000,1074.3100,1074.3100,0.0000,True
2026-02-17,7092010037037009,EBM-Papst Mulfingen GmbH & Co. KG,PL,03-236,920.0000,58.8800,95.4300,0.0000,0.0000,0.0000,0.0000,0.0000,0.0000,0.0000,0.0000,1074.3100,1074.3100,0.0000,True
2026-02-17,7092010037374005,EBM-Papst Mulfingen GmbH & Co. KG,HR,52460,620.0000,39.6800,13.6400,0.0000,0.0000,0.0000,0.0000,0.0000,0.0000,0.0000,0.0000,673.3200,673.3200,0.0000,True
2026-02-17,7092010037371004,EBM-Papst Mulfingen GmbH & Co. KG,HR,52460,1300.0000,83.2000,57.9900,0.0000,0.0000,0.0000,0.0000,0.0000,0.0000,0.0000,0.0000,1441.1900,1441.1900,0.0000,True
2026-02-18,7092010037360008,EBM-Papst Mulfingen GmbH & Co. KG,HR,52460,1300.0000,83.2000,57.9900,0.0000,0.0000,0.0000,0.0000,0.0000,0.0000,0.0000,0.0000,1441.1900,1441.1900,0.0000,True
2026-02-18,7092010037372001,EBM-Papst Mulfingen GmbH & Co. KG,HR,52460,1300.0000,83.2000,57.9900,0.0000,0.0000,0.0000,0.0000,0.0000,0.0000,0.0000,0.0000,1441.1900,1441.1900,0.0000,True
2026-02-18,7092010037011009,EBM-Papst Mulfingen GmbH & Co. KG,SK,905 01,1100.0000,70.4000,0.0000,0.0000,0.0000,0.0000,0.0000,0.0000,0.0000,0.0000,0.0000,1170.4000,1170.4000,0.0000,True
2026-02-18,7092010037389009,EBM-Papst Mulfingen GmbH & Co. KG,PL,03-236,920.0000,58.8800,95.4300,0.0000,0.0000,0.0000,0.0000,0.0000,0.0000,0.0000,0.0000,1074.3100,1074.3100,0.0000,True
2026-02-18,7092010037925009,EBM-Papst Mulfingen GmbH & Co. KG,DE,74673,594.0000,38.0200,5.5500,0.0000,0.0000,0.0000,0.0000,0.0000,0.0000,0.0000,0.0000,637.5700,637.5700,0.0000,True
2026-02-18,7092010037926006,EBM-Papst Mulfingen GmbH & Co. KG,PL,59-241,611.2500,39.1200,64.4000,0.0000,0.0000,0.0000,0.0000,0.0000,0.0000,0.0000,0.0000,714.7700,714.7700,0.0000,True
2026-02-19,7092010038159007,EBM-Papst Mulfingen GmbH & Co. KG,RS,18400,0.0000,0.0000,0.0000,0.0000,0.0000,0.0000,0.0000,0.0000,0.0000,0.0000,0.0000,0.0000,0.0000,0.0000,True
2026-02-19,7092010037840005,EBM-Papst Mulfingen GmbH & Co. KG,PL,93-231,715.0000,0.0000,0.0000,0.0000,0.0000,0.0000,0.0000,0.0000,0.0000,0.0000,0.0000,715.0000,715.0000,0.0000,True
2026-02-19,7092010038155009,EBM-Papst Mulfingen GmbH & Co. KG,SK,913 04,174.0000,11.1400,1.1100,0.0000,0.0000,0.0000,0.0000,0.0000,0.0000,0.0000,0.0000,186.2500,186.2500,0.0000,True
2026-02-19,7092010038157003,EBM-Papst Mulfingen GmbH & Co. KG,SK,913 11,546.0000,34.9400,4.4400,0.0000,0.0000,0.0000,0.0000,0.0000,0.0000,0.0000,0.0000,585.3800,585.3800,-0.0000,True
2026-02-20,7092010037604003,EBM-Papst Mulfingen GmbH & Co. KG,SK,905 01,1100.0000,70.4000,0.0000,0.0000,0.0000,0.0000,0.0000,0.0000,0.0000,0.0000,0.0000,1170.4000,1170.4000,0.0000,True
2026-02-20,7092010038321008,EBM-Papst Mulfingen GmbH & Co. KG,IE,R32 PN8W,3375.0000,216.0000,64.6200,0.0000,0.0000,0.0000,0.0000,0.0000,0.0000,0.0000,0.0000,3655.6200,3655.6200,0.0000,True
2026-02-20,7092010038405005,EBM-Papst Mulfingen GmbH & Co. KG,PL,03-236,920.0000,58.8800,95.4300,0.0000,0.0000,0.0000,0.0000,0.0000,0.0000,0.0000,0.0000,1074.3100,1074.3100,0.0000,True
2026-02-20,7092010038154002,EBM-Papst Mulfingen GmbH & Co. KG,PL,03-236,920.0000,58.8800,95.4300,0.0000,0.0000,0.0000,0.0000,0.0000,0.0000,0.0000,0.0000,1074.3100,1074.3100,0.0000,True
2026-02-20,7092010038181008,EBM-Papst Mulfingen GmbH & Co. KG,EE,75306,460.0000,29.4400,0.0000,0.0000,0.0000,0.0000,0.0000,0.0000,0.0000,0.0000,0.0000,489.4400,489.4400,0.0000,True
2026-02-20,7092010038341006,EBM-Papst Mulfingen GmbH & Co. KG,IE,H91,2149.9000,137.5900,28.5100,0.0000,0.0000,0.0000,0.0000,0.0000,0.0000,0.0000,0.0000,2316.0000,2316.0000,-0.0000,True
2026-02-20,7092010038324009,EBM-Papst Mulfingen GmbH & Co. KG,IE,R32 PN8W,3375.0000,216.0000,64.6200,0.0000,0.0000,0.0000,0.0000,0.0000,0.0000,0.0000,0.0000,3655.6200,3655.6200,0.0000,True
2026-02-23,7092010039289000,EBM-Papst Mulfingen GmbH & Co. KG,IE,E41,3375.0000,216.0000,64.6200,0.0000,0.0000,0.0000,0.0000,0.0000,0.0000,0.0000,0.0000,3655.6200,3655.6200,0.0000,True
2026-02-23,7092010039006003,EBM-Papst Mulfingen GmbH & Co. KG,SK,905 01,975.0000,0.0000,0.0000,0.0000,0.0000,0.0000,0.0000,0.0000,0.0000,0.0000,0.0000,975.0000,975.0000,0.0000,True
2026-02-23,7092010038681003,EBM-Papst Mulfingen GmbH & Co. KG,PL,93-231,1125.0000,0.0000,0.0000,0.0000,0.0000,0.0000,0.0000,0.0000,0.0000,0.0000,0.0000,1125.0000,1125.0000,0.0000,True
2026-02-24,7092010038926005,EBM-Papst Mulfingen GmbH & Co. KG,PL,03-236,920.0000,58.8800,95.4300,0.0000,0.0000,0.0000,0.0000,0.0000,0.0000,0.0000,0.0000,1074.3100,1074.3100,0.0000,True
2026-02-25,7092010039445000,EBM-Papst Mulfingen GmbH & Co. KG,PL,59-241,533.7500,34.1600,49.5400,0.0000,0.0000,0.0000,0.0000,0.0000,0.0000,0.0000,0.0000,617.4500,617.4500,0.0000,True
2026-02-26,7092010039773004,EBM-Papst Mulfingen GmbH & Co. KG,PL,03-236,920.0000,58.8800,95.4300,0.0000,0.0000,0.0000,0.0000,0.0000,0.0000,0.0000,0.0000,1074.3100,1074.3100,0.0000,True
2026-02-27,7092010038919007,EBM-Papst Mulfingen GmbH & Co. KG,GB,CM2 5,2380.0000,152.3200,0.0000,0.0000,0.0000,0.0000,0.0000,0.0000,0.0000,0.0000,0.0000,2532.3200,2532.3200,0.0000,True
2026-02-27,7092010039973008,EBM-Papst Mulfingen GmbH & Co. KG,SI,4202,139.0000,11.2600,1.7100,0.0000,0.0000,0.0000,0.0000,0.0000,0.0000,0.0000,0.0000,151.9700,151.9700,0.0000,True
2026-02-27,7092010040013007,EBM-Papst Mulfingen GmbH & Co. KG,EE,75306,260.0000,21.0600,0.0000,0.0000,0.0000,0.0000,0.0000,0.0000,0.0000,0.0000,0.0000,281.0600,281.0600,0.0000,True
2026-02-27,7092010040466001,EBM-Papst Mulfingen GmbH & Co. KG,PL,32-050,0.0000,0.0000,0.0000,0.0000,0.0000,0.0000,0.0000,0.0000,0.0000,0.0000,0.0000,0.0000,0.0000,0.0000,True
2026-02-27,7092010039965003,EBM-Papst Mulfingen GmbH & Co. KG,SK,913 11,546.0000,44.2300,4.4400,0.0000,0.0000,0.0000,0.0000,0.0000,0.0000,0.0000,0.0000,594.6700,594.6700,-0.0000,True
2026-02-27,7092010040436004,EBM-Papst Mulfingen GmbH & Co. KG,SI,4223,510.0000,32.6400,10.2300,0.0000,0.0000,0.0000,0.0000,0.0000,0.0000,0.0000,0.0000,552.8700,552.8700,0.0000,True
2026-02-27,7092010039971004,EBM-Papst Mulfingen GmbH & Co. KG,PL,93-231,0.0000,0.0000,0.0000,0.0000,0.0000,0.0000,0.0000,0.0000,0.0000,0.0000,0.0000,0.0000,0.0000,0.0000,True
2026-02-27,7092010040001004,EBM-Papst Mulfingen GmbH & Co. KG,PL,03-236,920.0000,58.8800,95.4300,0.0000,0.0000,0.0000,0.0000,0.0000,0.0000,0.0000,0.0000,1074.3100,1074.3100,0.0000,True
2026-02-27,7092010040384008,EBM-Papst Mulfingen GmbH & Co. KG,IE,R32 PN8W,1871.9000,119.8000,24.7100,0.0000,0.0000,0.0000,0.0000,0.0000,0.0000,0.0000,0.0000,2016.4100,2016.4100,0.0000,True
2026-02-27,7092010040426005,EBM-Papst Mulfingen GmbH & Co. KG,IE,H91,3055.5000,195.5500,49.4200,0.0000,0.0000,0.0000,0.0000,0.0000,0.0000,0.0000,0.0000,3300.4700,3300.4700,-0.0000,True
2026-03-02,7092010039422001,EBM-Papst Mulfingen GmbH & Co. KG,GB,CM2 5,2380.0000,192.7800,0.0000,15.0000,0.0000,0.0000,0.0000,0.0000,0.0000,0.0000,0.0000,2587.7800,2587.7800,0.0000,True
2026-03-03,7092010041294009,EBM-Papst Mulfingen GmbH & Co. KG,SI,1370,305.0000,24.7100,5.1200,0.0000,0.0000,0.0000,0.0000,0.0000,0.0000,0.0000,0.0000,334.8300,334.8300,0.0000,True
2026-03-03,7092010040781005,EBM-Papst Mulfingen GmbH & Co. KG,PL,93-231,975.0000,0.0000,0.0000,0.0000,0.0000,0.0000,0.0000,0.0000,0.0000,0.0000,0.0000,975.0000,975.0000,0.0000,True
2026-03-03,7092010041885009,EBM-Papst Mulfingen GmbH & Co. KG,IE,E41,3375.0000,273.3800,64.6200,0.0000,0.0000,0.0000,0.0000,0.0000,0.0000,0.0000,25.0000,3738.0000,3738.0000,0.0000,True
2026-03-03,7092010040896006,EBM-Papst Mulfingen GmbH & Co. KG,SK,905 01,960.0000,77.7600,37.7600,0.0000,0.0000,0.0000,0.0000,0.0000,0.0000,0.0000,0.0000,1075.5200,1075.5200,0.0000,True
2026-03-03,7092010040780008,EBM-Papst Mulfingen GmbH & Co. KG,PL,03-236,920.0000,74.5200,95.4300,0.0000,0.0000,0.0000,0.0000,0.0000,0.0000,0.0000,0.0000,1089.9500,1089.9500,0.0000,True
2026-03-04,7092010040598009,EBM-Papst Mulfingen GmbH & Co. KG,SK,905 01,1100.0000,89.1000,0.0000,0.0000,0.0000,0.0000,0.0000,0.0000,0.0000,0.0000,0.0000,1189.1000,1189.1000,0.0000,True
2026-03-04,7092010039774001,EBM-Papst Mulfingen GmbH & Co. KG,PL,03-236,920.0000,74.5200,95.4300,0.0000,0.0000,0.0000,0.0000,0.0000,0.0000,0.0000,0.0000,1089.9500,1089.9500,0.0000,True
2026-03-04,7092010039426009,EBM-Papst Mulfingen GmbH & Co. KG,GB,CM2 5,2380.0000,192.7800,0.0000,15.0000,0.0000,0.0000,0.0000,0.0000,0.0000,0.0000,0.0000,2587.7800,2587.7800,0.0000,True
2026-03-04,7092010041400004,EBM-Papst Mulfingen GmbH & Co. KG,PL,59-241,477.0000,38.6400,39.6300,0.0000,0.0000,0.0000,0.0000,0.0000,0.0000,0.0000,0.0000,555.2700,555.2700,0.0000,True
2026-03-05,7092010041535003,EBM-Papst Mulfingen GmbH & Co. KG,PL,03-236,920.0000,74.5200,95.4300,0.0000,0.0000,0.0000,0.0000,0.0000,0.0000,0.0000,0.0000,1089.9500,1089.9500,0.0000,True
2026-03-06,7092010039427006,EBM-Papst Mulfingen GmbH & Co. KG,GB,CM77 8QN,0.0000,0.0000,0.0000,0.0000,0.0000,0.0000,0.0000,0.0000,0.0000,0.0000,0.0000,0.0000,0.0000,0.0000,True
2026-03-06,7092010041907008,EBM-Papst Mulfingen GmbH & Co. KG,PL,03-236,920.0000,74.5200,95.4300,0.0000,0.0000,0.0000,0.0000,0.0000,0.0000,0.0000,0.0000,1089.9500,1089.9500,0.0000,True
2026-03-06,7092010042048007,EBM-Papst Mulfingen GmbH & Co. KG,IE,R32 PN8W,1871.9000,151.6200,24.7100,0.0000,0.0000,0.0000,0.0000,0.0000,0.0000,0.0000,25.0000,2073.2300,2073.2300,0.0000,True
2026-03-06,7092010042351008,EBM-Papst Mulfingen GmbH & Co. KG,PL,93-231,695.0000,0.0000,0.0000,0.0000,0.0000,0.0000,0.0000,0.0000,0.0000,0.0000,0.0000,695.0000,695.0000,0.0000,True
2026-03-06,7092010041984009,EBM-Papst Mulfingen GmbH & Co. KG,SK,905 01,494.0000,40.0100,6.6600,0.0000,0.0000,0.0000,0.0000,0.0000,0.0000,0.0000,0.0000,540.6700,540.6700,0.0000,True
2026-03-06,7092010042775002,EBM-Papst Mulfingen GmbH & Co. KG,IE,H91,3505.0000,283.9100,64.6200,0.0000,0.0000,0.0000,0.0000,0.0000,0.0000,0.0000,25.0000,3878.5300,3878.5300,0.0000,True
2026-03-06,7092010041908005,EBM-Papst Mulfingen GmbH & Co. KG,PL,03-236,920.0000,74.5200,95.4300,0.0000,0.0000,0.0000,0.0000,0.0000,0.0000,0.0000,0.0000,1089.9500,1089.9500,0.0000,True
2026-03-06,7092010042770007,EBM-Papst Mulfingen GmbH & Co. KG,IE,R32 PN8W,3375.0000,273.3800,64.6200,0.0000,0.0000,0.0000,0.0000,0.0000,0.0000,0.0000,25.0000,3738.0000,3738.0000,0.0000,True
2026-03-06,7092010041940005,EBM-Papst Mulfingen GmbH & Co. KG,EE,75306,660.0000,53.4600,0.0000,0.0000,0.0000,0.0000,0.0000,0.0000,0.0000,0.0000,0.0000,713.4600,713.4600,0.0000,True
2026-03-06,7092010042046003,EBM-Papst Mulfingen GmbH & Co. KG,PL,70-895,0.0000,0.0000,0.0000,0.0000,0.0000,0.0000,0.0000,0.0000,0.0000,0.0000,0.0000,0.0000,0.0000,0.0000,True
2026-03-06,7092010042765003,EBM-Papst Mulfingen GmbH & Co. KG,IE,R32 PN8W,3375.0000,273.3800,64.6200,0.0000,0.0000,0.0000,0.0000,0.0000,0.0000,0.0000,25.0000,3738.0000,3738.0000,0.0000,True
2026-03-09,7092010042292004,EBM-Papst Mulfingen GmbH & Co. KG,PL,03-236,920.0000,74.5200,95.4300,0.0000,0.0000,0.0000,0.0000,0.0000,0.0000,0.0000,0.0000,1089.9500,1089.9500,0.0000,True
2026-03-09,7092010042296002,EBM-Papst Mulfingen GmbH & Co. KG,PL,03-236,920.0000,74.5200,95.4300,0.0000,0.0000,0.0000,0.0000,0.0000,0.0000,0.0000,0.0000,1089.9500,1089.9500,0.0000,True
2026-03-09,7092010040600009,EBM-Papst Mulfingen GmbH & Co. KG,SK,905 01,1100.0000,89.1000,0.0000,0.0000,0.0000,0.0000,0.0000,0.0000,0.0000,0.0000,0.0000,1189.1000,1189.1000,0.0000,True
2026-03-10,7092010042291007,EBM-Papst Mulfingen GmbH & Co. KG,SK,905 01,1100.0000,89.1000,0.0000,0.0000,0.0000,0.0000,0.0000,0.0000,0.0000,0.0000,0.0000,1189.1000,1189.1000,0.0000,True
2026-03-10,7092010042616008,EBM-Papst Mulfingen GmbH & Co. KG,PL,03-236,920.0000,74.5200,95.4300,0.0000,0.0000,0.0000,0.0000,0.0000,0.0000,0.0000,0.0000,1089.9500,1089.9500,0.0000,True
2026-03-11,7092010042297009,EBM-Papst Mulfingen GmbH & Co. KG,SK,905 01,1100.0000,89.1000,0.0000,0.0000,0.0000,0.0000,0.0000,0.0000,0.0000,0.0000,0.0000,1189.1000,1189.1000,0.0000,True
2026-03-11,7092010042295005,EBM-Papst Mulfingen GmbH & Co. KG,SK,905 01,1100.0000,89.1000,0.0000,0.0000,0.0000,0.0000,0.0000,0.0000,0.0000,0.0000,0.0000,1189.1000,1189.1000,0.0000,True
2026-03-12,7092010043098001,EBM-Papst Mulfingen GmbH & Co. KG,DE,74673,1195.0000,0.0000,0.0000,0.0000,0.0000,0.0000,0.0000,0.0000,0.0000,0.0000,0.0000,1195.0000,1195.0000,0.0000,True
2026-03-12,7092010042822003,EBM-Papst Mulfingen GmbH & Co. KG,SK,905 01,960.0000,77.7600,37.7600,0.0000,0.0000,0.0000,0.0000,0.0000,0.0000,0.0000,0.0000,1075.5200,1075.5200,0.0000,True
2026-03-12,7092010042998005,EBM-Papst Mulfingen GmbH & Co. KG,PL,03-236,920.0000,74.5200,95.4300,0.0000,0.0000,0.0000,0.0000,0.0000,0.0000,0.0000,0.0000,1089.9500,1089.9500,0.0000,True
2026-03-12,7092010043360009,EBM-Papst Mulfingen GmbH & Co. KG,PL,59-220,645.0000,52.2500,84.2100,0.0000,0.0000,0.0000,0.0000,0.0000,0.0000,0.0000,0.0000,781.4600,781.4600,0.0000,True
2026-03-13,7092010043266004,EBM-Papst Mulfingen GmbH & Co. KG,GB,CM2 5,2380.0000,192.7800,0.0000,15.0000,0.0000,0.0000,0.0000,0.0000,0.0000,0.0000,0.0000,2587.7800,2587.7800,0.0000,True
2026-03-13,7092010043646004,EBM-Papst Mulfingen GmbH & Co. KG,PL,03-236,920.0000,74.5200,95.4300,0.0000,0.0000,0.0000,0.0000,0.0000,0.0000,0.0000,0.0000,1089.9500,1089.9500,0.0000,True
2026-03-13,7092010043573003,EBM-Papst Mulfingen GmbH & Co. KG,PL,93-231,975.0000,0.0000,0.0000,0.0000,0.0000,0.0000,0.0000,0.0000,0.0000,0.0000,0.0000,975.0000,975.0000,0.0000,True
2026-03-13,7092010043624002,EBM-Papst Mulfingen GmbH & Co. KG,EE,75306,350.0000,28.3500,0.0000,0.0000,0.0000,0.0000,0.0000,0.0000,0.0000,0.0000,0.0000,378.3500,378.3500,0.0000,True
2026-03-13,7092010044350009,EBM-Papst Mulfingen GmbH & Co. KG,IE,E41,3375.0000,273.3800,64.6200,0.0000,0.0000,0.0000,0.0000,0.0000,0.0000,0.0000,25.0000,3738.0000,3738.0000,0.0000,True
2026-03-13,7092010043559007,EBM-Papst Mulfingen GmbH & Co. KG,SK,913 11,571.0000,46.2500,10.0000,0.0000,0.0000,0.0000,0.0000,0.0000,0.0000,0.0000,0.0000,627.2500,627.2500,0.0000,True
2026-03-13,7092010043772000,EBM-Papst Mulfingen GmbH & Co. KG,IE,R32 PN8W,2726.4000,220.8400,43.7100,0.0000,0.0000,0.0000,0.0000,0.0000,0.0000,0.0000,25.0000,3015.9500,3015.9500,-0.0000,True
2026-03-13,7092010043560003,EBM-Papst Mulfingen GmbH & Co. KG,PL,59-241,79.0000,6.4000,2.4800,0.0000,0.0000,0.0000,0.0000,0.0000,0.0000,0.0000,0.0000,87.8800,87.8800,-0.0000,True
2026-03-13,7092010043791001,EBM-Papst Mulfingen GmbH & Co. KG,IE,R32 PN8W,3375.0000,273.3800,64.6200,0.0000,0.0000,0.0000,0.0000,0.0000,0.0000,0.0000,25.0000,3738.0000,3738.0000,0.0000,True
2026-03-13,7092010044348006,EBM-Papst Mulfingen GmbH & Co. KG,IE,H91,3505.0000,283.9100,64.6200,0.0000,0.0000,0.0000,0.0000,0.0000,0.0000,0.0000,25.0000,3878.5300,3878.5300,0.0000,True
2026-03-16,7092010043944001,EBM-Papst Mulfingen GmbH & Co. KG,PL,03-236,920.0000,74.5200,95.4300,0.0000,0.0000,0.0000,0.0000,0.0000,0.0000,0.0000,0.0000,1089.9500,1089.9500,0.0000,True
2026-03-16,7092010044236006,EBM-Papst Mulfingen GmbH & Co. KG,HR,52460,1300.0000,105.3000,51.1700,0.0000,0.0000,0.0000,0.0000,0.0000,0.0000,0.0000,0.0000,1456.4700,1456.4700,0.0000,True
2026-03-17,7092010044243004,EBM-Papst Mulfingen GmbH & Co. KG,SK,905 01,960.0000,77.7600,37.7600,0.0000,0.0000,0.0000,0.0000,0.0000,0.0000,0.0000,0.0000,1075.5200,1075.5200,0.0000,True
2026-03-17,7092010044230004,EBM-Papst Mulfingen GmbH & Co. KG,PL,03-236,1175.0000,0.0000,0.0000,0.0000,0.0000,0.0000,0.0000,0.0000,0.0000,0.0000,0.0000,1175.0000,1175.0000,0.0000,True
2026-03-17,7092010044753008,EBM-Papst Mulfingen GmbH & Co. KG,HR,52460,620.0000,50.2200,13.6400,0.0000,0.0000,0.0000,0.0000,0.0000,0.0000,0.0000,0.0000,683.8600,683.8600,0.0000,True
2026-03-18,7092010044241000,EBM-Papst Mulfingen GmbH & Co. KG,PL,32-050,1110.0000,0.0000,0.0000,0.0000,0.0000,0.0000,0.0000,0.0000,0.0000,0.0000,0.0000,1110.0000,1110.0000,0.0000,True
2026-03-18,7092010044233005,EBM-Papst Mulfingen GmbH & Co. KG,PL,03-236,1295.0000,0.0000,0.0000,0.0000,0.0000,0.0000,0.0000,0.0000,0.0000,0.0000,0.0000,1295.0000,1295.0000,0.0000,True
2026-03-18,7092010045181008,EBM-Papst Mulfingen GmbH & Co. KG,GB,CM2 5,2380.0000,192.7800,0.0000,15.0000,0.0000,0.0000,0.0000,0.0000,0.0000,0.0000,0.0000,2587.7800,2587.7800,0.0000,True
2026-03-18,7092010045064004,EBM-Papst Mulfingen GmbH & Co. KG,SK,905 01,960.0000,77.7600,37.7600,0.0000,0.0000,0.0000,0.0000,0.0000,0.0000,0.0000,0.0000,1075.5200,1075.5200,0.0000,True
2026-03-19,7092010044805004,EBM-Papst Mulfingen GmbH & Co. KG,PL,59-220,477.0000,38.6400,39.6300,0.0000,0.0000,0.0000,0.0000,0.0000,0.0000,0.0000,65.0000,620.2700,620.2700,0.0000,True
2026-03-20,7092010045709004,EBM-Papst Mulfingen GmbH & Co. KG,SI,4202,139.0000,11.2600,1.7100,0.0000,0.0000,0.0000,0.0000,0.0000,0.0000,0.0000,0.0000,151.9700,151.9700,0.0000,True
2026-03-20,7092010045713001,EBM-Papst Mulfingen GmbH & Co. KG,SK,913 11,174.0000,14.0900,1.1100,0.0000,0.0000,0.0000,0.0000,0.0000,0.0000,0.0000,0.0000,189.2000,189.2000,-0.0000,True
2026-03-20,7092010046498006,EBM-Papst Mulfingen GmbH & Co. KG,IE,R32 PN8W,3375.0000,273.3800,64.6200,0.0000,0.0000,0.0000,0.0000,0.0000,0.0000,0.0000,25.0000,3738.0000,3738.0000,0.0000,True
2026-03-20,7092010045710000,EBM-Papst Mulfingen GmbH & Co. KG,SK,905 01,313.0000,25.3500,2.2200,0.0000,0.0000,0.0000,0.0000,0.0000,0.0000,0.0000,0.0000,340.5700,340.5700,-0.0000,True
2026-03-20,7092010045742001,EBM-Papst Mulfingen GmbH & Co. KG,SK,913 11,174.0000,14.0900,1.1100,0.0000,0.0000,0.0000,0.0000,0.0000,0.0000,0.0000,0.0000,189.2000,189.2000,-0.0000,True
2026-03-20,7092010046497009,EBM-Papst Mulfingen GmbH & Co. KG,IE,R32 PN8W,3375.0000,273.3800,64.6200,0.0000,0.0000,0.0000,0.0000,0.0000,0.0000,0.0000,25.0000,3738.0000,3738.0000,0.0000,True
2026-03-20,7092010046494008,EBM-Papst Mulfingen GmbH & Co. KG,IE,R32 PN8W,3375.0000,273.3800,64.6200,0.0000,0.0000,0.0000,0.0000,0.0000,0.0000,0.0000,25.0000,3738.0000,3738.0000,0.0000,True
2026-03-20,7092010046499003,EBM-Papst Mulfingen GmbH & Co. KG,IE,H91,3505.0000,283.9100,64.6200,0.0000,0.0000,0.0000,0.0000,0.0000,0.0000,0.0000,25.0000,3878.5300,3878.5300,0.0000,True
2026-03-23,7092010045451002,EBM-Papst Mulfingen GmbH & Co. KG,SK,905 01,1100.0000,89.1000,0.0000,0.0000,0.0000,0.0000,0.0000,0.0000,0.0000,0.0000,0.0000,1189.1000,1189.1000,0.0000,True
2026-03-23,7092010045739001,EBM-Papst Mulfingen GmbH & Co. KG,PL,03-236,920.0000,74.5200,95.4300,0.0000,0.0000,0.0000,0.0000,0.0000,0.0000,0.0000,0.0000,1089.9500,1089.9500,0.0000,True
2026-03-23,7092010046500006,EBM-Papst Mulfingen GmbH & Co. KG,IE,E41,3375.0000,273.3800,64.6200,0.0000,0.0000,0.0000,0.0000,0.0000,0.0000,0.0000,25.0000,3738.0000,3738.0000,0.0000,True
2026-03-24,7092010045452009,EBM-Papst Mulfingen GmbH & Co. KG,SK,905 01,1100.0000,89.1000,0.0000,0.0000,0.0000,0.0000,0.0000,0.0000,0.0000,0.0000,0.0000,1189.1000,1189.1000,0.0000,True
2026-03-25,7092010046451001,EBM-Papst Mulfingen GmbH & Co. KG,PL,03-236,920.0000,74.5200,95.4300,0.0000,0.0000,0.0000,0.0000,0.0000,0.0000,0.0000,0.0000,1089.9500,1089.9500,0.0000,True
2026-03-25,7092010046544000,EBM-Papst Mulfingen GmbH & Co. KG,PL,93-231,795.0000,0.0000,0.0000,0.0000,0.0000,0.0000,0.0000,0.0000,0.0000,0.0000,0.0000,795.0000,795.0000,0.0000,True
2026-03-25,7092010046553002,EBM-Papst Mulfingen GmbH & Co. KG,SK,913 11,174.0000,14.0900,1.1100,0.0000,0.0000,0.0000,0.0000,0.0000,0.0000,0.0000,0.0000,189.2000,189.2000,-0.0000,True
2026-03-26,7092010046550001,EBM-Papst Mulfingen GmbH & Co. KG,PL,70-895,0.0000,0.0000,0.0000,0.0000,0.0000,0.0000,0.0000,0.0000,0.0000,0.0000,0.0000,0.0000,0.0000,0.0000,True
2026-03-26,7092010046555006,EBM-Papst Mulfingen GmbH & Co. KG,SI,4202,139.0000,11.2600,1.7100,0.0000,0.0000,0.0000,0.0000,0.0000,0.0000,0.0000,0.0000,151.9700,151.9700,0.0000,True
2026-03-27,7092010047060004,EBM-Papst Mulfingen GmbH & Co. KG,PL,93-231,415.0000,0.0000,0.0000,0.0000,0.0000,0.0000,0.0000,0.0000,0.0000,0.0000,0.0000,415.0000,415.0000,0.0000,True
2026-03-27,7092010047063005,EBM-Papst Mulfingen GmbH & Co. KG,PL,59-220,477.0000,38.6400,39.6300,0.0000,0.0000,0.0000,0.0000,0.0000,0.0000,0.0000,0.0000,555.2700,555.2700,0.0000,True
2026-03-27,7092010047241007,EBM-Papst Mulfingen GmbH & Co. KG,IE,R32 PN8W,2510.5000,203.3500,38.0100,0.0000,0.0000,0.0000,0.0000,0.0000,0.0000,0.0000,25.0000,2776.8600,2776.8600,0.0000,True
2026-03-27,7092010047446006,EBM-Papst Mulfingen GmbH & Co. KG,GB,CM2 5,2380.0000,192.7800,0.0000,15.0000,0.0000,0.0000,0.0000,0.0000,0.0000,0.0000,0.0000,2587.7800,2587.7800,0.0000,True
2026-03-30,7092010047820004,EBM-Papst Mulfingen GmbH & Co. KG,DE,74673,0.0000,0.0000,0.0000,0.0000,0.0000,0.0000,0.0000,0.0000,0.0000,0.0000,0.0000,0.0000,0.0000,0.0000,True
2026-03-30,7092010045715005,EBM-Papst Mulfingen GmbH & Co. KG,EE,75306,150.0000,12.1500,0.0000,0.0000,0.0000,0.0000,0.0000,0.0000,0.0000,0.0000,0.0000,162.1500,162.1500,0.0000,True
2026-03-30,7092010047495004,EBM-Papst Mulfingen GmbH & Co. KG,EE,75306,0.0000,0.0000,0.0000,0.0000,0.0000,0.0000,0.0000,0.0000,0.0000,0.0000,0.0000,0.0000,0.0000,0.0000,True
