lane,auftragsnr,leistdatum,nach_ort,ausgangsrel,stpl,betrag,dlv_expected,delta,ratio,category,phase
IT-Padova,7091200010881007,2026-01-09,Padova,3721,29.3000,1063.7500,948.1250,115.6250,1.1220,muster_c_over,in_dlv
IT-Padova,7091200010835000,2026-01-05,Padova,3516,19.0000,650.8800,650.8750,0.0050,1.0000,exact_match,in_dlv
IT-Padova,7091200010840004,2026-01-07,Padova,3516,26.0000,911.1300,866.1250,45.0050,1.0520,muster_c_over,in_dlv
IT-Padova,7091200010867001,2026-01-09,Padova,3516,16.0000,558.6300,558.6250,0.0050,1.0000,exact_match,in_dlv
IT-Padova,7091200010886002,2026-01-12,Padova,3516,30.1000,973.7500,973.7500,0.0000,1.0000,exact_match,in_dlv
IT-Padova,7091200010917003,2026-01-13,Padova,3516,23.0000,843.3800,753.3750,90.0050,1.1195,muster_c_over,in_dlv
IT-Padova,7091200010927002,2026-01-14,Padova,3516,15.0000,572.8800,527.8750,45.0050,1.0853,muster_c_over,in_dlv
IT-Padova,7091200010936004,2026-01-15,Padova,3721,18.1000,740.8800,630.3750,110.5050,1.1753,muster_c_over,in_dlv
IT-Padova,7091200010942005,2026-01-16,Padova,3721,19.2500,766.5000,650.8750,115.6250,1.1776,muster_c_over,in_dlv
IT-Padova,7091200010963000,2026-01-19,Padova,3516,20.0000,766.5000,676.5000,90.0000,1.1330,muster_c_over,in_dlv
IT-Padova,7091200010977007,2026-01-20,Padova,3721,17.0000,603.6200,599.6250,3.9950,1.0067,other,in_dlv
IT-Padova,7091200010991003,2026-01-21,Padova,3516,28.0000,1007.3800,917.3750,90.0050,1.0981,muster_c_over,in_dlv
IT-Padova,7091200011016002,2026-01-23,Padova,3721,24.0000,874.1300,784.1250,90.0050,1.1148,muster_c_over,in_dlv
IT-Padova,7091200010999009,2026-01-22,Padova,3721,8.0000,322.8800,322.8750,0.0050,1.0000,exact_match,in_dlv
IT-Padova,7091200011051003,2026-01-26,Padova,3721,10.0000,410.0000,410.0000,0.0000,1.0000,exact_match,in_dlv
IT-Padova,7091200011117006,2026-02-02,Padova,3516,26.0000,911.1300,866.1250,45.0050,1.0520,muster_c_over,in_dlv
IT-Padova,7091200011139008,2026-02-04,Padova,3516,20.0000,721.5000,676.5000,45.0000,1.0665,muster_c_over,in_dlv
IT-Padova,7091200011147003,2026-02-05,Padova,3911,19.0000,695.8800,650.8750,45.0050,1.0691,muster_c_over,in_dlv
IT-Padova,7091200011178007,2026-02-06,Padova,3721,16.0000,603.6300,558.6250,45.0050,1.0806,muster_c_over,in_dlv
IT-Padova,7091200011207004,2026-02-10,Padova,3516,22.0000,757.3800,712.3750,45.0050,1.0632,muster_c_over,in_dlv
IT-Padova,7091200011235007,2026-02-13,Padova,3314,17.0000,644.6300,599.6250,45.0050,1.0751,muster_c_over,in_dlv
IT-Padova,7091200011225008,2026-02-12,Padova,3721,14.0000,557.5000,512.5000,45.0000,1.0878,muster_c_over,in_dlv
IT-Padova,7091200011137004,2026-02-03,Padova,3314,13.0000,552.3800,507.3750,45.0050,1.0887,muster_c_over,in_dlv
IT-Padova,7091200011058002,2026-01-27,Padova,3516,27.0000,941.8800,896.8750,45.0050,1.0502,muster_c_over,in_dlv
IT-Padova,7091200011083004,2026-01-28,Padova,3721,13.7000,602.5000,512.5000,90.0000,1.1756,muster_c_over,in_dlv
IT-Padova,7091200011095007,2026-01-30,Padova,3911,16.0000,603.6300,558.6250,45.0050,1.0806,muster_c_over,in_dlv
IT-Padova,7091200011090002,2026-01-29,Padova,3721,17.0000,644.6300,599.6250,45.0050,1.0751,muster_c_over,in_dlv
IT-Padova,7091200010893000,2026-01-12,Padova,3516,10.0000,410.0000,410.0000,0.0000,1.0000,exact_match,in_dlv
IT-Padova,7091200010892003,2026-01-12,Padova,3516,1.2500,82.0000,56.3750,25.6250,1.4545,muster_c_over,in_dlv
IT-Padova,7091200010827005,2026-01-05,Padova,3516,2.0000,82.0000,82.0000,0.0000,1.0000,exact_match,in_dlv
IT-Padova,7091200010825001,2026-01-05,Padova,3516,24.0000,784.1300,784.1250,0.0050,1.0000,exact_match,in_dlv
IT-Padova,7091200010863003,2026-01-08,Padova,3516,22.0000,712.3800,712.3750,0.0050,1.0000,exact_match,in_dlv
IT-Padova,7091200010862006,2026-01-08,Padova,3516,31.0000,1076.2500,1076.2500,0.0000,1.0000,exact_match,in_dlv
IT-Padova,7091200010865007,2026-01-08,Padova,3516,9.0000,384.3800,384.3750,0.0050,1.0000,exact_match,in_dlv
IT-Padova,7091200010869005,2026-01-13,Padova,3516,15.0000,527.8800,527.8750,0.0050,1.0000,exact_match,in_dlv
IT-Padova,7091200011339002,2026-02-24,Padova,3516,15.0000,572.8800,527.8750,45.0050,1.0853,muster_c_over,in_dlv
IT-Padova,7091200011323001,2026-02-27,Padova,3721,29.0000,1454.3800,948.1250,506.2550,1.5340,muster_c_over,in_dlv
IT-Padova,7091200011350007,2026-02-25,Padova,3721,18.0000,675.3800,630.3750,45.0050,1.0714,muster_c_over,in_dlv
IT-Padova,7091200011357006,2026-02-26,Padova,3721,14.0000,602.5000,512.5000,90.0000,1.1756,muster_c_over,in_dlv
IT-Padova,7091200011386006,2026-03-02,Padova,3504,24.0000,829.1300,784.1250,45.0050,1.0574,muster_c_over,in_dlv
IT-Padova,7091200011409002,2026-03-03,Padova,3504,19.5000,721.5000,676.5000,45.0000,1.0665,muster_c_over,in_dlv
IT-Padova,7091200011418004,2026-03-04,Padova,3504,18.0000,675.3800,630.3750,45.0050,1.0714,muster_c_over,in_dlv
IT-Padova,7091200011424005,2026-03-05,Padova,3721,12.0000,521.6300,476.6250,45.0050,1.0944,muster_c_over,in_dlv
IT-Padova,7091200011486003,2026-03-10,Padova,3314,17.0000,689.6300,599.6250,90.0050,1.1501,muster_c_over,in_dlv
IT-Padova,7091200011488007,2026-03-11,Padova,3504,18.0000,720.3800,630.3750,90.0050,1.1428,muster_c_over,in_dlv
IT-Padova,7091000266039005,2026-02-06,Padova,3911,,224.1700,,,,no_stpl,in_dlv
IT-Padova,7091200011500006,2026-03-12,Padova,3721,8.0000,322.8800,322.8750,0.0050,1.0000,exact_match,in_dlv
IT-Padova,7091200011523005,2026-03-13,Padova,3703,35.0000,1121.2500,1076.2500,45.0000,1.0418,muster_c_over,in_dlv
IT-Padova,7091200011442009,2026-03-06,Padova,3721,15.0000,527.8800,527.8750,0.0050,1.0000,exact_match,in_dlv
IT-Padova,7091200011545007,2026-03-17,Padova,3504,21.0000,830.4000,691.8750,138.5250,1.2002,muster_c_over,in_dlv
IT-Padova,7091200011562004,2026-03-18,Padova,3504,19.0000,695.8800,650.8750,45.0050,1.0691,muster_c_over,in_dlv
IT-Padova,7091200011537002,2026-03-16,Padova,3721,23.0000,798.3800,753.3750,45.0050,1.0597,muster_c_over,in_dlv
IT-Padova,7091200011192003,2026-02-09,Padova,3911,13.0000,552.3800,507.3750,45.0050,1.0887,muster_c_over,in_dlv
IT-Padova,7091200011222007,2026-02-11,Padova,3516,19.0000,695.8800,650.8750,45.0050,1.0691,muster_c_over,in_dlv
IT-Padova,7091200011256002,2026-02-16,Padova,3721,13.0000,552.3800,507.3750,45.0050,1.0887,muster_c_over,in_dlv
IT-Padova,7091200011263000,2026-02-17,Padova,3721,20.5000,781.8800,676.5000,105.3800,1.1558,muster_c_over,in_dlv
IT-Padova,7091200011299009,2026-02-18,Padova,3516,20.0000,721.5000,676.5000,45.0000,1.0665,muster_c_over,in_dlv
IT-Padova,7091200011318007,2026-02-20,Padova,3516,14.0000,557.5000,512.5000,45.0000,1.0878,muster_c_over,in_dlv
IT-Padova,7091200011293007,2026-02-19,Padova,3516,30.0000,1063.7500,973.7500,90.0000,1.0924,muster_c_over,in_dlv
IT-Padova,7091200011325005,2026-02-23,Padova,3721,6.0000,246.0000,246.0000,0.0000,1.0000,exact_match,in_dlv
IT-Padova,7091200011623002,2026-03-24,Padova,3504,30.0000,1041.9100,973.7500,68.1600,1.0700,muster_a_7pct,in_dlv
IT-Padova,7091200011642003,2026-03-25,Padova,3504,4.0000,191.9400,179.3750,12.5650,1.0700,muster_a_7pct,in_dlv
IT-Padova,7091200011641006,2026-03-25,Padova,3504,12.0000,509.9900,476.6250,33.3650,1.0700,muster_a_7pct,in_dlv
IT-Padova,7091200011625006,2026-03-24,Padova,3721,7.8500,390.4800,322.8750,67.6050,1.2094,muster_c_over,in_dlv
IT-Padova,7091200011657007,2026-03-26,Padova,3504,3.0000,137.1000,128.1250,8.9750,1.0700,muster_a_7pct,in_dlv
IT-Padova,7091200011653009,2026-03-26,Padova,3504,8.0000,345.4800,322.8750,22.6050,1.0700,muster_a_7pct,in_dlv
IT-Padova,7091200011683006,2026-03-27,Padova,3504,9.0100,438.7000,384.3750,54.3250,1.1413,muster_c_over,in_dlv
IT-Padova,7092010047622004,2026-03-27,Padova,3504,9.0000,411.2900,384.3750,26.9150,1.0700,muster_a_7pct,in_dlv
IT-Padova,7091200011698000,2026-03-30,Padova,3721,16.0000,597.7300,558.6250,39.1050,1.0700,muster_a_7pct,in_dlv
IT-Padova,7091200011696006,2026-03-30,Padova,3504,8.0000,345.4800,322.8750,22.6050,1.0700,muster_a_7pct,in_dlv
IT-Padova,7091200011723009,2026-04-01,Padova,3504,30.0000,1131.9100,973.7500,158.1600,1.1624,muster_c_over,in_dlv
IT-Padova,7091200011751002,2026-04-07,Padova,3721,14.0000,548.3800,512.5000,35.8800,1.0700,muster_a_7pct,in_dlv
IT-Padova,7091200011752009,2026-04-07,Padova,3721,26.0000,971.7600,866.1250,105.6350,1.1220,muster_c_over,in_dlv
IT-Padova,7091200011762008,2026-04-08,Padova,3721,18.0000,719.5100,630.3750,89.1350,1.1414,muster_c_over,in_dlv
IT-Padova,7091200011763005,2026-04-08,Padova,3721,21.0000,740.3100,691.8750,48.4350,1.0700,muster_a_7pct,in_dlv
IT-Padova,7091200011778009,2026-04-10,Padova,3721,35.0000,1241.5900,1076.2500,165.3400,1.1536,muster_c_over,in_dlv
IT-Padova,7091200011788008,2026-04-13,Padova,3721,35.0000,1151.5900,1076.2500,75.3400,1.0700,muster_a_7pct,in_dlv
IT-Padova,7091200011808003,2026-04-14,Padova,3721,23.0000,851.1200,753.3750,97.7450,1.1297,muster_c_over,in_dlv
IT-Padova,7091200011838000,2026-04-15,Padova,3721,15.0000,564.8300,527.8750,36.9550,1.0700,muster_a_7pct,in_dlv
IT-Padova,7091200011794009,2026-04-13,Padova,3721,17.0000,686.6000,599.6250,86.9750,1.1450,muster_c_over,in_dlv
IT-Padova,7091200011459007,2026-03-09,Padova,3504,8.0000,345.4800,322.8750,22.6050,1.0700,muster_a_7pct,in_dlv
IT-Padova,7091200011457003,2026-03-09,Padova,3504,4.0000,191.9400,179.3750,12.5650,1.0700,muster_a_7pct,in_dlv
IT-Padova,7091200011576001,2026-03-19,Padova,3504,3.0000,137.1000,128.1250,8.9750,1.0700,muster_a_7pct,in_dlv
IT-Padova,7091200011570009,2026-03-19,Padova,3504,8.0000,345.4800,322.8750,22.6050,1.0700,muster_a_7pct,in_dlv
IT-Padova,7091200011606005,2026-03-20,Padova,3314,4.0000,191.9400,179.3750,12.5650,1.0700,muster_a_7pct,in_dlv
IT-Padova,7091200011590007,2026-03-20,Padova,3314,9.0000,411.2900,384.3750,26.9150,1.0700,muster_a_7pct,in_dlv
IT-Padova,7091200011610002,2026-03-23,Padova,3314,7.0000,301.6100,281.8750,19.7350,1.0700,muster_a_7pct,in_dlv
IT-Padova,7091200011613003,2026-03-23,Padova,3314,6.0000,263.2200,246.0000,17.2200,1.0700,muster_a_7pct,in_dlv
IT-Padova,7091200011851009,2026-04-16,Padova,3721,20.0000,813.8600,676.5000,137.3600,1.2030,muster_c_over,in_dlv
IT-Copiano,7091200010929006,2026-01-14,Copiano,2017,14.0000,630.3800,630.3750,0.0050,1.0000,exact_match,in_dlv
IT-Copiano,7091200011141001,2026-02-04,Copiano,2017,17.5000,803.5000,758.5000,45.0000,1.0593,muster_c_over,in_dlv
IT-Copiano,7091200011220003,2026-02-12,Copiano,2017,10.0000,394.1800,507.3750,-113.1950,0.7769,muster_b_under,in_dlv
IT-Copiano,7091200010880000,2026-01-12,Copiano,2017,5.0000,331.4300,331.4337,-0.0037,1.0000,exact_match,in_dlv
IT-Copiano,7091200010916006,2026-01-13,Copiano,2017,21.0000,850.7500,850.7500,0.0000,1.0000,exact_match,in_dlv
IT-Copiano,7091200010984005,2026-01-20,Copiano,2017,20.0000,814.8800,814.8750,0.0050,1.0000,exact_match,in_dlv
IT-Copiano,7091200010992000,2026-01-21,Copiano,2017,1.2500,177.4300,115.7737,61.6563,1.5326,muster_c_over,in_dlv
IT-Copiano,7091200010995001,2026-01-22,Copiano,2017,11.0000,538.1300,538.1250,0.0050,1.0000,exact_match,in_dlv
IT-Copiano,7091200011079007,2026-01-28,Copiano,2017,16.0000,691.8800,691.8750,0.0050,1.0000,exact_match,in_dlv
IT-Copiano,7091200011077003,2026-01-28,Copiano,2017,24.0000,948.1300,948.1250,0.0050,1.0000,exact_match,in_dlv
IT-Copiano,7091200011352001,2026-02-25,Copiano,2017,18.0000,656.0000,758.5000,-102.5000,0.8649,muster_b_under,in_dlv
IT-Copiano,7091200011384002,2026-02-27,Copiano,2017,2.5000,247.8500,177.4275,70.4225,1.3969,muster_c_over,in_dlv
IT-Copiano,7091200011420007,2026-03-04,Copiano,2017,13.0000,476.6300,599.6250,-122.9950,0.7949,muster_b_under,in_dlv
IT-Copiano,7091200011490000,2026-03-11,Copiano,2017,16.0000,691.8800,691.8750,0.0050,1.0000,exact_match,in_dlv
IT-Copiano,7091200011121003,2026-02-02,Copiano,2017,15.0000,656.0000,656.0000,0.0000,1.0000,exact_match,in_dlv
IT-Copiano,7091200011125001,2026-02-03,Copiano,2017,20.0000,814.8800,814.8750,0.0050,1.0000,exact_match,in_dlv
IT-Copiano,7091200011161009,2026-02-05,Copiano,2017,8.0000,445.8800,445.8750,0.0050,1.0000,exact_match,in_dlv
IT-Copiano,7091200011182004,2026-02-06,Copiano,2017,2.5000,247.8500,177.4275,70.4225,1.3969,muster_c_over,in_dlv
IT-Copiano,7091200011568006,2026-03-18,Copiano,2017,9.0000,521.6300,476.6250,45.0050,1.0944,muster_c_over,in_dlv
IT-Copiano,7091200011210004,2026-02-11,Copiano,2017,15.0000,656.0000,656.0000,0.0000,1.0000,exact_match,in_dlv
IT-Copiano,7091200011190009,2026-02-09,Copiano,2017,2.5000,247.8500,177.4275,70.4225,1.3969,muster_c_over,in_dlv
IT-Copiano,7091200011224001,2026-02-12,Copiano,2017,2.5000,247.8500,177.4275,70.4225,1.3969,muster_c_over,in_dlv
IT-Copiano,7091200011273009,2026-02-17,Copiano,2017,22.5000,912.2500,896.8750,15.3750,1.0171,muster_c_over,in_dlv
IT-Copiano,7091200011281004,2026-02-19,Copiano,2017,10.0000,507.3800,507.3750,0.0050,1.0000,exact_match,in_dlv
IT-Copiano,7091200011313002,2026-02-20,Copiano,2017,2.5000,247.8500,177.4275,70.4225,1.3969,muster_c_over,in_dlv
IT-Copiano,7091200011344006,2026-02-24,Copiano,2017,21.0000,895.7500,850.7500,45.0000,1.0529,muster_c_over,in_dlv
IT-Copiano,7091200011624009,2026-03-24,Copiano,2514,25.0000,1041.9100,973.7500,68.1600,1.0700,muster_a_7pct,in_dlv
IT-Copiano,7091200011643000,2026-03-25,Copiano,2017,2.5000,265.2000,177.4275,87.7725,1.4947,muster_c_over,in_dlv
IT-Copiano,7091200011645004,2026-03-25,Copiano,2017,19.0000,844.5000,789.2500,55.2500,1.0700,muster_a_7pct,in_dlv
IT-Copiano,7091200011694002,2026-03-30,Copiano,2017,27.5000,1151.5900,1076.2500,75.3400,1.0700,muster_a_7pct,in_dlv
IT-Copiano,7091200011727007,2026-04-01,Copiano,2017,9.0000,509.9900,476.6250,33.3650,1.0700,muster_a_7pct,in_dlv
IT-Copiano,7091200011724006,2026-04-01,Copiano,2017,12.5000,641.6000,568.8750,72.7250,1.1278,muster_c_over,in_dlv
IT-Copiano,7091200011755000,2026-04-07,Copiano,2017,26.0000,1091.2700,1019.8750,71.3950,1.0700,muster_a_7pct,in_dlv
IT-Copiano,7091200011765009,2026-04-08,Copiano,2017,22.5000,976.1100,896.8750,79.2350,1.0883,muster_c_over,in_dlv
IT-Copiano,7091200011767003,2026-04-08,Copiano,2017,18.0000,811.6000,758.5000,53.1000,1.0700,muster_a_7pct,in_dlv
IT-Copiano,7091200011782006,2026-04-13,Copiano,2016,34.0000,1261.2600,1178.7500,82.5100,1.0700,muster_a_7pct,in_dlv
IT-Copiano,7091200011837003,2026-04-15,Copiano,2514,12.0000,608.7000,568.8750,39.8250,1.0700,muster_a_7pct,in_dlv
IT-Copiano,7091200011414006,2026-03-03,Copiano,2017,30.0000,1206.4300,1127.5000,78.9300,1.0700,muster_a_7pct,in_dlv
IT-Copiano,7091200011461000,2026-03-09,Copiano,2017,2.5000,265.2000,177.4275,87.7725,1.4947,muster_c_over,in_dlv
IT-Copiano,7091200011487000,2026-03-10,Copiano,2514,31.0000,1261.2600,1178.7500,82.5100,1.0700,muster_a_7pct,in_dlv
IT-Copiano,7091200011556003,2026-03-17,Copiano,2017,25.0000,1041.9100,973.7500,68.1600,1.0700,muster_a_7pct,in_dlv
BE-Willebroek,7091200010910004,2026-01-13,Willebroek,9231,20.0000,627.3000,714.0000,-86.7000,0.8786,muster_b_under,in_dlv
BE-Willebroek,7091200010952004,2026-01-16,Willebroek,9231,33.0000,918.0000,918.0000,0.0000,1.0000,exact_match,in_dlv
BE-Willebroek,7091200011032002,2026-01-23,Willebroek,9231,16.0000,642.6000,642.6000,0.0000,1.0000,exact_match,in_dlv
BE-Willebroek,7091200011165007,2026-02-06,Willebroek,9231,20.5000,561.0000,714.0000,-153.0000,0.7857,muster_b_under,in_dlv
BE-Willebroek,7091200011237001,2026-02-13,Willebroek,9231,13.0000,561.0000,561.0000,0.0000,1.0000,exact_match,in_dlv
BE-Willebroek,7091200011297005,2026-02-20,Willebroek,9231,33.0000,918.0000,918.0000,0.0000,1.0000,exact_match,in_dlv
BE-Willebroek,7091200011455009,2026-03-06,Willebroek,9231,33.0000,918.0000,918.0000,0.0000,1.0000,exact_match,in_dlv
BE-Willebroek,7091200011516007,2026-03-13,Willebroek,9231,33.0000,918.0000,918.0000,0.0000,1.0000,exact_match,in_dlv
BE-Willebroek,7091200011366008,2026-02-27,Willebroek,9231,2.0000,714.0000,341.7000,372.3000,2.0896,muster_c_over,in_dlv
BE-Willebroek,7091200011592001,2026-03-20,Willebroek,9231,24.0000,851.2900,795.6000,55.6900,1.0700,muster_a_7pct,in_dlv
BE-Willebroek,7091200011680005,2026-03-27,Willebroek,9231,22.0000,802.1800,749.7000,52.4800,1.0700,muster_a_7pct,in_dlv
BE-Willebroek,7091200011730007,2026-04-02,Willebroek,9231,10.0000,507.5000,474.3000,33.2000,1.0700,muster_a_7pct,in_dlv
BE-Willebroek,7091200011780002,2026-04-10,Willebroek,9231,13.0000,600.2700,561.0000,39.2700,1.0700,muster_a_7pct,in_dlv
BE-Willebroek,7091200011456006,2026-03-06,Willebroek,9231,33.0000,982.2600,918.0000,64.2600,1.0700,muster_a_7pct,in_dlv
DK-Koge,7091200010828002,2026-01-05,Køge,2714,7.0000,599.6300,599.6250,0.0050,1.0000,exact_match,in_dlv
DK-Koge,7091200010823007,2026-01-05,Køge,2607,34.0000,2152.5000,2152.5000,0.0000,1.0000,exact_match,in_dlv
DK-Koge,7091200010897008,2026-01-13,Køge,2607,11.0000,922.5000,855.8750,66.6250,1.0778,muster_c_over,in_dlv
DK-Koge,7091200010895004,2026-01-13,Køge,2607,34.0000,2152.5000,2152.5000,0.0000,1.0000,exact_match,in_dlv
DK-Koge,7091200010955005,2026-01-16,Køge,2607,18.0000,1300.6300,1255.6250,45.0050,1.0358,muster_c_over,in_dlv
DK-Koge,7091200010966001,2026-01-20,Køge,2607,17.0000,1249.3800,1204.3750,45.0050,1.0374,muster_c_over,in_dlv
DK-Koge,7091200011023000,2026-01-23,Køge,2607,34.0000,2152.5000,2152.5000,0.0000,1.0000,exact_match,in_dlv
DK-Koge,7091200011021006,2026-01-23,Køge,2607,26.5000,1863.2500,1773.2500,90.0000,1.0508,muster_c_over,in_dlv
DK-Koge,7091200011112001,2026-01-30,Køge,2607,11.0000,855.8800,855.8750,0.0050,1.0000,exact_match,in_dlv
DK-Koge,7091200011122000,2026-02-03,Køge,2607,34.0000,2152.5000,2152.5000,0.0000,1.0000,exact_match,in_dlv
DK-Koge,7091200011172005,2026-02-06,Køge,2607,34.0000,2152.5000,2152.5000,0.0000,1.0000,exact_match,in_dlv
DK-Koge,7091200011211001,2026-02-10,Køge,2607,33.0000,2242.5000,2152.5000,90.0000,1.0418,muster_c_over,in_dlv
DK-Koge,7091200011239005,2026-02-13,Køge,2607,34.0000,2152.5000,2152.5000,0.0000,1.0000,exact_match,in_dlv
DK-Koge,7091200011059009,2026-01-27,Køge,2607,30.4000,2242.5000,2152.5000,90.0000,1.0418,muster_c_over,in_dlv
DK-Koge,7091200011101005,2026-01-30,Køge,2607,27.0000,1845.0000,1845.0000,0.0000,1.0000,exact_match,in_dlv
DK-Koge,7091200010833006,2026-01-07,Køge,2607,5.0000,476.6300,476.6250,0.0050,1.0000,exact_match,in_dlv
DK-Koge,7091200010922007,2026-01-13,Køge,2607,27.0000,1845.0000,1845.0000,0.0000,1.0000,exact_match,in_dlv
DK-Koge,7091200010914002,2026-01-13,Køge,2607,26.1000,1845.0000,1773.2500,71.7500,1.0405,muster_c_over,in_dlv
DK-Koge,7091200010831002,2026-01-07,Køge,2607,2.0000,374.1300,374.1250,0.0050,1.0000,exact_match,in_dlv
DK-Koge,7091200011113008,2026-01-30,Køge,2607,10.1000,855.8800,804.6250,51.2550,1.0637,muster_c_over,in_dlv
DK-Koge,7091200011349001,2026-02-24,Køge,2607,26.0000,1863.2500,1773.2500,90.0000,1.0508,muster_c_over,in_dlv
DK-Koge,7091200011363007,2026-02-27,Køge,2607,34.0000,2152.5000,2152.5000,0.0000,1.0000,exact_match,in_dlv
DK-Koge,7091200011390003,2026-03-03,Køge,2607,34.0000,2152.5000,2152.5000,0.0000,1.0000,exact_match,in_dlv
DK-Koge,7091200011411005,2026-03-03,Køge,2607,32.5000,2242.5000,2152.5000,90.0000,1.0418,muster_c_over,in_dlv
DK-Koge,7091200011438002,2026-03-06,Køge,2607,34.0000,2152.5000,2152.5000,0.0000,1.0000,exact_match,in_dlv
DK-Koge,7091200011463004,2026-03-10,Køge,2607,20.0000,1383.7500,1383.7500,0.0000,1.0000,exact_match,in_dlv
DK-Koge,7091200011466005,2026-03-10,Køge,2607,26.5000,1890.0000,1773.2500,116.7500,1.0658,muster_c_over,in_dlv
DK-Koge,7091200011133006,2026-02-03,Køge,2607,2.0000,374.1300,374.1250,0.0050,1.0000,exact_match,in_dlv
DK-Koge,7091200011179004,2026-02-06,Køge,2607,9.0000,732.8800,732.8750,0.0050,1.0000,exact_match,in_dlv
DK-Koge,7091200011184008,2026-02-06,Køge,2607,4.2000,476.6300,461.2500,15.3800,1.0333,muster_c_over,in_dlv
DK-Koge,7091200011519008,2026-03-13,Køge,2607,29.7500,2242.5000,2152.5000,90.0000,1.0418,muster_c_over,in_dlv
DK-Koge,7091200011555006,2026-03-17,Køge,2607,33.2500,2197.5000,2152.5000,45.0000,1.0209,muster_c_over,in_dlv
DK-Koge,7091200011245006,2026-02-13,Køge,2607,7.8500,695.8800,650.8750,45.0050,1.0691,muster_c_over,in_dlv
DK-Koge,7091200011250000,2026-02-16,Køge,2607,22.5000,1608.1300,1486.2500,121.8800,1.0820,muster_c_over,in_dlv
DK-Koge,7091200011269002,2026-02-17,Køge,2607,25.2500,1863.2500,1691.2500,172.0000,1.1017,muster_c_over,in_dlv
DK-Koge,7091200011296008,2026-02-20,Køge,2607,34.0000,2152.5000,2152.5000,0.0000,1.0000,exact_match,in_dlv
DK-Koge,7091200011312005,2026-02-20,Køge,2607,30.0000,2242.5000,2152.5000,90.0000,1.0418,muster_c_over,in_dlv
DK-Koge,7091200011382008,2026-02-27,Køge,2607,2.1000,435.6300,374.1250,61.5050,1.1644,muster_c_over,in_dlv
DK-Koge,7091200011635005,2026-03-24,Køge,2607,18.0000,1343.5200,1255.6250,87.8950,1.0700,muster_a_7pct,in_dlv
DK-Koge,7091200011640009,2026-03-24,Køge,2607,16.0000,1256.9100,1132.6250,124.2850,1.1097,muster_c_over,in_dlv
DK-Koge,7091200011682009,2026-03-27,Køge,2607,34.0000,2303.1800,2152.5000,150.6800,1.0700,muster_a_7pct,in_dlv
DK-Koge,7092010047620000,2026-03-27,Køge,2607,24.4000,1809.6400,1640.0000,169.6400,1.1034,muster_c_over,in_dlv
DK-Koge,7091200011714007,2026-03-31,Køge,2607,34.0000,2303.1800,2152.5000,150.6800,1.0700,muster_a_7pct,in_dlv
DK-Koge,7091200011710009,2026-03-31,Køge,2607,5.5500,631.7700,548.3750,83.3950,1.1521,muster_c_over,in_dlv
DK-Koge,7091200011721005,2026-03-31,Køge,2607,11.0000,915.7900,855.8750,59.9150,1.0700,muster_a_7pct,in_dlv
DK-Koge,7091200011732001,2026-04-07,Køge,2607,34.0000,2303.1800,2152.5000,150.6800,1.0700,muster_a_7pct,in_dlv
DK-Koge,7091200011747005,2026-04-07,Køge,2607,12.0000,987.0800,922.5000,64.5800,1.0700,muster_a_7pct,in_dlv
DK-Koge,7091200011756007,2026-04-07,Køge,2607,20.5500,1564.0000,1419.6250,144.3750,1.1017,muster_c_over,in_dlv
DK-Koge,7091200011776005,2026-04-10,Køge,2607,10.8000,960.7900,855.8750,104.9150,1.1226,muster_c_over,in_dlv
DK-Koge,7091200011772007,2026-04-10,Køge,2607,34.0000,2303.1800,2152.5000,150.6800,1.0700,muster_a_7pct,in_dlv
DK-Koge,7091200011805002,2026-04-14,Køge,2607,19.1000,1525.6100,1317.1250,208.4850,1.1583,muster_c_over,in_dlv
DK-Koge,7092010040643006,2026-03-02,Køge,2607,11.0000,915.7900,855.8750,59.9150,1.0700,muster_a_7pct,in_dlv
DK-Koge,7091200011441002,2026-03-06,Køge,2607,22.9000,1717.5500,1563.1250,154.4250,1.0988,muster_c_over,in_dlv
DK-Koge,7091200011559004,2026-03-17,Køge,2607,7.0000,641.6000,599.6250,41.9750,1.0700,muster_a_7pct,in_dlv
DK-Koge,7091200011593008,2026-03-20,Køge,2607,32.0000,2303.1800,2152.5000,150.6800,1.0700,muster_a_7pct,in_dlv
DK-Koge,7091200011594005,2026-03-20,Køge,2607,23.5000,1844.8000,1640.0000,204.8000,1.1249,muster_c_over,in_dlv
IE-Dublin,7091200010876003,2026-01-12,Dublin (Saggart),0617,6.0000,579.1300,579.1250,0.0050,1.0000,exact_match,in_dlv
IE-Dublin,7091200010908001,2026-01-16,Dublin (Saggart),0617,29.0000,3460.7700,1797.7024,1663.0676,1.9251,muster_c_over,in_dlv
IE-Dublin,7091200010981004,2026-01-20,Dublin (Saggart),0617,6.0000,579.1300,579.1250,0.0050,1.0000,exact_match,in_dlv
IE-Dublin,7091200011136007,2026-02-03,Dublin (Saggart),0617,5.0000,497.1300,497.1250,0.0050,1.0000,exact_match,in_dlv
IE-Dublin,7091200011163003,2026-02-06,Dublin (Saggart),0617,5.0000,497.1300,497.1250,0.0050,1.0000,exact_match,in_dlv
IE-Dublin,7091200011068001,2026-01-28,Dublin (Saggart),0617,10.0000,497.1300,1018.6696,-521.5396,0.4880,muster_b_under,in_dlv
IE-Dublin,7091200011108004,2026-01-30,Dublin (Saggart),0617,9.0000,943.9600,898.9578,45.0022,1.0501,muster_c_over,in_dlv
IE-Dublin,7091200010870001,2026-01-14,Dublin (Cherry Orchard),0617,1.0000,107.3500,107.3462,0.0038,1.0000,exact_match,in_dlv
IE-Dublin,7091200010919007,2026-01-14,Dublin (Cherry Orchard),0617,1.0000,107.3500,107.3462,0.0038,1.0000,exact_match,in_dlv
IE-Dublin,7091200010918000,2026-01-14,Dublin (Saggart),0617,1.0000,107.3500,107.3462,0.0038,1.0000,exact_match,in_dlv
IE-Dublin,7091200011045002,2026-01-23,Dublin (Saggart),0617,5.0000,497.1300,497.1250,0.0050,1.0000,exact_match,in_dlv
IE-Dublin,7091200011038004,2026-01-23,Dublin (Saggart),0617,12.0000,1244.8700,1244.8748,-0.0048,1.0000,exact_match,in_dlv
IE-Dublin,7091200011064003,2026-01-27,Dublin (Cherry Orchard),0617,1.0000,107.3500,107.3462,0.0038,1.0000,exact_match,in_dlv
IE-Dublin,7091200011065000,2026-01-27,Dublin (Saggart),0617,1.0000,107.3500,107.3462,0.0038,1.0000,exact_match,in_dlv
IE-Dublin,7091200011343009,2026-02-24,Dublin (Saggart),0617,5.0000,542.1300,497.1250,45.0050,1.0905,muster_c_over,in_dlv
IE-Dublin,7091200011365001,2026-02-27,Dublin (Saggart),0617,,415.9500,,,,no_stpl,in_dlv
IE-Dublin,7091200011402003,2026-03-03,Dublin (Saggart),0617,8.0000,837.1400,792.1446,44.9954,1.0568,muster_c_over,in_dlv
IE-Dublin,7091200011445000,2026-03-06,Dublin (Saggart),0617,6.0000,579.1300,579.1250,0.0050,1.0000,exact_match,in_dlv
IE-Dublin,7091200011485006,2026-03-10,Dublin (Saggart),0617,6.4000,698.1400,579.1250,119.0150,1.2055,muster_c_over,in_dlv
IE-Dublin,7091200011524002,2026-03-13,Dublin (Saggart),0617,5.0000,497.1300,497.1250,0.0050,1.0000,exact_match,in_dlv
IE-Dublin,7091200011547001,2026-03-17,Dublin (Saggart),0617,5.0000,497.1300,497.1250,0.0050,1.0000,exact_match,in_dlv
IE-Dublin,7091200011174009,2026-02-10,Dublin (Cherry Orchard),0617,1.0000,107.3500,107.3462,0.0038,1.0000,exact_match,in_dlv
IE-Dublin,7091200011199002,2026-02-10,Dublin (Saggart),0617,2.0000,142.5200,142.5242,-0.0042,1.0000,exact_match,in_dlv
IE-Dublin,7091200011236004,2026-02-13,Dublin (Saggart),0617,10.0000,1018.6700,1018.6696,0.0004,1.0000,exact_match,in_dlv
IE-Dublin,7091200011264007,2026-02-17,Dublin (Saggart),0617,8.0000,792.1400,792.1446,-0.0046,1.0000,exact_match,in_dlv
IE-Dublin,7091200011315006,2026-02-20,Dublin (Saggart),0617,9.0000,943.9600,898.9578,45.0022,1.0501,muster_c_over,in_dlv
IE-Dublin,7091200011620001,2026-03-24,Dublin (Saggart),0617,7.0000,698.1400,653.1382,45.0018,1.0689,muster_c_over,in_dlv
IE-Dublin,7091200011677005,2026-03-27,Dublin (Saggart),0617,7.0000,415.9500,653.1382,-237.1882,0.6368,muster_b_under,in_dlv
IE-Dublin,7091200011700000,2026-03-31,Dublin (Saggart),0617,4.0000,415.9500,415.9532,-0.0032,1.0000,exact_match,in_dlv
IE-Dublin,7091200011787001,2026-04-13,Dublin (Saggart),0617,14.0000,1612.3300,1464.7906,147.5394,1.1007,muster_c_over,in_dlv
IE-Dublin,7091200011786004,2026-04-14,Dublin (Cherry Orchard),0617,1.0000,114.8600,107.3462,7.5138,1.0700,muster_a_7pct,in_dlv
IE-Dublin,7091200011400009,2026-03-03,Dublin (Cherry Orchard),0617,1.0000,114.8600,107.3462,7.5138,1.0700,muster_a_7pct,in_dlv
IE-Dublin,7091200011533004,2026-03-13,Dublin (Cherry Orchard),0617,,114.8600,,,,no_stpl,in_dlv
IE-Dublin,7091200011608009,2026-03-20,Dublin (Cherry Orchard),0617,1.0000,114.8600,107.3462,7.5138,1.0700,muster_a_7pct,in_dlv
IE-Dublin,7091200011728004,2026-04-01,Dublin (Saggart),0617,1.0000,114.8600,107.3462,7.5138,1.0700,muster_a_7pct,in_dlv
ES-MontRoig,7091200010824004,2026-01-05,Mont-Roig del Camp,0882,33.0000,1682.5500,1626.9000,55.6500,1.0342,muster_c_over,in_dlv
ES-MontRoig,7091200010826008,2026-01-05,Mont-Roig del Camp,0882,33.0000,1529.7800,1626.9000,-97.1200,0.9403,muster_b_under,in_dlv
ES-MontRoig,7091200010841001,2026-01-07,Mont-Roig del Camp,0882,31.0000,1524.0000,1479.0000,45.0000,1.0304,muster_c_over,in_dlv
ES-MontRoig,7091200010830005,2026-01-05,Mont-Roig del Camp,0882,11.5000,651.0000,561.0000,90.0000,1.1604,muster_c_over,in_dlv
ES-MontRoig,7091200010874009,2026-01-09,Mont-Roig del Camp,0882,24.0000,1132.2000,1132.2000,0.0000,1.0000,exact_match,in_dlv
ES-MontRoig,7091200010884008,2026-01-09,Mont-Roig del Camp,0882,33.0000,1626.9000,1626.9000,0.0000,1.0000,exact_match,in_dlv
ES-MontRoig,7091200010887009,2026-01-12,Mont-Roig del Camp,0882,33.0000,1626.9000,1626.9000,0.0000,1.0000,exact_match,in_dlv
ES-MontRoig,7091200010891006,2026-01-12,Mont-Roig del Camp,0882,20.5000,1014.0000,923.1000,90.9000,1.0985,muster_c_over,in_dlv
ES-MontRoig,7091200010894007,2026-01-12,Mont-Roig del Camp,0882,1.0000,90.9000,300.9000,-210.0000,0.3021,muster_b_under,in_dlv
ES-MontRoig,7091200010915009,2026-01-13,Mont-Roig del Camp,0882,21.7500,1065.0000,1020.0000,45.0000,1.0441,muster_c_over,in_dlv
ES-MontRoig,7091200010926005,2026-01-14,Mont-Roig del Camp,0882,20.1000,1059.0000,923.1000,135.9000,1.1472,muster_c_over,in_dlv
ES-MontRoig,7091200010961006,2026-01-19,Mont-Roig del Camp,0882,23.0000,1071.0000,1071.0000,0.0000,1.0000,exact_match,in_dlv
ES-MontRoig,7091200010989000,2026-01-20,Mont-Roig del Camp,0882,18.0500,921.3000,831.3000,90.0000,1.1083,muster_c_over,in_dlv
ES-MontRoig,7091200010993007,2026-01-21,Mont-Roig del Camp,0882,24.5000,1193.1000,1132.2000,60.9000,1.0538,muster_c_over,in_dlv
ES-MontRoig,7091200011043008,2026-01-23,Mont-Roig del Camp,0882,27.5000,1354.8000,1310.7000,44.1000,1.0336,muster_c_over,in_dlv
ES-MontRoig,7091200011049000,2026-01-26,Mont-Roig del Camp,0882,27.0000,1264.8000,1264.8000,0.0000,1.0000,exact_match,in_dlv
ES-MontRoig,7091200011084001,2026-01-28,Mont-Roig del Camp,0882,18.5000,967.2000,831.3000,135.9000,1.1635,muster_c_over,in_dlv
ES-MontRoig,7091200011044005,2026-01-23,Mont-Roig del Camp,0882,34.0000,1626.9000,1626.9000,0.0000,1.0000,exact_match,in_dlv
ES-MontRoig,7091200011050006,2026-01-27,Mont-Roig del Camp,0882,16.0000,784.5000,739.5000,45.0000,1.0609,muster_c_over,in_dlv
ES-MontRoig,7091200011119000,2026-02-02,Mont-Roig del Camp,0882,24.0000,1177.2000,1132.2000,45.0000,1.0397,muster_c_over,in_dlv
ES-MontRoig,7091200011138001,2026-02-03,Mont-Roig del Camp,0882,17.0000,830.4000,785.4000,45.0000,1.0573,muster_c_over,in_dlv
ES-MontRoig,7091200011145009,2026-02-04,Mont-Roig del Camp,0882,18.5000,967.2000,831.3000,135.9000,1.1635,muster_c_over,in_dlv
ES-MontRoig,7091200011189003,2026-02-06,Mont-Roig del Camp,0882,33.0000,1626.9000,1626.9000,0.0000,1.0000,exact_match,in_dlv
ES-MontRoig,7091200011191006,2026-02-09,Reus,0882,4.0000,357.0000,357.0000,0.0000,1.0000,exact_match,in_dlv
ES-MontRoig,7091200011118003,2026-02-02,Reus,0882,1.0000,300.9000,300.9000,0.0000,1.0000,exact_match,in_dlv
ES-MontRoig,7091200010949004,2026-01-16,Mont-Roig del Camp,0882,34.0000,1626.9000,1626.9000,0.0000,1.0000,exact_match,in_dlv
ES-MontRoig,7091200011223004,2026-02-11,Mont-Roig del Camp,0882,27.5500,1400.7000,1310.7000,90.0000,1.0687,muster_c_over,in_dlv
ES-MontRoig,7091200011322004,2026-02-23,Reus,0882,6.0000,981.5700,382.5000,599.0700,2.5662,muster_c_over,in_dlv
ES-MontRoig,7091200010856005,2026-01-09,Mont-Roig del Camp,0882,10.0000,469.2000,469.2000,0.0000,1.0000,exact_match,in_dlv
ES-MontRoig,7091200010888006,2026-01-12,Reus,0882,3.0000,346.8000,346.8000,0.0000,1.0000,exact_match,in_dlv
ES-MontRoig,7091200010882004,2026-01-09,Mont-Roig del Camp,0882,3.5000,402.0000,357.0000,45.0000,1.1261,muster_c_over,in_dlv
ES-MontRoig,7091200010958006,2026-01-16,Mont-Roig del Camp,0882,2.5000,346.8000,326.4000,20.4000,1.0625,muster_c_over,in_dlv
ES-MontRoig,7091200010954008,2026-01-16,Mont-Roig del Camp,0882,1.1000,326.4000,300.9000,25.5000,1.0847,muster_c_over,in_dlv
ES-MontRoig,7091200010960009,2026-01-19,Reus,0882,3.0000,346.8000,346.8000,0.0000,1.0000,exact_match,in_dlv
ES-MontRoig,7091200011052000,2026-01-26,Mont-Roig del Camp,0882,1.0000,300.9000,300.9000,0.0000,1.0000,exact_match,in_dlv
ES-MontRoig,7091200011048003,2026-01-27,Reus,0882,6.0000,382.5000,382.5000,0.0000,1.0000,exact_match,in_dlv
ES-MontRoig,7091200011053007,2026-01-26,Mont-Roig del Camp,0882,0.8500,300.9000,300.9000,0.0000,1.0000,exact_match,in_dlv
ES-MontRoig,7091200011114005,2026-01-30,Mont-Roig del Camp,0882,3.0000,346.8000,346.8000,0.0000,1.0000,exact_match,in_dlv
ES-MontRoig,7091200011111004,2026-01-30,Mont-Roig del Camp,0882,33.8500,1671.9000,1626.9000,45.0000,1.0277,muster_c_over,in_dlv
ES-MontRoig,7091200011337008,2026-02-24,Mont-Roig del Camp,0882,20.0000,923.1000,923.1000,0.0000,1.0000,exact_match,in_dlv
ES-MontRoig,7091200011354005,2026-02-25,Mont-Roig del Camp,0882,30.0000,1492.5000,1402.5000,90.0000,1.0642,muster_c_over,in_dlv
ES-MontRoig,7091200011370005,2026-02-27,Mont-Roig del Camp,4319,34.0000,1626.9000,1626.9000,0.0000,1.0000,exact_match,in_dlv
ES-MontRoig,7091200011377004,2026-02-27,Mont-Roig del Camp,4319,31.5000,1671.9000,1626.9000,45.0000,1.0277,muster_c_over,in_dlv
ES-MontRoig,7091200011388000,2026-03-02,Mont-Roig del Camp,4319,19.6100,1013.1000,923.1000,90.0000,1.0975,muster_c_over,in_dlv
ES-MontRoig,7091200011338005,2026-02-24,Reus,0882,6.0000,981.5700,382.5000,599.0700,2.5662,muster_c_over,in_dlv
ES-MontRoig,7091200011408005,2026-03-03,Mont-Roig del Camp,0807,25.5000,1314.0000,1224.0000,90.0000,1.0735,muster_c_over,in_dlv
ES-MontRoig,7091200011416000,2026-03-04,Mont-Roig del Camp,0807,20.0000,1013.1000,923.1000,90.0000,1.0975,muster_c_over,in_dlv
ES-MontRoig,7091200011446007,2026-03-06,Mont-Roig del Camp,0807,6.0000,427.5000,382.5000,45.0000,1.1176,muster_c_over,in_dlv
ES-MontRoig,7091200011454002,2026-03-06,Mont-Roig del Camp,0807,34.0000,1626.9000,1626.9000,0.0000,1.0000,exact_match,in_dlv
ES-MontRoig,7091200011458000,2026-03-09,Mont-Roig del Camp,0807,33.0000,1402.5000,1626.9000,-224.4000,0.8621,muster_b_under,in_dlv
ES-MontRoig,7091200011471009,2026-03-10,Mont-Roig del Camp,0807,20.0000,968.1000,923.1000,45.0000,1.0487,muster_c_over,in_dlv
ES-MontRoig,7091200011494008,2026-03-11,Mont-Roig del Camp,0807,22.5000,1161.0000,1020.0000,141.0000,1.1382,muster_c_over,in_dlv
ES-MontRoig,7091200011515000,2026-03-13,Mont-Roig del Camp,0807,33.0000,1626.9000,1626.9000,0.0000,1.0000,exact_match,in_dlv
ES-MontRoig,7091200011529007,2026-03-13,Mont-Roig del Camp,0807,15.7000,829.5000,739.5000,90.0000,1.1217,muster_c_over,in_dlv
ES-MontRoig,7091200011539006,2026-03-16,Mont-Roig del Camp,0807,16.7000,875.4000,785.4000,90.0000,1.1146,muster_c_over,in_dlv
ES-MontRoig,7091200011560000,2026-03-18,Mont-Roig del Camp,0807,33.0000,1626.9000,1626.9000,0.0000,1.0000,exact_match,in_dlv
ES-MontRoig,7091200011566002,2026-03-18,Mont-Roig del Camp,0807,33.0000,1626.9000,1626.9000,0.0000,1.0000,exact_match,in_dlv
ES-MontRoig,7091200011543003,2026-03-17,Mont-Roig del Camp,0807,16.0000,784.5000,739.5000,45.0000,1.0609,muster_c_over,in_dlv
ES-MontRoig,7091200011616004,2026-03-23,Mont-Roig del Camp,0807,24.0000,1132.2000,1132.2000,0.0000,1.0000,exact_match,in_dlv
ES-MontRoig,7091200011193000,2026-02-09,Mont-Roig del Camp,0882,17.5000,921.3000,831.3000,90.0000,1.1083,muster_c_over,in_dlv
ES-MontRoig,7091200011212008,2026-02-10,Mont-Roig del Camp,0882,34.0000,1671.9000,1626.9000,45.0000,1.0277,muster_c_over,in_dlv
ES-MontRoig,7091200011209008,2026-02-10,Mont-Roig del Camp,0882,5.0000,367.2000,367.2000,0.0000,1.0000,exact_match,in_dlv
ES-MontRoig,7091200011244009,2026-02-13,Mont-Roig del Camp,0882,15.0000,693.6000,693.6000,0.0000,1.0000,exact_match,in_dlv
ES-MontRoig,7091200011253001,2026-02-13,Mont-Roig del Camp,0882,1.0000,300.9000,300.9000,0.0000,1.0000,exact_match,in_dlv
ES-MontRoig,7091200011254008,2026-02-13,Mont-Roig del Camp,0882,33.0000,1626.9000,1626.9000,0.0000,1.0000,exact_match,in_dlv
ES-MontRoig,7091200011257009,2026-02-16,Mont-Roig del Camp,0882,16.5000,875.4000,739.5000,135.9000,1.1838,muster_c_over,in_dlv
ES-MontRoig,7091200011267008,2026-02-17,Mont-Roig del Camp,0882,23.0000,1116.0000,1071.0000,45.0000,1.0420,muster_c_over,in_dlv
ES-MontRoig,7091200011280007,2026-02-18,Mont-Roig del Camp,0882,22.0000,1065.0000,1020.0000,45.0000,1.0441,muster_c_over,in_dlv
ES-MontRoig,7091200011314009,2026-02-20,Mont-Roig del Camp,0882,33.0000,1626.9000,1626.9000,0.0000,1.0000,exact_match,in_dlv
ES-MontRoig,7091200011319004,2026-02-20,Mont-Roig del Camp,0882,33.0000,1626.9000,1626.9000,0.0000,1.0000,exact_match,in_dlv
ES-MontRoig,7091200011316003,2026-02-20,Mont-Roig del Camp,0882,2.0000,326.4000,326.4000,0.0000,1.0000,exact_match,in_dlv
ES-MontRoig,7091200011324008,2026-02-23,Mont-Roig del Camp,0882,19.1000,1013.1000,877.2000,135.9000,1.1549,muster_c_over,in_dlv
ES-MontRoig,7091200011346000,2026-02-24,Mont-Roig del Camp,0882,9.1000,469.2000,459.0000,10.2000,1.0222,muster_c_over,in_dlv
ES-MontRoig,7091200011626003,2026-03-24,Mont-Roig del Camp,0807,1.0500,394.2500,300.9000,93.3500,1.3102,muster_c_over,in_dlv
ES-MontRoig,7091200011646001,2026-03-25,Mont-Roig del Camp,0807,27.0000,1353.3400,1264.8000,88.5400,1.0700,muster_a_7pct,in_dlv
ES-MontRoig,7091200011611009,2026-03-23,Mont-Roig del Camp,0807,1.0000,321.9600,300.9000,21.0600,1.0700,muster_a_7pct,in_dlv
ES-MontRoig,7091200011689008,2026-03-27,Mont-Roig del Camp,0807,21.0000,1036.8300,969.0000,67.8300,1.0700,muster_a_7pct,in_dlv
ES-MontRoig,7091200011686007,2026-03-27,Mont-Roig del Camp,0807,0.8500,321.9600,300.9000,21.0600,1.0700,muster_a_7pct,in_dlv
ES-MontRoig,7091200011697003,2026-03-30,Mont-Roig del Camp,0807,19.0000,938.6000,877.2000,61.4000,1.0700,muster_a_7pct,in_dlv
ES-MontRoig,7092010047625005,2026-03-30,Mont-Roig del Camp,0807,9.0000,536.1300,459.0000,77.1300,1.1680,muster_c_over,in_dlv
ES-MontRoig,7091200011637009,2026-03-24,Mont-Roig del Camp,0807,11.0000,551.1600,515.1000,36.0600,1.0700,muster_a_7pct,in_dlv
ES-MontRoig,7091200011726000,2026-04-01,Mont-Roig del Camp,0807,33.0000,1920.6500,1626.9000,293.7500,1.1806,muster_c_over,in_dlv
ES-MontRoig,7091200011729001,2026-04-01,Mont-Roig del Camp,0807,2.1000,371.0800,326.4000,44.6800,1.1369,muster_c_over,in_dlv
ES-MontRoig,7091200011750005,2026-04-07,Mont-Roig del Camp,0807,22.0000,1136.4000,1020.0000,116.4000,1.1141,muster_c_over,in_dlv
ES-MontRoig,7091200011764002,2026-04-08,Mont-Roig del Camp,0807,24.5000,1350.5700,1132.2000,218.3700,1.1929,muster_c_over,in_dlv
ES-MontRoig,7091200011748002,2026-04-07,Reus,0807,1.0000,321.9600,300.9000,21.0600,1.0700,muster_a_7pct,in_dlv
ES-MontRoig,7091200011777002,2026-04-10,Mont-Roig del Camp,0807,23.0000,1190.9700,1071.0000,119.9700,1.1120,muster_c_over,in_dlv
ES-MontRoig,7091200011785007,2026-04-10,Mont-Roig del Camp,0807,3.0000,371.0800,346.8000,24.2800,1.0700,muster_a_7pct,in_dlv
ES-MontRoig,7091200011791008,2026-04-13,Mont-Roig del Camp,0807,2.0000,349.2500,326.4000,22.8500,1.0700,muster_a_7pct,in_dlv
ES-MontRoig,7091200011792005,2026-04-13,Mont-Roig del Camp,0807,0.8500,321.9600,300.9000,21.0600,1.0700,muster_a_7pct,in_dlv
ES-MontRoig,7091200011460003,2026-03-09,Mont-Roig del Camp,0807,4.5000,437.9000,357.0000,80.9000,1.2266,muster_c_over,in_dlv
ES-MontRoig,7091200011569003,2026-03-19,Mont-Roig del Camp,0807,33.0000,1920.6500,1626.9000,293.7500,1.1806,muster_c_over,in_dlv
ES-MontRoig,7091200011578005,2026-03-19,Mont-Roig del Camp,0807,33.0000,1920.6500,1626.9000,293.7500,1.1806,muster_c_over,in_dlv
ES-MontRoig,7091200011585003,2026-03-19,Mont-Roig del Camp,0807,33.0000,1920.6500,1626.9000,293.7500,1.1806,muster_c_over,in_dlv
ES-MontRoig,7091200011586000,2026-03-20,Mont-Roig del Camp,0807,1.0000,321.9600,300.9000,21.0600,1.0700,muster_a_7pct,in_dlv
ES-MontRoig,7091200011614000,2026-03-23,Reus,0807,3.0000,371.0800,346.8000,24.2800,1.0700,muster_a_7pct,in_dlv
ES-MontRoig,7091200011612006,2026-03-23,Mont-Roig del Camp,0807,33.0000,1920.6500,1626.9000,293.7500,1.1806,muster_c_over,in_dlv
ES-MontRoig,7091200011577008,2026-03-19,Mont-Roig del Camp,0807,17.7000,934.4900,831.3000,103.1900,1.1241,muster_c_over,in_dlv
ES-MontRoig,7091200011833005,2026-04-16,Mont-Roig del Camp,0807,22.0000,1136.4000,1020.0000,116.4000,1.1141,muster_c_over,in_dlv
GR-Athen,7092010000872002,2025-10-01,Mandra Attika,1412,3.8000,440.0000,440.0000,0.0000,1.0000,exact_match,in_dlv
GR-Athen,7092010001544007,2025-10-02,Arnea,5711,1.0000,125.0600,100.0000,25.0600,1.2506,muster_c_over,in_dlv
GR-Athen,7092010001546001,2025-10-02,Elliniko,1412,1.0000,100.0000,100.0000,0.0000,1.0000,exact_match,in_dlv
GR-Athen,7092010001551005,2025-10-02,Kastelli,1412,5.0000,1373.3500,550.0000,823.3500,2.4970,muster_c_over,in_dlv
GR-Athen,7091200010049001,2025-10-01,Veroia,5711,1.0000,125.0600,100.0000,25.0600,1.2506,muster_c_over,in_dlv
GR-Athen,7091200010039002,2025-10-01,Aspropyrgos,1412,3.0000,315.0000,315.0000,0.0000,1.0000,exact_match,in_dlv
GR-Athen,7091200010042002,2025-10-01,Inofita,1412,1.0000,266.5300,100.0000,166.5300,2.6653,muster_c_over,in_dlv
GR-Athen,7092010001538006,2025-10-02,Komotini,5711,5.0000,549.3700,550.0000,-0.6300,0.9989,other,in_dlv
GR-Athen,7091200010038005,2025-10-01,Aspropirgos (Aspropyrgos),1412,6.0000,660.0000,660.0000,0.0000,1.0000,exact_match,in_dlv
GR-Athen,7091200010041005,2025-10-01,Athens,1412,6.0000,660.0000,660.0000,0.0000,1.0000,exact_match,in_dlv
GR-Athen,7091200010040008,2025-10-01,Aspropirgos (Aspropyrgos),1412,1.0000,100.0000,100.0000,0.0000,1.0000,exact_match,in_dlv
GR-Athen,7091200010147004,2025-10-09,Mandra Attika,5711,7.0000,770.0000,770.0000,0.0000,1.0000,exact_match,in_dlv
GR-Athen,7091200010150004,2025-10-09,Thessaloniki,5711,6.0000,761.4300,660.0000,101.4300,1.1537,muster_c_over,in_dlv
GR-Athen,7091200010211002,2025-10-14,Elliniko,1412,2.5000,315.0000,205.0000,110.0000,1.5366,muster_c_over,in_dlv
GR-Athen,7091200010210005,2025-10-14,Mandra Attika,1412,2.5000,315.0000,205.0000,110.0000,1.5366,muster_c_over,in_dlv
GR-Athen,7091200010212009,2025-10-14,Komotini,5711,1.0000,179.4400,100.0000,79.4400,1.7944,muster_c_over,in_dlv
GR-Athen,7091200010209009,2025-10-14,Kastelli,1412,5.0000,598.3500,550.0000,48.3500,1.0879,muster_c_over,in_dlv
GR-Athen,7091200010199003,2025-10-14,Inofita,1412,1.0000,136.0700,100.0000,36.0700,1.3607,muster_c_over,in_dlv
GR-Athen,7091200010202000,2025-10-14,Korinthos,1412,1.0000,266.5300,100.0000,166.5300,2.6653,muster_c_over,in_dlv
GR-Athen,7091200010205001,2025-10-14,Serres,5711,1.0000,125.0600,100.0000,25.0600,1.2506,muster_c_over,in_dlv
GR-Athen,7091200010192004,2025-10-13,Mandra Attika,1412,1.0000,100.0000,100.0000,0.0000,1.0000,exact_match,in_dlv
GR-Athen,7091200010218001,2025-10-14,Mandra Attika,1412,2.0000,205.0000,205.0000,0.0000,1.0000,exact_match,in_dlv
GR-Athen,7091200010203007,2025-10-14,Acharnes,1412,2.0000,205.0000,205.0000,0.0000,1.0000,exact_match,in_dlv
GR-Athen,7092010008502000,2025-10-16,Kalochori,5711,0.5000,54.4700,100.0000,-45.5300,0.5447,muster_b_under,in_dlv
GR-Athen,7091200010201003,2025-10-14,Mandra Attika,1412,10.0000,1100.0000,1100.0000,0.0000,1.0000,exact_match,in_dlv
GR-Athen,7091200010179005,2025-10-10,Kastelli,1412,1.0000,475.0000,100.0000,375.0000,4.7500,muster_c_over,in_dlv
GR-Athen,7091200010240002,2025-10-16,Almiros (Almyros),5711,0.1000,119.7100,100.0000,19.7100,1.1971,muster_c_over,in_dlv
GR-Athen,7091200010235008,2025-10-16,Farsala,5711,0.5000,163.0900,100.0000,63.0900,1.6309,muster_c_over,in_dlv
GR-Athen,7091200010246004,2025-10-16,Iraklio,1412,2.6000,337.2200,315.0000,22.2200,1.0705,muster_c_over,in_dlv
GR-Athen,7091200010236005,2025-10-16,Mandra Attika,1412,20.0000,2220.0000,2220.0000,0.0000,1.0000,exact_match,in_dlv
GR-Athen,7091200010239006,2025-10-16,Aspropyrgos,1412,6.0000,660.0000,660.0000,0.0000,1.0000,exact_match,in_dlv
GR-Athen,7091200010237002,2025-10-16,Kryoneri,1412,3.0000,315.0000,315.0000,0.0000,1.0000,exact_match,in_dlv
GR-Athen,7091200010238009,2025-10-16,Glyfada,1412,1.0000,100.0000,100.0000,0.0000,1.0000,exact_match,in_dlv
GR-Athen,7091200010241009,2025-10-16,Agios Athanasios,5711,10.0000,1180.0000,1100.0000,80.0000,1.0727,muster_c_over,in_dlv
GR-Athen,7091200010259004,2025-10-17,Mandra Attika,1412,2.0000,205.0000,205.0000,0.0000,1.0000,exact_match,in_dlv
GR-Athen,7091200010254009,2025-10-17,Mandra Attika,1412,7.0000,770.0000,770.0000,0.0000,1.0000,exact_match,in_dlv
GR-Athen,7091200010264008,2025-10-17,Naxos,1412,1.0000,212.1600,100.0000,112.1600,2.1216,muster_c_over,in_dlv
GR-Athen,7091200010267009,2025-10-17,Thessaloniki,1412,3.0000,293.7500,315.0000,-21.2500,0.9325,muster_b_under,in_dlv
GR-Athen,7091200010266002,2025-10-17,Mandra Attika,1412,17.0000,1875.0000,1875.0000,0.0000,1.0000,exact_match,in_dlv
GR-Athen,7091200010294005,2025-10-21,Lamia,1412,1.0000,136.0700,100.0000,36.0700,1.3607,muster_c_over,in_dlv
GR-Athen,7091200010293008,2025-10-21,Elliniko,1412,1.0000,100.0000,100.0000,0.0000,1.0000,exact_match,in_dlv
GR-Athen,7091200010286000,2025-10-21,Avlonas,1412,3.0000,315.0000,315.0000,0.0000,1.0000,exact_match,in_dlv
GR-Athen,7091200010288004,2025-10-21,Asimi,1412,2.5000,337.2200,205.0000,132.2200,1.6450,muster_c_over,in_dlv
GR-Athen,7091200010287007,2025-10-21,Mandra Attika,1412,10.3000,1210.0000,1100.0000,110.0000,1.1000,muster_c_over,in_dlv
GR-Athen,7091200010278005,2025-10-21,Megara,1412,3.0000,315.0000,315.0000,0.0000,1.0000,exact_match,in_dlv
GR-Athen,7091200010279002,2025-10-21,Kryoneri,1412,6.0000,660.0000,660.0000,0.0000,1.0000,exact_match,in_dlv
GR-Athen,7091200010281005,2025-10-21,Mandra Attika,1412,3.0000,315.0000,315.0000,0.0000,1.0000,exact_match,in_dlv
GR-Athen,7092010010225003,2025-10-22,Kalamaria,5711,1.0000,97.9500,100.0000,-2.0500,0.9795,other,in_dlv
GR-Athen,7091200010276001,2025-10-21,Kilkis,5711,0.0100,76.1900,100.0000,-23.8100,0.7619,muster_b_under,in_dlv
GR-Athen,7092010010741008,2025-10-21,Sindos,5711,1.0000,97.9500,100.0000,-2.0500,0.9795,other,in_dlv
GR-Athen,7091200010310002,2025-10-23,Milos,1412,0.0100,125.0600,100.0000,25.0600,1.2506,muster_c_over,in_dlv
GR-Athen,7091200010322005,2025-10-23,Komotini,5711,2.0000,263.3000,205.0000,58.3000,1.2844,muster_c_over,in_dlv
GR-Athen,7091200010323002,2025-10-23,Mandra Attika,1412,5.0000,550.0000,550.0000,0.0000,1.0000,exact_match,in_dlv
GR-Athen,7091200010313003,2025-10-23,Aspropyrgos,1412,1.0000,100.0000,100.0000,0.0000,1.0000,exact_match,in_dlv
GR-Athen,7091200010312006,2025-10-23,Korinthos,1412,1.0000,217.5600,100.0000,117.5600,2.1756,muster_c_over,in_dlv
GR-Athen,7091200010314000,2025-10-23,Agios Dimitrios,1412,0.0100,55.0000,100.0000,-45.0000,0.5500,muster_b_under,in_dlv
GR-Athen,7091200010320001,2025-10-23,Mandra Attika,1412,2.5000,315.0000,205.0000,110.0000,1.5366,muster_c_over,in_dlv
GR-Athen,7091200010311009,2025-10-23,Mandra Attika,1412,26.0000,3000.0000,3000.0000,0.0000,1.0000,exact_match,in_dlv
GR-Athen,7091200010343000,2025-10-24,Kastelli,1412,1.3000,195.9000,100.0000,95.9000,1.9590,muster_c_over,in_dlv
GR-Athen,7091200010339003,2025-10-24,Thermi,5711,4.0000,358.8800,440.0000,-81.1200,0.8156,muster_b_under,in_dlv
GR-Athen,7091200010340009,2025-10-24,Alexandroypoli,5711,1.0000,141.3200,100.0000,41.3200,1.4132,muster_c_over,in_dlv
GR-Athen,7091200010342003,2025-10-24,Mandra Attika,1412,2.7000,315.0000,315.0000,0.0000,1.0000,exact_match,in_dlv
GR-Athen,7091200010336002,2025-10-30,Mandra Attika,1412,14.1100,1650.0000,1540.0000,110.0000,1.0714,muster_c_over,in_dlv
GR-Athen,7091200010341006,2025-10-24,Mandra Attika,1412,2.0000,205.0000,205.0000,0.0000,1.0000,exact_match,in_dlv
GR-Athen,7091200010092007,2025-10-06,Mandra Attika,1412,5.0000,550.0000,550.0000,0.0000,1.0000,exact_match,in_dlv
GR-Athen,7091200010119001,2025-10-07,Mandra Attika,1412,1.0000,100.0000,100.0000,0.0000,1.0000,exact_match,in_dlv
GR-Athen,7091200010101006,2025-10-07,Mandra Attika,1412,3.0000,315.0000,315.0000,0.0000,1.0000,exact_match,in_dlv
GR-Athen,7091200010100009,2025-10-07,Kryoneri,1412,3.0000,315.0000,315.0000,0.0000,1.0000,exact_match,in_dlv
GR-Athen,7091200010112002,2025-10-07,Elliniko,1412,1.0000,100.0000,100.0000,0.0000,1.0000,exact_match,in_dlv
GR-Athen,7091200010110008,2025-10-07,Komotini,5711,1.0000,141.3200,100.0000,41.3200,1.4132,muster_c_over,in_dlv
GR-Athen,7091200010123008,2025-10-07,Mandra Attika,1412,10.0000,1100.0000,1100.0000,0.0000,1.0000,exact_match,in_dlv
GR-Athen,7091200010105004,2025-10-07,Elefsis (Elefsina),1412,1.0000,100.0000,100.0000,0.0000,1.0000,exact_match,in_dlv
GR-Athen,7091200010098009,2025-10-07,Metamorfosi,1412,1.0000,100.0000,100.0000,0.0000,1.0000,exact_match,in_dlv
GR-Athen,7091200010097002,2025-10-07,Aspropyrgos,1412,1.0000,100.0000,100.0000,0.0000,1.0000,exact_match,in_dlv
GR-Athen,7091200010104007,2025-10-07,Korinthos,1412,2.0000,560.3800,205.0000,355.3800,2.7336,muster_c_over,in_dlv
GR-Athen,7091200010106001,2025-10-07,Mandra Attika,1412,12.0000,1320.0000,1320.0000,0.0000,1.0000,exact_match,in_dlv
GR-Athen,7091200010114006,2025-10-07,Volos,5711,1.0000,141.3200,100.0000,41.3200,1.4132,muster_c_over,in_dlv
GR-Athen,7091200010099006,2025-10-09,Trikala,5711,1.0000,141.3200,100.0000,41.3200,1.4132,muster_c_over,in_dlv
GR-Athen,7091200010107008,2025-10-09,Kalabaka,5711,1.0000,141.3200,100.0000,41.3200,1.4132,muster_c_over,in_dlv
GR-Athen,7091200010122001,2025-10-09,Mandra Attika,1412,28.0000,3250.0000,3250.0000,0.0000,1.0000,exact_match,in_dlv
GR-Athen,7091200010102003,2025-10-07,Inofita,1412,1.1000,174.2300,100.0000,74.2300,1.7423,muster_c_over,in_dlv
GR-Athen,7091200010159007,2025-10-09,Mandra Attika,5711,5.0000,550.0000,550.0000,0.0000,1.0000,exact_match,in_dlv
GR-Athen,7091200010157003,2025-10-09,Elliniko,5711,1.0000,100.0000,100.0000,0.0000,1.0000,exact_match,in_dlv
GR-Athen,7091200010158000,2025-10-09,Komotini,5711,1.0000,141.3200,100.0000,41.3200,1.4132,muster_c_over,in_dlv
GR-Athen,7091200010148001,2025-10-09,Aspropyrgos,5711,3.0000,315.0000,315.0000,0.0000,1.0000,exact_match,in_dlv
GR-Athen,7091200010149008,2025-10-09,Kilkis,5711,1.0000,125.0600,100.0000,25.0600,1.2506,muster_c_over,in_dlv
GR-Athen,7091200010151001,2025-10-09,Kalochori,5711,1.0000,97.9500,100.0000,-2.0500,0.9795,other,in_dlv
GR-Athen,7091200010152008,2025-10-09,Kifisia,5711,0.0100,55.0000,100.0000,-45.0000,0.5500,muster_b_under,in_dlv
GR-Athen,7091200010153005,2025-10-09,Katerini,5711,0.0100,76.1900,100.0000,-23.8100,0.7619,muster_b_under,in_dlv
GR-Athen,7091200010183002,2025-10-10,Mandra Attika,1412,6.0000,660.0000,660.0000,0.0000,1.0000,exact_match,in_dlv
GR-Athen,7091200010182005,2025-10-10,Komotini,1412,1.0000,195.9000,100.0000,95.9000,1.9590,muster_c_over,in_dlv
GR-Athen,7091200010179005,2025-10-10,Kastelli,1412,1.0000,157.7800,100.0000,57.7800,1.5778,muster_c_over,in_dlv
GR-Athen,7091200010178008,2025-10-10,Mandra Attika,1412,7.5000,880.0000,880.0000,0.0000,1.0000,exact_match,in_dlv
GR-Athen,7091200010170002,2025-10-10,Heraklion,1412,1.0000,157.7800,100.0000,57.7800,1.5778,muster_c_over,in_dlv
GR-Athen,7091200010173003,2025-10-10,Mandra Attika,1412,24.0000,2765.0000,2765.0000,0.0000,1.0000,exact_match,in_dlv
GR-Athen,7091200010171009,2025-10-10,Larisa,1412,1.0000,141.3200,100.0000,41.3200,1.4132,muster_c_over,in_dlv
GR-Athen,7091200010172006,2025-10-10,Palamas,1412,1.0000,141.3200,100.0000,41.3200,1.4132,muster_c_over,in_dlv
GR-Athen,7091200010370006,2025-10-28,Mandra Attika,1412,1.5000,205.0000,205.0000,0.0000,1.0000,exact_match,in_dlv
GR-Athen,7091200010375001,2025-10-28,Agios Nikolaos,1412,1.0000,136.0700,100.0000,36.0700,1.3607,muster_c_over,in_dlv
GR-Athen,7091200010377005,2025-10-28,Kryoneri,1412,1.0000,100.0000,100.0000,0.0000,1.0000,exact_match,in_dlv
GR-Athen,7091200010369000,2025-10-28,Mandra Attika,1412,1.0000,100.0000,100.0000,0.0000,1.0000,exact_match,in_dlv
GR-Athen,7091200010373007,2025-10-28,Mandra Attika,1412,6.1000,770.0000,660.0000,110.0000,1.1667,muster_c_over,in_dlv
GR-Athen,7091200010374004,2025-10-28,Mandra Attika,1412,1.0000,100.0000,100.0000,0.0000,1.0000,exact_match,in_dlv
GR-Athen,7091200010378002,2025-10-28,Moyzaki,1412,0.1000,86.9900,100.0000,-13.0100,0.8699,muster_b_under,in_dlv
GR-Athen,7091200010376008,2025-10-28,Kilkis,5711,1.0000,309.9100,100.0000,209.9100,3.0991,muster_c_over,in_dlv
GR-Athen,7092010013468001,2025-10-30,Mandra Attika,1412,0.5000,55.0000,100.0000,-45.0000,0.5500,muster_b_under,in_dlv
GR-Athen,7091200010321008,2025-10-23,Komotini,5711,1.3000,179.4400,100.0000,79.4400,1.7944,muster_c_over,in_dlv
GR-Athen,7092010013613005,2025-10-30,Ilioupoli,1412,1.0000,100.0000,100.0000,0.0000,1.0000,exact_match,in_dlv
GR-Athen,7091200010402004,2025-10-30,Zakinthos,1412,1.0000,163.0900,100.0000,63.0900,1.6309,muster_c_over,in_dlv
GR-Athen,7092010014050007,2025-10-31,Mandra Attika,1412,1.0000,100.0000,100.0000,0.0000,1.0000,exact_match,in_dlv
GR-Athen,7091200010406002,2025-10-31,Agios Athanasios,5711,7.0000,990.0000,770.0000,220.0000,1.2857,muster_c_over,in_dlv
GR-Athen,7091200010409003,2025-10-31,Elliniko,1412,1.0000,100.0000,100.0000,0.0000,1.0000,exact_match,in_dlv
GR-Athen,7091200010408006,2025-10-31,Mandra Attika,1412,12.0000,1320.0000,1320.0000,0.0000,1.0000,exact_match,in_dlv
GR-Athen,7091200010410009,2025-10-31,Mandra Attika,1412,0.1000,55.0000,100.0000,-45.0000,0.5500,muster_b_under,in_dlv
GR-Athen,7091200010440006,2025-11-04,Mandra Attika,5711,3.0000,315.0000,315.0000,0.0000,1.0000,exact_match,in_dlv
GR-Athen,7091200010441003,2025-11-04,Asimi,1412,1.0000,244.7700,100.0000,144.7700,2.4477,muster_c_over,in_dlv
GR-Athen,7091200010443007,2025-11-04,Mandra Attika,5711,5.5000,660.0000,660.0000,0.0000,1.0000,exact_match,in_dlv
GR-Athen,7092010015245006,2025-11-05,Ilioupoli,1412,1.5000,205.0000,205.0000,0.0000,1.0000,exact_match,in_dlv
GR-Athen,7092010015569003,2025-11-07,Koropi,1412,4.0000,293.7500,440.0000,-146.2500,0.6676,muster_b_under,in_dlv
GR-Athen,7091200010434005,2025-11-04,Mandra Attika,5711,22.0000,2450.0000,2450.0000,0.0000,1.0000,exact_match,in_dlv
GR-Athen,7091200010461001,2025-11-06,Kastelli,1412,2.5000,337.2200,205.0000,132.2200,1.6450,muster_c_over,in_dlv
GR-Athen,7091200010464002,2025-11-06,Afadoy,1412,0.5000,233.9200,100.0000,133.9200,2.3392,muster_c_over,in_dlv
GR-Athen,7091200010460004,2025-11-06,Schimatari,1412,5.0000,560.3800,550.0000,10.3800,1.0189,muster_c_over,in_dlv
GR-Athen,7091200010465009,2025-11-06,Schimatari,1412,1.0000,136.0700,100.0000,36.0700,1.3607,muster_c_over,in_dlv
GR-Athen,7091200010466006,2025-11-06,Elefsina,1412,1.0000,100.0000,100.0000,0.0000,1.0000,exact_match,in_dlv
GR-Athen,7091200010463005,2025-11-06,Mandra Attika,1412,1.0000,205.0000,100.0000,105.0000,2.0500,muster_c_over,in_dlv
GR-Athen,7091200010457004,2025-11-06,Rodos,1412,1.5000,233.9200,205.0000,28.9200,1.1411,muster_c_over,in_dlv
GR-Athen,7091200010459008,2025-11-06,Aspropyrgos,1412,4.0000,440.0000,440.0000,0.0000,1.0000,exact_match,in_dlv
GR-Athen,7091200010458001,2025-11-06,Moschato,1412,1.5000,205.0000,205.0000,0.0000,1.0000,exact_match,in_dlv
GR-Athen,7091200010455000,2025-11-06,Mandra Attika,1412,1.0000,100.0000,100.0000,0.0000,1.0000,exact_match,in_dlv
GR-Athen,7091200010454003,2025-11-06,Pallini,1412,2.0000,205.0000,205.0000,0.0000,1.0000,exact_match,in_dlv
GR-Athen,7091200010488008,2025-11-07,Mandra Attika,1412,7.0000,770.0000,770.0000,0.0000,1.0000,exact_match,in_dlv
GR-Athen,7091200010482006,2025-11-07,Mandra Attika,1412,5.0000,550.0000,550.0000,0.0000,1.0000,exact_match,in_dlv
GR-Athen,7091200010481009,2025-11-07,Xanthi,5711,1.0000,141.3200,100.0000,41.3200,1.4132,muster_c_over,in_dlv
GR-Athen,7091200010478009,2025-11-07,Zakinthos,1412,1.0000,261.0300,100.0000,161.0300,2.6103,muster_c_over,in_dlv
GR-Athen,7091200010479006,2025-11-07,Mandra Attika,1412,14.0000,1540.0000,1540.0000,0.0000,1.0000,exact_match,in_dlv
GR-Athen,7091200010496003,2025-11-11,Elliniko,1412,1.0000,100.0000,100.0000,0.0000,1.0000,exact_match,in_dlv
GR-Athen,7091200010501004,2025-11-13,Mandra Attika,1412,6.0000,660.0000,660.0000,0.0000,1.0000,exact_match,in_dlv
GR-Athen,7091200010502001,2025-11-13,Megara,1412,3.0000,315.0000,315.0000,0.0000,1.0000,exact_match,in_dlv
GR-Athen,7091200010504005,2025-11-13,Megara,1412,3.0000,315.0000,315.0000,0.0000,1.0000,exact_match,in_dlv
GR-Athen,7091200010503008,2025-11-13,Aspropyrgos,1412,6.0000,660.0000,660.0000,0.0000,1.0000,exact_match,in_dlv
GR-Athen,7091200010505002,2025-11-14,Kassandria,5711,0.1000,106.6800,100.0000,6.6800,1.0668,other,in_dlv
GR-Athen,7091200010520005,2025-11-13,Elliniko,1412,0.1000,55.0000,100.0000,-45.0000,0.5500,muster_b_under,in_dlv
GR-Athen,7091200010525000,2025-11-13,Komotini,5711,0.5000,163.0900,100.0000,63.0900,1.6309,muster_c_over,in_dlv
GR-Athen,7091200010511003,2025-11-13,Mykonos,1412,0.5000,136.0700,100.0000,36.0700,1.3607,muster_c_over,in_dlv
GR-Athen,7091200010512000,2025-11-13,Kalamata,1412,1.0000,136.0700,100.0000,36.0700,1.3607,muster_c_over,in_dlv
GR-Athen,7091200010516008,2025-11-13,Mykonos,1412,0.1000,125.0600,100.0000,25.0600,1.2506,muster_c_over,in_dlv
GR-Athen,7091200010522009,2025-11-13,Koropi,1412,2.0000,205.0000,205.0000,0.0000,1.0000,exact_match,in_dlv
GR-Athen,7091200010523006,2025-11-14,Agios Athanasios,5711,6.0000,913.7000,660.0000,253.7000,1.3844,muster_c_over,in_dlv
GR-Athen,7091200010524003,2025-11-14,Thessaloniki,5711,3.0000,293.7500,315.0000,-21.2500,0.9325,muster_b_under,in_dlv
GR-Athen,7091200010515001,2025-11-14,Kilkis,5711,2.0000,244.7700,205.0000,39.7700,1.1940,muster_c_over,in_dlv
GR-Athen,7091200010519009,2025-11-13,Rodos,1412,0.1000,201.1100,100.0000,101.1100,2.0111,muster_c_over,in_dlv
GR-Athen,7091200010550002,2025-11-14,Mandra Attika,1412,4.0000,440.0000,440.0000,0.0000,1.0000,exact_match,in_dlv
GR-Athen,7091200010535009,2025-11-14,Mandra Attika,1412,2.0000,205.0000,205.0000,0.0000,1.0000,exact_match,in_dlv
GR-Athen,7091200010545008,2025-11-14,Paros,5711,5.0000,652.6300,550.0000,102.6300,1.1866,muster_c_over,in_dlv
GR-Athen,7091200010540003,2025-11-14,Edessa,5711,0.1000,76.1900,100.0000,-23.8100,0.7619,muster_b_under,in_dlv
GR-Athen,7091200010544001,2025-11-14,Chania,5711,1.0000,157.7800,100.0000,57.7800,1.5778,muster_c_over,in_dlv
GR-Athen,7091200010543004,2025-11-14,Lefkada,5711,0.1000,141.3200,100.0000,41.3200,1.4132,muster_c_over,in_dlv
GR-Athen,7091200010542007,2025-11-14,Acharnes,5711,2.0000,205.0000,205.0000,0.0000,1.0000,exact_match,in_dlv
GR-Athen,7091200010546005,2025-11-14,Mandra Attika,1412,15.0000,1650.0000,1650.0000,0.0000,1.0000,exact_match,in_dlv
GR-Athen,7091200010560001,2025-11-18,Kryoneri,1412,6.0000,660.0000,660.0000,0.0000,1.0000,exact_match,in_dlv
GR-Athen,7091200010562005,2025-11-18,Nea Moudhania (Nea Moudania),1412,1.0000,125.0600,100.0000,25.0600,1.2506,muster_c_over,in_dlv
GR-Athen,7091200010559005,2025-11-18,Vrachneika,1412,1.0000,136.0700,100.0000,36.0700,1.3607,muster_c_over,in_dlv
GR-Athen,7091200010558008,2025-11-18,Mandra Attika,1412,4.0000,440.0000,440.0000,0.0000,1.0000,exact_match,in_dlv
GR-Athen,7092010019789001,2025-11-21,Kalamata,1412,0.1000,65.3300,100.0000,-34.6700,0.6533,muster_b_under,in_dlv
GR-Athen,7091200010595003,2025-11-20,Mandra Attika,1412,2.0000,205.0000,205.0000,0.0000,1.0000,exact_match,in_dlv
GR-Athen,7091200010593009,2025-11-20,Mandra Attika,1412,3.0000,315.0000,315.0000,0.0000,1.0000,exact_match,in_dlv
GR-Athen,7091200010591005,2025-11-20,Rodos,1412,1.0000,179.4400,100.0000,79.4400,1.7944,muster_c_over,in_dlv
GR-Athen,7091200010586001,2025-11-20,Mandra Attika,1412,14.0000,1540.0000,1540.0000,0.0000,1.0000,exact_match,in_dlv
GR-Athen,7091200010584007,2025-11-20,Zakinthos,1412,1.0000,163.0900,100.0000,63.0900,1.6309,muster_c_over,in_dlv
GR-Athen,7091200010589002,2025-11-20,Geyfra,5711,1.0000,228.4200,100.0000,128.4200,2.2842,muster_c_over,in_dlv
GR-Athen,7091200010587008,2025-11-20,Megara,1412,1.0000,100.0000,100.0000,0.0000,1.0000,exact_match,in_dlv
GR-Athen,7091200010590008,2025-11-20,Agios Athanasios,5711,6.0000,913.7000,660.0000,253.7000,1.3844,muster_c_over,in_dlv
GR-Athen,7091200010583000,2025-11-20,Iraklio,1412,0.1000,108.8000,100.0000,8.8000,1.0880,other,in_dlv
GR-Athen,7091200010585004,2025-11-20,Aspropyrgos,1412,6.0000,660.0000,660.0000,0.0000,1.0000,exact_match,in_dlv
GR-Athen,7091200010606006,2025-11-21,N. Alikarnassos,1412,0.1000,108.8000,100.0000,8.8000,1.0880,other,in_dlv
GR-Athen,7091200010607003,2025-11-21,Mandra Attika,1412,1.0000,100.0000,100.0000,0.0000,1.0000,exact_match,in_dlv
GR-Athen,7091200010616005,2025-11-21,Kastelli,5711,2.0000,299.1500,205.0000,94.1500,1.4593,muster_c_over,in_dlv
GR-Athen,7091200010597007,2025-11-21,Mandra Attika,1412,6.0000,660.0000,660.0000,0.0000,1.0000,exact_match,in_dlv
GR-Athen,7091200010599001,2025-11-21,Nea Moudhania (Nea Moudania),5711,1.0000,201.1100,100.0000,101.1100,2.0111,muster_c_over,in_dlv
GR-Athen,7091200010617002,2025-11-21,Komotini,1412,1.5000,263.3000,205.0000,58.3000,1.2844,muster_c_over,in_dlv
GR-Athen,7091200010640000,2025-11-25,Aspropyrgos,1412,7.0000,770.0000,770.0000,0.0000,1.0000,exact_match,in_dlv
GR-Athen,7091200010649003,2025-11-25,Kastelli,1412,1.0000,195.9000,100.0000,95.9000,1.9590,muster_c_over,in_dlv
GR-Athen,7091200010639004,2025-11-25,Kastelli,1412,1.0000,157.7800,100.0000,57.7800,1.5778,muster_c_over,in_dlv
GR-Athen,7091200010635006,2025-11-25,Aspropyrgos,1412,3.0000,315.0000,315.0000,0.0000,1.0000,exact_match,in_dlv
GR-Athen,7091200010636003,2025-11-25,Xilokastro,1412,1.0000,136.0700,100.0000,36.0700,1.3607,muster_c_over,in_dlv
GR-Athen,7091200010637000,2025-11-25,Mandra Attika,1412,1.0000,100.0000,100.0000,0.0000,1.0000,exact_match,in_dlv
GR-Athen,7091200010638007,2025-11-25,Thessaloniki,5711,1.0000,97.9500,100.0000,-2.0500,0.9795,other,in_dlv
GR-Athen,7091200010644008,2025-11-25,Sindos,5711,1.0000,157.7800,100.0000,57.7800,1.5778,muster_c_over,in_dlv
GR-Athen,7091200010660008,2025-11-27,Afadoy,1412,1.0000,201.1100,100.0000,101.1100,2.0111,muster_c_over,in_dlv
GR-Athen,7091200010656001,2025-11-27,Syros (Ano Syros),1412,1.0000,179.4400,100.0000,79.4400,1.7944,muster_c_over,in_dlv
GR-Athen,7091200010659002,2025-11-27,Mandra Attika,1412,2.0000,205.0000,205.0000,0.0000,1.0000,exact_match,in_dlv
GR-Athen,7091200010671004,2025-11-28,Heraklion,1412,1.0000,157.7800,100.0000,57.7800,1.5778,muster_c_over,in_dlv
GR-Athen,7091200010664006,2025-11-28,Paros,1412,1.0000,212.1600,100.0000,112.1600,2.1216,muster_c_over,in_dlv
GR-Athen,7091200010693006,2025-12-02,Archagelos,1412,0.1000,125.0600,100.0000,25.0600,1.2506,muster_c_over,in_dlv
GR-Athen,7091200010701008,2025-12-02,Mandra Attika,1412,8.0000,880.0000,880.0000,0.0000,1.0000,exact_match,in_dlv
GR-Athen,7091200010695000,2025-12-02,Mandra Attika,1412,15.0000,1650.0000,1650.0000,0.0000,1.0000,exact_match,in_dlv
GR-Athen,7091200010716002,2025-12-04,Komotini,5711,1.0000,141.3200,100.0000,41.3200,1.4132,muster_c_over,in_dlv
GR-Athen,7091200010721006,2025-12-04,Naxos,1412,1.0000,201.1100,100.0000,101.1100,2.0111,muster_c_over,in_dlv
GR-Athen,7091200010720009,2025-12-04,Heraklion,1412,0.2000,179.4400,100.0000,79.4400,1.7944,muster_c_over,in_dlv
GR-Athen,7091200010717009,2025-12-04,Elliniko,1412,0.1000,55.0000,100.0000,-45.0000,0.5500,muster_b_under,in_dlv
GR-Athen,7091200010715005,2025-12-04,Sindos,5711,3.0000,293.7500,315.0000,-21.2500,0.9325,muster_b_under,in_dlv
GR-Athen,7091200010718006,2025-12-04,Heraklion,1412,1.0000,157.7800,100.0000,57.7800,1.5778,muster_c_over,in_dlv
GR-Athen,7091200010708007,2025-12-04,Kryoneri,1412,3.0000,315.0000,315.0000,0.0000,1.0000,exact_match,in_dlv
GR-Athen,7091200010714008,2025-12-04,Aspropyrgos,1412,1.0000,100.0000,100.0000,0.0000,1.0000,exact_match,in_dlv
GR-Athen,7091200010712004,2025-12-04,Dafnes,1412,1.0000,157.7800,100.0000,57.7800,1.5778,muster_c_over,in_dlv
GR-Athen,7091200010711007,2025-12-04,Paiania,1412,1.0000,100.0000,100.0000,0.0000,1.0000,exact_match,in_dlv
GR-Athen,7091200010713001,2025-12-04,Xilokastro,1412,1.0000,217.5600,100.0000,117.5600,2.1756,muster_c_over,in_dlv
GR-Athen,7091200010722003,2025-12-04,Komotini,5711,2.0000,228.4200,205.0000,23.4200,1.1142,muster_c_over,in_dlv
GR-Athen,7091200010709004,2025-12-04,Acharnes,1412,2.0000,205.0000,205.0000,0.0000,1.0000,exact_match,in_dlv
GR-Athen,7091200010740007,2025-12-05,Mandra Attika,5711,9.5000,990.0000,1100.0000,-110.0000,0.9000,muster_b_under,in_dlv
GR-Athen,7091200010732002,2025-12-05,Mandra Attika,1412,15.0000,1650.0000,1650.0000,0.0000,1.0000,exact_match,in_dlv
GR-Athen,7091200010734006,2025-12-05,Megara,1412,3.0000,315.0000,315.0000,0.0000,1.0000,exact_match,in_dlv
GR-Athen,7091200010733009,2025-12-05,Ilio,1412,1.0000,100.0000,100.0000,0.0000,1.0000,exact_match,in_dlv
GR-Athen,7091200010737007,2025-12-05,Marousi,1412,1.0000,100.0000,100.0000,0.0000,1.0000,exact_match,in_dlv
GR-Athen,7091200010738004,2025-12-05,Thessaloniki,5711,3.0000,293.7500,315.0000,-21.2500,0.9325,muster_b_under,in_dlv
GR-Athen,7091200010736000,2025-12-05,Mandra Attika,1412,15.0000,1650.0000,1650.0000,0.0000,1.0000,exact_match,in_dlv
GR-Athen,7092010023396004,2025-12-08,Paros,1412,0.2000,108.8000,100.0000,8.8000,1.0880,other,in_dlv
GR-Athen,7091200010757005,2025-12-09,Mandra Attika,1412,1.0000,100.0000,100.0000,0.0000,1.0000,exact_match,in_dlv
GR-Athen,7091200010756008,2025-12-09,Thira,1412,1.0000,201.1100,100.0000,101.1100,2.0111,muster_c_over,in_dlv
GR-Athen,7091200010754004,2025-12-09,Afadoy,1412,1.0000,179.4400,100.0000,79.4400,1.7944,muster_c_over,in_dlv
GR-Athen,7091200010758002,2025-12-09,Kastelli,1412,0.5000,179.4400,100.0000,79.4400,1.7944,muster_c_over,in_dlv
GR-Athen,7091200010749000,2025-12-09,Glyka Nera,1412,2.5000,315.0000,205.0000,110.0000,1.5366,muster_c_over,in_dlv
GR-Athen,7091200010750006,2025-12-09,Kastelli,1412,1.0000,157.7800,100.0000,57.7800,1.5778,muster_c_over,in_dlv
GR-Athen,7091200010764003,2025-12-09,Mandra Attika,1412,3.0000,315.0000,315.0000,0.0000,1.0000,exact_match,in_dlv
GR-Athen,7091200010766007,2025-12-09,Athens,1412,2.0000,205.0000,205.0000,0.0000,1.0000,exact_match,in_dlv
GR-Athen,7091200010759009,2025-12-09,Zakinthos,1412,1.0000,163.0900,100.0000,63.0900,1.6309,muster_c_over,in_dlv
GR-Athen,7091200010760005,2025-12-09,Patra,1412,0.1000,81.5900,100.0000,-18.4100,0.8159,muster_b_under,in_dlv
GR-Athen,7091200010763006,2025-12-09,Agios Athanasios,5711,1.0000,136.0700,100.0000,36.0700,1.3607,muster_c_over,in_dlv
GR-Athen,7092010024665000,2025-12-12,Kalamata,1412,0.5000,92.3500,100.0000,-7.6500,0.9235,other,in_dlv
GR-Athen,7091200010775009,2025-12-11,Kilkis,5711,1.0000,125.0600,100.0000,25.0600,1.2506,muster_c_over,in_dlv
GR-Athen,7091200010776006,2025-12-11,Mandra Attika,1412,4.0000,440.0000,440.0000,0.0000,1.0000,exact_match,in_dlv
GR-Athen,7091200010778000,2025-12-11,Mandra Attika,1412,7.5000,880.0000,880.0000,0.0000,1.0000,exact_match,in_dlv
GR-Athen,7091200010774002,2025-12-11,Mandra Attika,1412,8.0000,880.0000,880.0000,0.0000,1.0000,exact_match,in_dlv
GR-Athen,7092010024658002,2025-12-12,Piraeus,1412,1.0000,100.0000,100.0000,0.0000,1.0000,exact_match,in_dlv
GR-Athen,7091200010779007,2025-12-11,Sparti,1412,2.0000,233.9200,205.0000,28.9200,1.1411,muster_c_over,in_dlv
GR-Athen,7091200010802002,2025-12-12,Sparti,1412,1.0000,136.0700,100.0000,36.0700,1.3607,muster_c_over,in_dlv
GR-Athen,7091200010795007,2025-12-12,Sparti,1412,2.0000,233.9200,205.0000,28.9200,1.1411,muster_c_over,in_dlv
GR-Athen,7091200010800008,2025-12-12,Sparti,1412,1.0000,136.0700,100.0000,36.0700,1.3607,muster_c_over,in_dlv
GR-Athen,7091200010803009,2025-12-12,Athens,1412,1.0000,100.0000,100.0000,0.0000,1.0000,exact_match,in_dlv
GR-Athen,7091200010794000,2025-12-12,Mandra Attika,1412,0.5000,55.0000,100.0000,-45.0000,0.5500,muster_b_under,in_dlv
GR-Athen,7091200010796004,2025-12-12,N. Alikarnassos,1412,0.5000,119.7100,100.0000,19.7100,1.1971,muster_c_over,in_dlv
GR-Athen,7091200010789006,2025-12-12,Mandra Attika,1412,11.0000,1210.0000,1210.0000,0.0000,1.0000,exact_match,in_dlv
GR-Athen,7091200010790002,2025-12-12,Aspropyrgos,1412,6.0000,660.0000,660.0000,0.0000,1.0000,exact_match,in_dlv
GR-Athen,7091200010801005,2025-12-12,Mandra Attika,1412,2.0000,205.0000,205.0000,0.0000,1.0000,exact_match,in_dlv
GB-Wallingford,7091200010031006,2025-09-29,Wallingford,1403,18.0000,1520.0000,1495.0000,25.0000,1.0167,muster_c_over,in_dlv
GB-Wallingford,7092010000813005,2025-09-29,Wallingford,1403,1.0000,150.0000,100.0000,50.0000,1.5000,muster_c_over,in_dlv
GB-Wallingford,7091200010054005,2025-10-01,Wallingford,1403,14.0000,1270.0000,1200.0000,70.0000,1.0583,muster_c_over,in_dlv
GB-Wallingford,7091200010082008,2025-10-02,Wallingford,0042,1.0000,145.0000,100.0000,45.0000,1.4500,muster_c_over,in_dlv
GB-Wallingford,7091200010087003,2025-10-06,Wallingford,1403,14.0000,1225.0000,1200.0000,25.0000,1.0208,muster_c_over,in_dlv
GB-Wallingford,7091200010091000,2025-10-06,Wallingford,1403,1.0000,145.0000,100.0000,45.0000,1.4500,muster_c_over,in_dlv
GB-Wallingford,7091200010121004,2025-10-07,Wallingford,1403,8.0000,770.0000,745.0000,25.0000,1.0336,muster_c_over,in_dlv
GB-Wallingford,7091200010116000,2025-10-07,Wallingford,1403,10.0000,770.0000,885.0000,-115.0000,0.8701,muster_b_under,in_dlv
GB-Wallingford,7091200010133007,2025-10-08,Wallingford,1403,18.0000,1000.0000,1495.0000,-495.0000,0.6689,muster_b_under,in_dlv
GB-Wallingford,7091200010125002,2025-10-07,Wallingford,1403,6.0000,590.0000,620.0000,-30.0000,0.9516,muster_b_under,in_dlv
GB-Wallingford,7091200010156006,2025-10-09,Wallingford,1403,1.0000,170.0000,100.0000,70.0000,1.7000,muster_c_over,in_dlv
GB-Wallingford,7091200010160003,2025-10-09,Wallingford,1403,1.3000,195.0000,100.0000,95.0000,1.9500,muster_c_over,in_dlv
GB-Wallingford,7091200010146007,2025-10-09,Wallingford,1403,12.0000,2510.0000,1050.0000,1460.0000,2.3905,muster_c_over,in_dlv
GB-Wallingford,7091200010076007,2025-10-01,Wallingford,1403,24.0000,1990.0000,1965.0000,25.0000,1.0127,muster_c_over,in_dlv
GB-Wallingford,7091200010081001,2025-10-02,Wallingford,0042,24.0000,1075.0000,1965.0000,-890.0000,0.5471,muster_b_under,in_dlv
GB-Wallingford,7091200010191007,2025-10-13,Wallingford,1403,24.0000,1990.0000,1965.0000,25.0000,1.0127,muster_c_over,in_dlv
GB-Wallingford,7091200010200006,2025-10-14,Wallingford,1403,9.0000,840.0000,815.0000,25.0000,1.0307,muster_c_over,in_dlv
GB-Wallingford,7091200010216007,2025-10-14,Wallingford,1403,6.2500,540.0000,620.0000,-80.0000,0.8710,muster_b_under,in_dlv
GB-Wallingford,7091200010229007,2025-10-16,Wallingford,1403,2.2500,260.0000,200.0000,60.0000,1.3000,muster_c_over,in_dlv
GB-Wallingford,7091200010234001,2025-10-16,Wallingford,1403,1.0000,155.0000,100.0000,55.0000,1.5500,muster_c_over,in_dlv
GB-Wallingford,7091200010242006,2025-10-16,Wallingford,1403,7.0000,645.0000,700.0000,-55.0000,0.9214,muster_b_under,in_dlv
GB-Wallingford,7091200010223005,2025-10-14,Wallingford,1403,4.0000,380.0000,470.0000,-90.0000,0.8085,muster_b_under,in_dlv
GB-Wallingford,7091200010230003,2025-10-15,Wallingford,1403,1.5000,230.0000,200.0000,30.0000,1.1500,muster_c_over,in_dlv
GB-Wallingford,7091200010231000,2025-10-15,Wallingford,1403,17.0000,1440.0000,1415.0000,25.0000,1.0177,muster_c_over,in_dlv
GB-Wallingford,7091200010271006,2025-10-20,Wallingford,1403,18.0000,1520.0000,1495.0000,25.0000,1.0167,muster_c_over,in_dlv
GB-Wallingford,7091200010290007,2025-10-21,Wallingford,1403,2.5000,265.0000,200.0000,65.0000,1.3250,muster_c_over,in_dlv
GB-Wallingford,7091200010283009,2025-10-21,Wallingford,1403,6.0000,645.0000,620.0000,25.0000,1.0403,muster_c_over,in_dlv
GB-Wallingford,7091200010304001,2025-10-22,Wallingford,1403,34.0000,2675.0000,2650.0000,25.0000,1.0094,muster_c_over,in_dlv
GB-Wallingford,7091200010309006,2025-10-22,Wallingford,1403,3.0000,290.0000,335.0000,-45.0000,0.8657,muster_b_under,in_dlv
GB-Wallingford,7091200010305008,2025-10-22,Wallingford,1403,13.0000,1150.0000,1125.0000,25.0000,1.0222,muster_c_over,in_dlv
GB-Wallingford,7091200010324009,2025-10-23,Wallingford,1403,11.0000,770.0000,975.0000,-205.0000,0.7897,muster_b_under,in_dlv
GB-Wallingford,7091200010319005,2025-10-23,Wallingford,1403,1.2500,170.0000,100.0000,70.0000,1.7000,muster_c_over,in_dlv
GB-Wallingford,7091200010317001,2025-10-23,Wallingford,1403,10.0000,910.0000,885.0000,25.0000,1.0282,muster_c_over,in_dlv
GB-Wallingford,7091200010354006,2025-10-27,Wallingford,1403,14.0000,1270.0000,1200.0000,70.0000,1.0583,muster_c_over,in_dlv
GB-Wallingford,7091200010366009,2025-10-28,Wallingford,1403,1.0000,140.0000,100.0000,40.0000,1.4000,muster_c_over,in_dlv
GB-Wallingford,7091200010380005,2025-10-28,Wallingford,1403,15.5000,1415.0000,1345.0000,70.0000,1.0520,muster_c_over,in_dlv
GB-Wallingford,7091200010389008,2025-10-29,Wallingford,1403,21.0000,1750.0000,1725.0000,25.0000,1.0145,muster_c_over,in_dlv
GB-Wallingford,7092010010725008,2025-10-21,Wallingford,1403,3.0000,305.0000,335.0000,-30.0000,0.9104,muster_b_under,in_dlv
GB-Wallingford,7091200010399007,2025-10-30,Wallingford,1403,21.7500,1920.0000,1805.0000,115.0000,1.0637,muster_c_over,in_dlv
