auftragsnr,datum,nach_ort,route_key,no_route_match,phase_a,phase_b,ldm,stpl_abrstrecke,n_direct,n_ceil,n_round,n_floor,betrag,exp_26_direct,exp_26_ceil,exp_26_round,exp_26_floor,tariff_26_direct,toll_26_direct,exp_25_direct,exp_25_ceil,dlv_version_a,exp_phase_a,delta_a,dlv_version_b,exp_phase_b,delta_b,ratio_26_direct,muster_a,muster_b
7092010002856000,2025-09-26,Portlaoise,R32,False,pre_dlv,in_dlv_2025,13.6000,33.0000,33.0000,33,33,33,3655.6200,3439.6200,3439.6200,3439.6200,3439.6200,3375.0000,64.6200,3439.6200,3439.6200,none,,,2025,3439.6200,216.0000,1.0628,False,False
7092010004762002,2025-10-06,Galway,H91,False,pre_dlv,in_dlv_2025,8.8000,22.0000,22.0000,22,22,22,2974.8300,2798.4129,2798.4129,2798.4129,2798.4129,2756.6000,41.8129,2798.4129,2798.4129,none,,,2025,2798.4129,176.4171,1.0630,False,False
7092010006676000,2025-10-10,Galway,H91,False,in_dlv_2025,in_dlv_2025,6.0000,15.0000,15.0000,15,15,15,2316.0000,2178.4088,2178.4088,2178.4088,2178.4088,2149.9000,28.5088,2178.4088,2178.4088,2025,2178.4088,137.5912,2025,2178.4088,137.5912,1.0632,False,False
7092010006765001,2025-10-10,Portlaoise,R32,False,in_dlv_2025,in_dlv_2025,10.4000,26.0000,26.0000,26,26,26,3180.0300,2991.7153,2991.7153,2991.7153,2991.7153,2942.3000,49.4153,2991.7153,2991.7153,2025,2991.7153,188.3147,2025,2991.7153,188.3147,1.0629,False,False
7092010011864003,2025-10-24,Portlaoise,R32,False,in_dlv_2025,in_dlv_2025,4.0000,10.0000,10.0000,10,10,10,1686.3000,1586.0059,1586.0059,1586.0059,1586.0059,1567.0000,19.0059,1586.0059,1586.0059,2025,1586.0059,100.2941,2025,1586.0059,100.2941,1.0632,False,False
7092010015045002,2025-10-31,Dublin,D12,False,in_dlv_2025,in_dlv_2025,13.6000,33.0000,33.0000,33,33,33,3655.6200,3439.6200,3439.6200,3439.6200,3439.6200,3375.0000,64.6200,3439.6200,3439.6200,2025,3439.6200,216.0000,2025,3439.6200,216.0000,1.0628,False,False
7092010015037007,2025-10-31,Portlaoise,R32,False,in_dlv_2025,in_dlv_2025,13.6000,33.0000,33.0000,33,33,33,3655.6200,3439.6200,3439.6200,3439.6200,3439.6200,3375.0000,64.6200,3439.6200,3439.6200,2025,3439.6200,216.0000,2025,3439.6200,216.0000,1.0628,False,False
7092010015041004,2025-10-31,Portlaoise,R32,False,in_dlv_2025,in_dlv_2025,13.6000,33.0000,33.0000,33,33,33,3655.6200,3439.6200,3439.6200,3439.6200,3439.6200,3375.0000,64.6200,3439.6200,3439.6200,2025,3439.6200,216.0000,2025,3439.6200,216.0000,1.0628,False,False
7092010015048003,2025-10-31,Galway,H91,False,in_dlv_2025,in_dlv_2025,13.6000,33.0000,33.0000,33,33,33,3793.9400,3569.6200,3569.6200,3569.6200,3569.6200,3505.0000,64.6200,3569.6200,3569.6200,2025,3569.6200,224.3200,2025,3569.6200,224.3200,1.0628,False,False
7092010015043008,2025-10-31,Rathmullan,F92,False,in_dlv_2025,in_dlv_2025,13.6000,33.0000,33.0000,33,33,33,3602.4200,3387.7194,3387.7194,3387.7194,3387.7194,3325.0000,62.7194,,,2025,,,2025,,,1.0634,False,False
7092010016157001,2025-11-07,Galway,H91,False,in_dlv_2025,in_dlv_2025,9.6000,24.0000,24.0000,24,24,23,3120.2600,2951.7141,2951.7141,2951.7141,2875.0135,2906.1000,45.6141,2951.7141,2951.7141,2025,2951.7141,168.5459,2025,2951.7141,168.5459,1.0571,False,False
7092010016827003,2025-11-07,Portlaoise,R32,False,in_dlv_2025,in_dlv_2025,13.6000,34.0000,33.0000,33,33,33,3635.3700,3439.6200,3439.6200,3439.6200,3439.6200,3375.0000,64.6200,3439.6200,3439.6200,2025,3439.6200,195.7500,2025,3439.6200,195.7500,1.0569,False,False
7092010016830003,2025-11-07,Portlaoise,R32,False,in_dlv_2025,in_dlv_2025,13.6000,34.0000,33.0000,33,33,33,3635.3700,3439.6200,3439.6200,3439.6200,3439.6200,3375.0000,64.6200,3439.6200,3439.6200,2025,3439.6200,195.7500,2025,3439.6200,195.7500,1.0569,False,False
7092010017941005,2025-09-29,Rathmullan,F92,False,pre_dlv,in_dlv_2025,13.6000,33.0000,33.0000,33,33,33,3602.4200,3387.7194,3387.7194,3387.7194,3387.7194,3325.0000,62.7194,,,none,,,2025,,,1.0634,False,False
7092010017979008,2025-10-03,Portlaoise,R32,False,pre_dlv,in_dlv_2025,13.6000,33.0000,33.0000,33,33,33,3655.6200,3439.6200,3439.6200,3439.6200,3439.6200,3375.0000,64.6200,3439.6200,3439.6200,none,,,2025,3439.6200,216.0000,1.0628,False,False
7092010018003009,2025-10-06,Portlaoise,R32,False,pre_dlv,in_dlv_2025,13.6000,34.0000,33.0000,33,33,33,3655.6200,3439.6200,3439.6200,3439.6200,3439.6200,3375.0000,64.6200,3439.6200,3439.6200,none,,,2025,3439.6200,216.0000,1.0628,False,False
7092010018019000,2025-10-20,Portlaoise,R32,False,in_dlv_2025,in_dlv_2025,13.6000,34.0000,33.0000,33,33,33,3655.6200,3439.6200,3439.6200,3439.6200,3439.6200,3375.0000,64.6200,3439.6200,3439.6200,2025,3439.6200,216.0000,2025,3439.6200,216.0000,1.0628,False,False
7092010018025001,2025-10-20,Rathmullan,F92,False,in_dlv_2025,in_dlv_2025,13.6000,34.0000,33.0000,33,33,33,3602.4200,3387.7194,3387.7194,3387.7194,3387.7194,3325.0000,62.7194,,,2025,,,2025,,,1.0634,False,False
7092010018044002,2025-10-24,Rathmullan,F92,False,in_dlv_2025,in_dlv_2025,13.6000,34.0000,33.0000,33,33,33,3602.4200,3387.7194,3387.7194,3387.7194,3387.7194,3325.0000,62.7194,,,2025,,,2025,,,1.0634,False,False
7092010018040004,2025-10-24,Galway,H91,False,in_dlv_2025,in_dlv_2025,13.6000,34.0000,33.0000,33,33,33,3793.9400,3569.6200,3569.6200,3569.6200,3569.6200,3505.0000,64.6200,3569.6200,3569.6200,2025,3569.6200,224.3200,2025,3569.6200,224.3200,1.0628,False,False
7092010018034003,2025-10-24,Portlaoise,R32,False,in_dlv_2025,in_dlv_2025,13.6000,34.0000,33.0000,33,33,33,3655.6200,3439.6200,3439.6200,3439.6200,3439.6200,3375.0000,64.6200,3439.6200,3439.6200,2025,3439.6200,216.0000,2025,3439.6200,216.0000,1.0628,False,False
7092010018032009,2025-10-24,Portlaoise,R32,False,in_dlv_2025,in_dlv_2025,13.6000,34.0000,33.0000,33,33,33,3655.6200,3439.6200,3439.6200,3439.6200,3439.6200,3375.0000,64.6200,3439.6200,3439.6200,2025,3439.6200,216.0000,2025,3439.6200,216.0000,1.0628,False,False
7092010018518008,2025-11-14,Portlaoise,R32,False,in_dlv_2025,in_dlv_2025,2.4000,6.0000,6.0000,6,6,5,1254.8700,1186.7035,1186.7035,1186.7035,976.5029,1175.3000,11.4035,1186.7035,1186.7035,2025,1186.7035,68.1665,2025,1186.7035,68.1665,1.0574,False,False
7092010018507002,2025-11-14,Portlaoise,R32,False,in_dlv_2025,in_dlv_2025,13.6000,34.0000,33.0000,33,33,33,3635.3700,3439.6200,3439.6200,3439.6200,3439.6200,3375.0000,64.6200,3439.6200,3439.6200,2025,3439.6200,195.7500,2025,3439.6200,195.7500,1.0569,False,False
7092010018524009,2025-11-14,Portlaoise,R32,False,in_dlv_2025,in_dlv_2025,13.6000,34.0000,33.0000,33,33,33,3635.3700,3439.6200,3439.6200,3439.6200,3439.6200,3375.0000,64.6200,3439.6200,3439.6200,2025,3439.6200,195.7500,2025,3439.6200,195.7500,1.0569,False,False
7092010018521008,2025-11-14,Galway,H91,False,in_dlv_2025,in_dlv_2025,10.8000,27.0000,27.0000,27,27,27,3363.1800,3181.6159,3181.6159,3181.6159,3181.6159,3130.3000,51.3159,3181.6159,3181.6159,2025,3181.6159,181.5641,2025,3181.6159,181.5641,1.0571,False,False
7092010018512006,2025-11-14,Rathmullan,F92,False,in_dlv_2025,in_dlv_2025,13.6000,34.0000,33.0000,33,33,33,3582.4700,3387.7194,3387.7194,3387.7194,3387.7194,3325.0000,62.7194,,,2025,,,2025,,,1.0575,False,False
7092010020116001,2025-11-21,Galway,H91,False,in_dlv_2025,in_dlv_2025,13.6000,33.0000,33.0000,33,33,33,3772.9100,3569.6200,3569.6200,3569.6200,3569.6200,3505.0000,64.6200,3569.6200,3569.6200,2025,3569.6200,203.2900,2025,3569.6200,203.2900,1.0570,False,False
7092010020106002,2025-11-21,Portlaoise,R32,False,in_dlv_2025,in_dlv_2025,13.6000,33.0000,33.0000,33,33,33,3635.3700,3439.6200,3439.6200,3439.6200,3439.6200,3375.0000,64.6200,3439.6200,3439.6200,2025,3439.6200,195.7500,2025,3439.6200,195.7500,1.0569,False,False
7092010020098000,2025-11-21,Portlaoise,R32,False,in_dlv_2025,in_dlv_2025,13.6000,33.0000,33.0000,33,33,33,3635.3700,3439.6200,3439.6200,3439.6200,3439.6200,3375.0000,64.6200,3439.6200,3439.6200,2025,3439.6200,195.7500,2025,3439.6200,195.7500,1.0569,False,False
7092010020108006,2025-11-21,Portlaoise,R32,False,in_dlv_2025,in_dlv_2025,13.6000,33.0000,33.0000,33,33,33,3635.3700,3439.6200,3439.6200,3439.6200,3439.6200,3375.0000,64.6200,3439.6200,3439.6200,2025,3439.6200,195.7500,2025,3439.6200,195.7500,1.0569,False,False
7092010020112003,2025-11-24,Portlaoise,R32,False,in_dlv_2025,in_dlv_2025,13.6000,33.0000,33.0000,33,33,33,3635.3700,3439.6200,3439.6200,3439.6200,3439.6200,3375.0000,64.6200,3439.6200,3439.6200,2025,3439.6200,195.7500,2025,3439.6200,195.7500,1.0569,False,False
7092010021460004,2025-11-28,Portlaoise,R32,False,in_dlv_2025,in_dlv_2025,13.6000,33.0000,33.0000,33,33,33,3635.3700,3439.6200,3439.6200,3439.6200,3439.6200,3375.0000,64.6200,3439.6200,3439.6200,2025,3439.6200,195.7500,2025,3439.6200,195.7500,1.0569,False,False
7092010021466006,2025-11-28,Portlaoise,R32,False,in_dlv_2025,in_dlv_2025,13.6000,33.0000,33.0000,33,33,33,3635.3700,3439.6200,3439.6200,3439.6200,3439.6200,3375.0000,64.6200,3439.6200,3439.6200,2025,3439.6200,195.7500,2025,3439.6200,195.7500,1.0569,False,False
7092010021463005,2025-11-28,Portlaoise,R32,False,in_dlv_2025,in_dlv_2025,13.6000,33.0000,33.0000,33,33,33,3635.3700,3439.6200,3439.6200,3439.6200,3439.6200,3375.0000,64.6200,3439.6200,3439.6200,2025,3439.6200,195.7500,2025,3439.6200,195.7500,1.0569,False,False
7092010021458001,2025-11-28,Portlaoise,R32,False,in_dlv_2025,in_dlv_2025,13.6000,33.0000,33.0000,33,33,33,3635.3700,3439.6200,3439.6200,3439.6200,3439.6200,3375.0000,64.6200,3439.6200,3439.6200,2025,3439.6200,195.7500,2025,3439.6200,195.7500,1.0569,False,False
7092010021489005,2025-11-28,Galway,H91,False,in_dlv_2025,in_dlv_2025,13.6000,33.0000,33.0000,33,33,33,3772.9100,3569.6200,3569.6200,3569.6200,3569.6200,3505.0000,64.6200,3569.6200,3569.6200,2025,3569.6200,203.2900,2025,3569.6200,203.2900,1.0570,False,False
7092010021996008,2025-10-17,Dublin,D12,False,in_dlv_2025,in_dlv_2025,13.6000,33.0000,33.0000,33,33,33,3655.6200,3439.6200,3439.6200,3439.6200,3439.6200,3375.0000,64.6200,3439.6200,3439.6200,2025,3439.6200,216.0000,2025,3439.6200,216.0000,1.0628,False,False
7092010021988003,2025-10-17,Portlaoise,R32,False,in_dlv_2025,in_dlv_2025,13.6000,33.0000,33.0000,33,33,33,3655.6200,3439.6200,3439.6200,3439.6200,3439.6200,3375.0000,64.6200,3439.6200,3439.6200,2025,3439.6200,216.0000,2025,3439.6200,216.0000,1.0628,False,False
7092010021985002,2025-10-17,Portlaoise,R32,False,in_dlv_2025,in_dlv_2025,13.6000,33.0000,33.0000,33,33,33,3655.6200,3439.6200,3439.6200,3439.6200,3439.6200,3375.0000,64.6200,3439.6200,3439.6200,2025,3439.6200,216.0000,2025,3439.6200,216.0000,1.0628,False,False
7092010021991003,2025-10-17,Galway,H91,False,in_dlv_2025,in_dlv_2025,9.2000,23.0000,23.0000,23,23,22,3056.2100,2875.0135,2875.0135,2875.0135,2798.4129,2831.3000,43.7135,2875.0135,2875.0135,2025,2875.0135,181.1965,2025,2875.0135,181.1965,1.0630,False,False
7092010021989000,2025-10-17,Portlaoise,R32,False,in_dlv_2025,in_dlv_2025,4.0000,10.0000,10.0000,10,10,10,1686.3000,1586.0059,1586.0059,1586.0059,1586.0059,1567.0000,19.0059,1586.0059,1586.0059,2025,1586.0059,100.2941,2025,1586.0059,100.2941,1.0632,False,False
7092010023255004,2025-12-05,Galway,H91,False,in_dlv_2025,in_dlv_2025,9.6000,24.0000,24.0000,24,24,23,3137.7000,2951.7141,2951.7141,2951.7141,2875.0135,2906.1000,45.6141,2951.7141,2951.7141,2025,2951.7141,185.9859,2025,2951.7141,185.9859,1.0630,False,False
7092010023537001,2025-12-05,Portlaoise,R32,False,in_dlv_2025,in_dlv_2025,13.6000,33.0000,33.0000,33,33,33,3655.6200,3439.6200,3439.6200,3439.6200,3439.6200,3375.0000,64.6200,3439.6200,3439.6200,2025,3439.6200,216.0000,2025,3439.6200,216.0000,1.0628,False,False
7092010023535007,2025-12-05,Portlaoise,R32,False,in_dlv_2025,in_dlv_2025,13.6000,33.0000,33.0000,33,33,33,3655.6200,3439.6200,3439.6200,3439.6200,3439.6200,3375.0000,64.6200,3439.6200,3439.6200,2025,3439.6200,216.0000,2025,3439.6200,216.0000,1.0628,False,False
7092010023534000,2025-12-05,Portlaoise,R32,False,in_dlv_2025,in_dlv_2025,13.6000,33.0000,33.0000,33,33,33,3655.6200,3439.6200,3439.6200,3439.6200,3439.6200,3375.0000,64.6200,3439.6200,3439.6200,2025,3439.6200,216.0000,2025,3439.6200,216.0000,1.0628,False,False
7092010025179001,2025-12-12,Galway,H91,False,in_dlv_2025,in_dlv_2025,13.6000,33.0000,33.0000,33,33,33,3793.9400,3569.6200,3569.6200,3569.6200,3569.6200,3505.0000,64.6200,3569.6200,3569.6200,2025,3569.6200,224.3200,2025,3569.6200,224.3200,1.0628,False,False
7092010025177007,2025-12-12,Portlaoise,R32,False,in_dlv_2025,in_dlv_2025,13.6000,33.0000,33.0000,33,33,33,3655.6200,3439.6200,3439.6200,3439.6200,3439.6200,3375.0000,64.6200,3439.6200,3439.6200,2025,3439.6200,216.0000,2025,3439.6200,216.0000,1.0628,False,False
7092010025194004,2025-12-12,Portlaoise,R32,False,in_dlv_2025,in_dlv_2025,13.6000,33.0000,33.0000,33,33,33,3655.6200,3439.6200,3439.6200,3439.6200,3439.6200,3375.0000,64.6200,3439.6200,3439.6200,2025,3439.6200,216.0000,2025,3439.6200,216.0000,1.0628,False,False
7092010025941004,2025-12-18,Galway,H91,False,in_dlv_2025,in_dlv_2025,13.6000,33.0000,33.0000,33,33,33,3793.9400,3569.6200,3569.6200,3569.6200,3569.6200,3505.0000,64.6200,3569.6200,3569.6200,2025,3569.6200,224.3200,2025,3569.6200,224.3200,1.0628,False,False
7092010026981009,2025-10-10,Littleton,E41,False,in_dlv_2025,in_dlv_2025,13.6000,,,33,33,33,3495.0000,,3439.6200,3439.6200,3439.6200,,,,,2025,,,2025,,,,False,False
7092010027739005,2026-01-09,Galway,H91,False,in_dlv_2025,in_dlv_2025,6.4000,,,16,16,16,2445.2900,,2287.3094,2287.3094,2287.3094,,,,2287.3094,2025,,,2025,,,,False,False
7092010027865001,2026-01-09,Portlaoise,R32,False,in_dlv_2025,in_dlv_2025,13.6000,33.0000,33.0000,33,33,33,3675.8700,3439.6200,3439.6200,3439.6200,3439.6200,3375.0000,64.6200,3439.6200,3439.6200,2025,3439.6200,236.2500,2025,3439.6200,236.2500,1.0687,False,False
7092010027861003,2026-01-09,Rathmullan,F92,False,in_dlv_2025,in_dlv_2025,13.6000,33.0000,33.0000,33,33,33,3622.3700,3387.7194,3387.7194,3387.7194,3387.7194,3325.0000,62.7194,,,2025,,,2025,,,1.0693,False,False
7092010029588007,2026-01-16,Portlaoise,R32,False,in_dlv_2025,in_dlv_2025,13.6000,33.0000,33.0000,33,33,33,3675.8700,3439.6200,3439.6200,3439.6200,3439.6200,3375.0000,64.6200,3439.6200,3439.6200,2025,3439.6200,236.2500,2025,3439.6200,236.2500,1.0687,False,False
7092010029604004,2026-01-16,Portlaoise,R32,False,in_dlv_2025,in_dlv_2025,13.6000,33.0000,33.0000,33,33,33,3675.8700,3439.6200,3439.6200,3439.6200,3439.6200,3375.0000,64.6200,3439.6200,3439.6200,2025,3439.6200,236.2500,2025,3439.6200,236.2500,1.0687,False,False
7092010029769000,2026-01-16,Portlaoise,R32,False,in_dlv_2025,in_dlv_2025,6.8000,17.0000,17.0000,17,17,17,2456.8200,2298.2100,2298.2100,2298.2100,2298.2100,2265.9000,32.3100,2298.2100,2298.2100,2025,2298.2100,158.6100,2025,2298.2100,158.6100,1.0690,False,False
7092010029767006,2026-01-16,Galway,H91,False,in_dlv_2025,in_dlv_2025,6.0000,15.0000,15.0000,15,15,15,2328.9000,2178.4088,2178.4088,2178.4088,2178.4088,2149.9000,28.5088,2178.4088,2178.4088,2025,2178.4088,150.4912,2025,2178.4088,150.4912,1.0691,False,False
7092010030872003,2026-01-22,Rathmullan,F92,False,in_dlv_2025,in_dlv_2025,13.6000,33.0000,33.0000,33,33,33,3622.3700,3387.7194,3387.7194,3387.7194,3387.7194,3325.0000,62.7194,,,2025,,,2025,,,1.0693,False,False
7092010030871006,2026-01-22,Dublin,D12,False,in_dlv_2025,in_dlv_2025,13.6000,33.0000,33.0000,33,33,33,3675.8700,3439.6200,3439.6200,3439.6200,3439.6200,3375.0000,64.6200,3439.6200,3439.6200,2025,3439.6200,236.2500,2025,3439.6200,236.2500,1.0687,False,False
7092010031752007,2026-01-23,Rathmullan,F92,False,in_dlv_2025,in_dlv_2025,13.6000,33.0000,33.0000,33,33,33,3622.3700,3387.7194,3387.7194,3387.7194,3387.7194,3325.0000,62.7194,,,2025,,,2025,,,1.0693,False,False
7092010031744002,2026-01-23,Galway,H91,False,in_dlv_2025,in_dlv_2025,13.6000,33.0000,33.0000,33,33,33,3814.9700,3569.6200,3569.6200,3569.6200,3569.6200,3505.0000,64.6200,3569.6200,3569.6200,2025,3569.6200,245.3500,2025,3569.6200,245.3500,1.0687,False,False
7092010031747003,2026-01-23,Portlaoise,R32,False,in_dlv_2025,in_dlv_2025,13.6000,33.0000,33.0000,33,33,33,3675.8700,3439.6200,3439.6200,3439.6200,3439.6200,3375.0000,64.6200,3439.6200,3439.6200,2025,3439.6200,236.2500,2025,3439.6200,236.2500,1.0687,False,False
7092010031750003,2026-01-23,Portlaoise,R32,False,in_dlv_2025,in_dlv_2025,13.6000,33.0000,33.0000,33,33,33,3675.8700,3439.6200,3439.6200,3439.6200,3439.6200,3375.0000,64.6200,3439.6200,3439.6200,2025,3439.6200,236.2500,2025,3439.6200,236.2500,1.0687,False,False
7092010032335001,2026-01-26,Portlaoise,R32,False,in_dlv_2025,in_dlv_2025,13.6000,33.0000,33.0000,33,33,33,3675.8700,3439.6200,3439.6200,3439.6200,3439.6200,3375.0000,64.6200,3439.6200,3439.6200,2025,3439.6200,236.2500,2025,3439.6200,236.2500,1.0687,False,False
7092010032343006,2026-01-26,Littleton,E41,False,in_dlv_2025,in_dlv_2025,13.6000,33.0000,33.0000,33,33,33,3675.8700,3439.6200,3439.6200,3439.6200,3439.6200,3375.0000,64.6200,,,2025,,,2025,,,1.0687,False,False
7092010033712009,2026-01-30,Galway,H91,False,in_dlv_2025,in_dlv_2025,10.0000,25.0000,25.0000,25,25,25,3236.9700,3028.3147,3028.3147,3028.3147,3028.3147,2980.8000,47.5147,3028.3147,3028.3147,2025,3028.3147,208.6553,2025,3028.3147,208.6553,1.0689,False,False
7092010033710005,2026-01-30,Littleton,E41,False,in_dlv_2025,in_dlv_2025,13.6000,33.0000,33.0000,33,33,33,3675.8700,3439.6200,3439.6200,3439.6200,3439.6200,3375.0000,64.6200,,,2025,,,2025,,,1.0687,False,False
7092010033709009,2026-01-30,Portlaoise,R32,False,in_dlv_2025,in_dlv_2025,13.6000,33.0000,33.0000,33,33,33,3675.8700,3439.6200,3439.6200,3439.6200,3439.6200,3375.0000,64.6200,3439.6200,3439.6200,2025,3439.6200,236.2500,2025,3439.6200,236.2500,1.0687,False,False
7092010033706008,2026-01-30,Portlaoise,R32,False,in_dlv_2025,in_dlv_2025,2.8000,7.0000,7.0000,7,7,6,1359.6800,1271.6041,1271.6041,1271.6041,1186.7035,1258.3000,13.3041,1271.6041,1271.6041,2025,1271.6041,88.0759,2025,1271.6041,88.0759,1.0693,False,False
7092010035690008,2026-02-06,Portlaoise,R32,False,in_dlv_2025,in_dlv_2025,13.6000,34.0000,33.0000,33,33,33,3655.6200,3439.6200,3439.6200,3439.6200,3439.6200,3375.0000,64.6200,3439.6200,3439.6200,2025,3439.6200,216.0000,2025,3439.6200,216.0000,1.0628,False,False
7092010035686001,2026-02-06,Portlaoise,R32,False,in_dlv_2025,in_dlv_2025,13.6000,34.0000,33.0000,33,33,33,3655.6200,3439.6200,3439.6200,3439.6200,3439.6200,3375.0000,64.6200,3439.6200,3439.6200,2025,3439.6200,216.0000,2025,3439.6200,216.0000,1.0628,False,False
7092010035677009,2026-02-06,Galway,H91,False,in_dlv_2025,in_dlv_2025,0.4000,1.0000,1.0000,1,1,1,223.3200,210.0006,210.0006,210.0006,210.0006,208.1000,1.9006,210.0006,210.0006,2025,210.0006,13.3194,2025,210.0006,13.3194,1.0634,False,False
7092010035682003,2026-02-06,Galway,H91,False,in_dlv_2025,in_dlv_2025,13.2000,32.0000,32.0000,33,33,32,3793.9400,3565.8188,3569.6200,3569.6200,3565.8188,3505.0000,60.8188,3565.8188,3569.6200,2025,3565.8188,228.1212,2025,3565.8188,228.1212,1.0640,False,False
7092010036362003,2026-02-09,Littleton,E41,False,in_dlv_2025,in_dlv_2025,13.6000,33.0000,33.0000,33,33,33,3655.6200,3439.6200,3439.6200,3439.6200,3439.6200,3375.0000,64.6200,,,2025,,,2025,,,1.0628,False,False
7092010036369002,2026-02-10,Portlaoise,R32,False,in_dlv_2025,in_dlv_2025,13.6000,33.0000,33.0000,33,33,33,3655.6200,3439.6200,3439.6200,3439.6200,3439.6200,3375.0000,64.6200,3439.6200,3439.6200,2025,3439.6200,216.0000,2025,3439.6200,216.0000,1.0628,False,False
7092010036736002,2026-02-13,Galway,H91,False,in_dlv_2025,in_dlv_2025,10.0000,25.0000,25.0000,25,25,25,3219.0800,3028.3147,3028.3147,3028.3147,3028.3147,2980.8000,47.5147,3028.3147,3028.3147,2025,3028.3147,190.7653,2025,3028.3147,190.7653,1.0630,False,False
7092010037394003,2026-02-13,Portlaoise,R32,False,in_dlv_2025,in_dlv_2025,13.6000,34.0000,33.0000,33,33,33,3655.6200,3439.6200,3439.6200,3439.6200,3439.6200,3375.0000,64.6200,3439.6200,3439.6200,2025,3439.6200,216.0000,2025,3439.6200,216.0000,1.0628,False,False
7092010037399008,2026-02-13,Portlaoise,R32,False,in_dlv_2025,in_dlv_2025,13.6000,34.0000,33.0000,33,33,33,3655.6200,3439.6200,3439.6200,3439.6200,3439.6200,3375.0000,64.6200,3439.6200,3439.6200,2025,3439.6200,216.0000,2025,3439.6200,216.0000,1.0628,False,False
7092010037403002,2026-02-13,Rathmullan,F92,False,in_dlv_2025,in_dlv_2025,13.6000,34.0000,33.0000,33,33,33,3602.4200,3387.7194,3387.7194,3387.7194,3387.7194,3325.0000,62.7194,,,2025,,,2025,,,1.0634,False,False
7092010037407000,2026-02-13,Rathmullan,F92,False,in_dlv_2025,in_dlv_2025,13.6000,34.0000,33.0000,33,33,33,3602.4200,3387.7194,3387.7194,3387.7194,3387.7194,3325.0000,62.7194,,,2025,,,2025,,,1.0634,False,False
7092010038341006,2026-02-20,Galway,H91,False,in_dlv_2025,in_dlv_2025,6.0000,15.0000,15.0000,15,15,15,2316.0000,2178.4088,2178.4088,2178.4088,2178.4088,2149.9000,28.5088,2178.4088,2178.4088,2025,2178.4088,137.5912,2025,2178.4088,137.5912,1.0632,False,False
7092010038324009,2026-02-20,Portlaoise,R32,False,in_dlv_2025,in_dlv_2025,13.6000,33.0000,33.0000,33,33,33,3655.6200,3439.6200,3439.6200,3439.6200,3439.6200,3375.0000,64.6200,3439.6200,3439.6200,2025,3439.6200,216.0000,2025,3439.6200,216.0000,1.0628,False,False
7092010038321008,2026-02-20,Portlaoise,R32,False,in_dlv_2025,in_dlv_2025,13.6000,33.0000,33.0000,33,33,33,3655.6200,3439.6200,3439.6200,3439.6200,3439.6200,3375.0000,64.6200,3439.6200,3439.6200,2025,3439.6200,216.0000,2025,3439.6200,216.0000,1.0628,False,False
7092010040426005,2026-02-27,Galway,H91,False,in_dlv_2025,in_dlv_2025,10.4000,26.0000,26.0000,26,26,26,3300.4700,3104.9153,3104.9153,3104.9153,3104.9153,3055.5000,49.4153,3104.9153,3104.9153,2025,3104.9153,195.5547,2025,3104.9153,195.5547,1.0630,False,False
7092010040384008,2026-02-27,Portlaoise,R32,False,in_dlv_2025,in_dlv_2025,5.2000,13.0000,13.0000,13,13,13,2016.4100,1896.6076,1896.6076,1896.6076,1896.6076,1871.9000,24.7076,1896.6076,1896.6076,2025,1896.6076,119.8024,2025,1896.6076,119.8024,1.0632,False,False
7092010041885009,2026-03-03,Littleton,E41,False,in_dlv_2026,in_dlv_2026,13.6000,33.0000,33.0000,33,33,33,3738.0000,3439.6200,3439.6200,3439.6200,3439.6200,3375.0000,64.6200,,,2026,3439.6200,298.3800,2026,3439.6200,298.3800,1.0867,False,False
7092010042048007,2026-03-06,Portlaoise,R32,False,in_dlv_2026,in_dlv_2026,5.2000,13.0000,13.0000,13,13,13,2073.2300,1896.6076,1896.6076,1896.6076,1896.6076,1871.9000,24.7076,1896.6076,1896.6076,2026,1896.6076,176.6224,2026,1896.6076,176.6224,1.0931,False,False
7092010042775002,2026-03-06,Galway,H91,False,in_dlv_2026,in_dlv_2026,13.6000,33.0000,33.0000,33,33,33,3878.5300,3569.6200,3569.6200,3569.6200,3569.6200,3505.0000,64.6200,3569.6200,3569.6200,2026,3569.6200,308.9100,2026,3569.6200,308.9100,1.0865,False,False
7092010042765003,2026-03-06,Portlaoise,R32,False,in_dlv_2026,in_dlv_2026,13.6000,33.0000,33.0000,33,33,33,3738.0000,3439.6200,3439.6200,3439.6200,3439.6200,3375.0000,64.6200,3439.6200,3439.6200,2026,3439.6200,298.3800,2026,3439.6200,298.3800,1.0867,False,False
7092010042770007,2026-03-06,Portlaoise,R32,False,in_dlv_2026,in_dlv_2026,13.6000,33.0000,33.0000,33,33,33,3738.0000,3439.6200,3439.6200,3439.6200,3439.6200,3375.0000,64.6200,3439.6200,3439.6200,2026,3439.6200,298.3800,2026,3439.6200,298.3800,1.0867,False,False
7092010043772000,2026-03-13,Portlaoise,R32,False,in_dlv_2026,in_dlv_2026,9.2000,23.0000,23.0000,23,23,22,3015.9500,2770.1135,2770.1135,2770.1135,2696.2129,2726.4000,43.7135,2770.1135,2770.1135,2026,2770.1135,245.8365,2026,2770.1135,245.8365,1.0887,False,False
7092010044350009,2026-03-13,Littleton,E41,False,in_dlv_2026,in_dlv_2026,13.6000,33.0000,33.0000,33,33,33,3738.0000,3439.6200,3439.6200,3439.6200,3439.6200,3375.0000,64.6200,,,2026,3439.6200,298.3800,2026,3439.6200,298.3800,1.0867,False,False
7092010044348006,2026-03-13,Galway,H91,False,in_dlv_2026,in_dlv_2026,13.6000,33.0000,33.0000,33,33,33,3878.5300,3569.6200,3569.6200,3569.6200,3569.6200,3505.0000,64.6200,3569.6200,3569.6200,2026,3569.6200,308.9100,2026,3569.6200,308.9100,1.0865,False,False
7092010043791001,2026-03-13,Portlaoise,R32,False,in_dlv_2026,in_dlv_2026,13.6000,33.0000,33.0000,33,33,33,3738.0000,3439.6200,3439.6200,3439.6200,3439.6200,3375.0000,64.6200,3439.6200,3439.6200,2026,3439.6200,298.3800,2026,3439.6200,298.3800,1.0867,False,False
7092010039289000,2026-02-23,Littleton,E41,False,in_dlv_2025,in_dlv_2025,13.6000,33.0000,33.0000,33,33,33,3655.6200,3439.6200,3439.6200,3439.6200,3439.6200,3375.0000,64.6200,,,2025,,,2025,,,1.0628,False,False
7092010046499003,2026-03-20,Galway,H91,False,in_dlv_2026,in_dlv_2026,13.6000,33.0000,33.0000,33,33,33,3878.5300,3569.6200,3569.6200,3569.6200,3569.6200,3505.0000,64.6200,3569.6200,3569.6200,2026,3569.6200,308.9100,2026,3569.6200,308.9100,1.0865,False,False
7092010046494008,2026-03-20,Portlaoise,R32,False,in_dlv_2026,in_dlv_2026,13.6000,33.0000,33.0000,33,33,33,3738.0000,3439.6200,3439.6200,3439.6200,3439.6200,3375.0000,64.6200,3439.6200,3439.6200,2026,3439.6200,298.3800,2026,3439.6200,298.3800,1.0867,False,False
7092010046497009,2026-03-20,Portlaoise,R32,False,in_dlv_2026,in_dlv_2026,13.6000,33.0000,33.0000,33,33,33,3738.0000,3439.6200,3439.6200,3439.6200,3439.6200,3375.0000,64.6200,3439.6200,3439.6200,2026,3439.6200,298.3800,2026,3439.6200,298.3800,1.0867,False,False
7092010046498006,2026-03-20,Portlaoise,R32,False,in_dlv_2026,in_dlv_2026,13.6000,33.0000,33.0000,33,33,33,3738.0000,3439.6200,3439.6200,3439.6200,3439.6200,3375.0000,64.6200,3439.6200,3439.6200,2026,3439.6200,298.3800,2026,3439.6200,298.3800,1.0867,False,False
7092010046500006,2026-03-23,Littleton,E41,False,in_dlv_2026,in_dlv_2026,13.6000,33.0000,33.0000,33,33,33,3738.0000,3439.6200,3439.6200,3439.6200,3439.6200,3375.0000,64.6200,,,2026,3439.6200,298.3800,2026,3439.6200,298.3800,1.0867,False,False
7092010047241007,2026-03-27,Portlaoise,R32,False,in_dlv_2026,in_dlv_2026,8.0000,20.0000,20.0000,20,20,20,2776.8600,2548.5118,2548.5118,2548.5118,2548.5118,2510.5000,38.0118,2548.5118,2548.5118,2026,2548.5118,228.3482,2026,2548.5118,228.3482,1.0896,False,False
7092010048404005,2026-03-27,Portlaoise,R32,False,in_dlv_2026,in_dlv_2026,13.6000,33.0000,33.0000,33,33,33,3738.0000,3439.6200,3439.6200,3439.6200,3439.6200,3375.0000,64.6200,3439.6200,3439.6200,2026,3439.6200,298.3800,2026,3439.6200,298.3800,1.0867,False,False
7092010048360004,2026-04-01,Littleton,E41,False,in_dlv_2026,in_dlv_2026,13.6000,33.0000,33.0000,33,33,33,3758.2500,3439.6200,3439.6200,3439.6200,3439.6200,3375.0000,64.6200,,,2026,3439.6200,318.6300,2026,3439.6200,318.6300,1.0926,False,False
7092010048365009,2026-04-02,Galway,H91,False,in_dlv_2026,in_dlv_2026,11.2000,28.0000,28.0000,28,28,27,3562.0600,3258.2165,3258.2165,3258.2165,3181.6159,3205.0000,53.2165,3258.2165,3258.2165,2026,3258.2165,303.8435,2026,3258.2165,303.8435,1.0933,False,False
7092010048363005,2026-04-02,Portlaoise,R32,False,in_dlv_2026,in_dlv_2026,13.6000,33.0000,33.0000,33,33,33,3758.2500,3439.6200,3439.6200,3439.6200,3439.6200,3375.0000,64.6200,3439.6200,3439.6200,2026,3439.6200,318.6300,2026,3439.6200,318.6300,1.0926,False,False
7092010049103006,2026-03-27,Galway,H91,False,in_dlv_2026,in_dlv_2026,13.6000,33.0000,33.0000,33,33,33,3878.5300,3569.6200,3569.6200,3569.6200,3569.6200,3505.0000,64.6200,3569.6200,3569.6200,2026,3569.6200,308.9100,2026,3569.6200,308.9100,1.0865,False,False
7092010048411003,2026-03-27,Portlaoise,R32,False,in_dlv_2026,in_dlv_2026,13.6000,33.0000,33.0000,33,33,33,3738.0000,3439.6200,3439.6200,3439.6200,3439.6200,3375.0000,64.6200,3439.6200,3439.6200,2026,3439.6200,298.3800,2026,3439.6200,298.3800,1.0867,False,False
7092010049923000,2026-04-13,Galway,H91,False,in_dlv_2026,in_dlv_2026,7.6000,19.0000,19.0000,19,19,18,2813.7200,2568.4112,2568.4112,2568.4112,2491.8106,2532.3000,36.1112,2568.4112,2568.4112,2026,2568.4112,245.3088,2026,2568.4112,245.3088,1.0955,False,False
7092010049911007,2026-04-13,Portlaoise,R32,False,in_dlv_2026,in_dlv_2026,2.8000,7.0000,7.0000,7,7,6,1381.0700,1271.6041,1271.6041,1271.6041,1186.7035,1258.3000,13.3041,1271.6041,1271.6041,2026,1271.6041,109.4659,2026,1271.6041,109.4659,1.0861,False,False
7092010049914008,2026-04-13,Littleton,E41,False,in_dlv_2026,in_dlv_2026,13.6000,33.0000,33.0000,33,33,33,3758.2500,3439.6200,3439.6200,3439.6200,3439.6200,3375.0000,64.6200,,,2026,3439.6200,318.6300,2026,3439.6200,318.6300,1.0926,False,False
7092010049899008,2026-04-13,Portlaoise,R32,False,in_dlv_2026,in_dlv_2026,13.6000,33.0000,33.0000,33,33,33,3758.2500,3439.6200,3439.6200,3439.6200,3439.6200,3375.0000,64.6200,3439.6200,3439.6200,2026,3439.6200,318.6300,2026,3439.6200,318.6300,1.0926,False,False
7092010049903002,2026-04-13,Portlaoise,R32,False,in_dlv_2026,in_dlv_2026,13.6000,33.0000,33.0000,33,33,33,3758.2500,3439.6200,3439.6200,3439.6200,3439.6200,3375.0000,64.6200,3439.6200,3439.6200,2026,3439.6200,318.6300,2026,3439.6200,318.6300,1.0926,False,False
7092010050929008,2026-04-13,Portlaoise,R32,False,in_dlv_2026,in_dlv_2026,13.6000,33.0000,33.0000,33,33,33,3758.2500,3439.6200,3439.6200,3439.6200,3439.6200,3375.0000,64.6200,3439.6200,3439.6200,2026,3439.6200,318.6300,2026,3439.6200,318.6300,1.0926,False,False
