Rechnungsnummer,datum,phase,Empfänger Land,Empfänger PLZ,plz_norm,Tonnage (eff.),Lademeter,Erlöse Fracht,Erlöse Diesel,Erlöse Maut,status
2560101,2025-10-01,in_dlv_2025,AT,4020,4020,0.0,0.0,2.215,0.0443,0.0,t_zero
2560101,2025-10-01,in_dlv_2025,AT,4020,4020,0.0,0.0,16.7325,0.335,0.0,t_zero
2560101,2025-10-01,in_dlv_2025,AT,5300,5300,0.0,0.0,31.547,0.6319,0.0,t_zero
2560101,2025-10-01,in_dlv_2025,AT,4020,4020,0.0,0.0,143.5683,2.8744,0.0,t_zero
2560101,2025-10-01,in_dlv_2025,AT,4020,4020,0.0,0.0,6.8708,0.1376,0.0,t_zero
2560101,2025-10-01,in_dlv_2025,AT,4020,4020,0.0,0.0,7.0178,0.1405,0.0,t_zero
2560101,2025-10-01,in_dlv_2025,AT,4020,4020,0.0,0.0,10.1502,0.2021,0.0,t_zero
2560101,2025-10-01,in_dlv_2025,AT,5300,5300,0.0,0.0,25.4214,0.5092,0.0,t_zero
2560101,2025-10-01,in_dlv_2025,AT,4020,4020,0.0,0.0,21.9898,0.4379,0.0,t_zero
4251000560,2025-10-02,in_dlv_2025,FR,01160,01160,0.0,0.0,88.9068,1.7777,0.0,t_zero
4251000560,2025-10-02,in_dlv_2025,FR,01160,01160,0.0,0.0,60.5869,1.2115,0.0,t_zero
2560101,2025-10-02,in_dlv_2025,AT,4020,4020,0.0,0.0,11.0646,0.2203,0.0,t_zero
4251000560,2025-10-02,in_dlv_2025,FR,01160,01160,0.0,0.0,334.6163,6.6908,0.0,t_zero
2560101,2025-10-02,in_dlv_2025,GR,611 00,61100,32.0,0.0,93.1169,1.8656,0.0,no_dlv
2560101,2025-10-02,in_dlv_2025,ES,08830,08830,0.0,0.0,103.305,2.0682,0.0,t_zero
2560101,2025-10-02,in_dlv_2025,AT,4020,4020,0.0,0.0,21.0754,0.4197,0.0,t_zero
2560101,2025-10-02,in_dlv_2025,GR,611 00,61100,3.85,0.0,11.2031,0.2244,0.0,no_dlv
2560101,2025-10-02,in_dlv_2025,ES,08830,08830,0.0,0.0,27.5557,0.5517,0.0,t_zero
2560101,2025-10-02,in_dlv_2025,ES,08830,08830,0.0,0.0,44.9593,0.9001,0.0,t_zero
2560101,2025-10-02,in_dlv_2025,AT,5300,5300,0.0,0.0,8.7315,0.1749,0.0,t_zero
2560101,2025-10-02,in_dlv_2025,AT,5300,5300,0.0,0.0,16.0185,0.3209,0.0,t_zero
2560101,2025-10-02,in_dlv_2025,AT,5300,5300,0.0,0.0,74.6385,1.4951,0.0,t_zero
2560101,2025-10-06,in_dlv_2025,AT,4902,4902,0.0,0.0,374.0036,7.4806,0.0,t_zero
2560101,2025-10-06,in_dlv_2025,IT,40128,40128,0.0,0.0,57.5421,1.1514,0.0,t_zero
2560101,2025-10-06,in_dlv_2025,AT,4020,4020,0.0,0.0,1.2994,0.0259,0.0,t_zero
2560101,2025-10-06,in_dlv_2025,AT,4020,4020,0.0,0.0,0.5863,0.0117,0.0,t_zero
2560101,2025-10-06,in_dlv_2025,AT,4020,4020,0.0,0.0,0.7525,0.015,0.0,t_zero
4251000560,2025-10-06,in_dlv_2025,FR,72230,72230,0.0,0.0,271.4277,5.4304,0.0,t_zero
2560101,2025-10-06,in_dlv_2025,AT,4020,4020,0.0,0.0,11.214,0.224,0.0,t_zero
4251000560,2025-10-06,in_dlv_2025,FR,72230,72230,0.0,0.0,80.9523,1.6196,0.0,t_zero
2560101,2025-10-06,in_dlv_2025,AT,4020,4020,0.0,0.0,11.694,0.2334,0.0,t_zero
2560101,2025-10-06,in_dlv_2025,AT,4020,4020,0.0,0.0,5.8346,0.1165,0.0,t_zero
2560101,2025-10-06,in_dlv_2025,ES,08830,08830,0.0,0.0,147.3642,2.9489,0.0,t_zero
2560101,2025-10-06,in_dlv_2025,AT,4020,4020,0.0,0.0,14.1241,0.2819,0.0,t_zero
2560101,2025-10-06,in_dlv_2025,AT,5300,5300,0.0,0.0,19.7638,0.395,0.0,t_zero
2560101,2025-10-06,in_dlv_2025,AT,4020,4020,0.0,0.0,2.6679,0.0533,0.0,t_zero
2560101,2025-10-06,in_dlv_2025,AT,5300,5300,0.0,0.0,36.9983,0.7394,0.0,t_zero
2560101,2025-10-06,in_dlv_2025,AT,4020,4020,0.0,0.0,17.5723,0.3511,0.0,t_zero
2560101,2025-10-06,in_dlv_2025,AT,4020,4020,0.0,0.0,26.0194,0.5199,0.0,t_zero
2560101,2025-10-06,in_dlv_2025,IT,40128,40128,0.0,0.0,74.3979,1.4886,0.0,t_zero
2560101,2025-10-06,in_dlv_2025,AT,4902,4902,0.0,0.0,188.9564,3.7794,0.0,t_zero
2560101,2025-10-06,in_dlv_2025,ES,08830,08830,0.0,0.0,142.4644,2.8509,0.0,t_zero
2560101,2025-10-06,in_dlv_2025,AT,4020,4020,0.0,0.0,85.5256,1.7072,0.0,t_zero
2560101,2025-10-06,in_dlv_2025,ES,08830,08830,0.0,0.0,34.4914,0.6902,0.0,t_zero
2560101,2025-10-07,in_dlv_2025,IT,20871,20871,0.0,0.0,263.9774,5.278,0.0,t_zero
2560101,2025-10-07,in_dlv_2025,IT,39100,39100,0.0,0.0,63.1383,1.2633,0.0,t_zero
2560101,2025-10-07,in_dlv_2025,GR,190 10,19010,252.0,0.0,147.93,2.96,0.0,no_dlv
2560101,2025-10-07,in_dlv_2025,IT,36100,36100,0.0,0.0,77.66,1.55,0.0,t_zero
2560101,2025-10-07,in_dlv_2025,ES,08830,08830,0.0,0.0,199.98,4.0,0.0,t_zero
2560101,2025-10-07,in_dlv_2025,ES,08830,08830,0.0,0.0,68.9805,1.3792,0.0,t_zero
2560101,2025-10-07,in_dlv_2025,ES,17813,17813,0.0,0.0,72.7689,1.4576,0.0,t_zero
2560101,2025-10-07,in_dlv_2025,IT,36100,36100,0.0,0.0,77.66,1.55,0.0,t_zero
2560101,2025-10-07,in_dlv_2025,AT,4020,4020,0.0,0.0,31.5472,0.6282,0.0,t_zero
2560101,2025-10-07,in_dlv_2025,IT,20871,20871,0.0,0.0,232.6726,4.652,0.0,t_zero
2560101,2025-10-07,in_dlv_2025,ES,08830,08830,0.0,0.0,82.0329,1.6402,0.0,t_zero
2560101,2025-10-07,in_dlv_2025,ES,08830,08830,0.0,0.0,369.1466,7.3807,0.0,t_zero
2560101,2025-10-07,in_dlv_2025,ES,17813,17813,0.0,0.0,33.5711,0.6724,0.0,t_zero
2560101,2025-10-07,in_dlv_2025,IT,39100,39100,0.0,0.0,31.8217,0.6367,0.0,t_zero
2560101,2025-10-07,in_dlv_2025,AT,4020,4020,0.0,0.0,0.5928,0.0118,0.0,t_zero
4251000560,2025-10-08,in_dlv_2025,FR,14320,14320,0.0,0.0,794.8,15.9,0.0,t_zero
4251000560,2025-10-08,in_dlv_2025,FR,14320,14320,0.0,0.0,85.22,1.7,0.0,t_zero
2560101,2025-10-08,in_dlv_2025,AT,4020,4020,0.0,0.0,20.3009,0.406,0.0,t_zero
2560101,2025-10-08,in_dlv_2025,AT,4020,4020,0.0,0.0,9.5005,0.1892,0.0,t_zero
4251000560,2025-10-08,in_dlv_2025,FR,59930,59930,0.0,0.0,33.1551,0.6633,0.0,t_zero
2560101,2025-10-08,in_dlv_2025,IT,16151,16151,0.0,0.0,42.2787,0.846,0.0,t_zero
2560101,2025-10-08,in_dlv_2025,IT,16151,16151,0.0,0.0,34.7484,0.6953,0.0,t_zero
2560101,2025-10-08,in_dlv_2025,IT,16151,16151,0.0,0.0,34.7774,0.6959,0.0,t_zero
2560101,2025-10-08,in_dlv_2025,AT,4020,4020,0.0,0.0,1.558,0.0312,0.0,t_zero
2560101,2025-10-08,in_dlv_2025,IT,16151,16151,0.0,0.0,20.1355,0.4029,0.0,t_zero
2560101,2025-10-08,in_dlv_2025,AT,5300,5300,0.0,0.0,1.5307,0.0306,0.0,t_zero
4251000560,2025-10-08,in_dlv_2025,FR,59930,59930,0.0,0.0,45.8954,0.9182,0.0,t_zero
2560101,2025-10-08,in_dlv_2025,AT,5300,5300,0.0,0.0,43.9734,0.8787,0.0,t_zero
2560101,2025-10-08,in_dlv_2025,AT,4020,4020,0.0,0.0,14.0875,0.2805,0.0,t_zero
2560101,2025-10-08,in_dlv_2025,AT,5300,5300,0.0,0.0,15.1025,0.3016,0.0,t_zero
2560101,2025-10-08,in_dlv_2025,AT,4020,4020,0.0,0.0,39.2527,0.785,0.0,t_zero
4251000560,2025-10-08,in_dlv_2025,FR,59930,59930,0.0,0.0,273.3295,5.4685,0.0,t_zero
2560101,2025-10-08,in_dlv_2025,AT,4020,4020,0.0,0.0,237.2332,4.7441,0.0,t_zero
2560101,2025-10-08,in_dlv_2025,AT,4020,4020,0.0,0.0,35.6955,0.7138,0.0,t_zero
2560101,2025-10-09,in_dlv_2025,AT,4020,4020,0.0,0.0,20.5118,0.4085,0.0,t_zero
2560101,2025-10-09,in_dlv_2025,GR,611 00,61100,202.0,0.0,251.4705,5.0313,0.0,no_dlv
2560101,2025-10-09,in_dlv_2025,AT,5300,5300,0.0,0.0,33.7654,0.6743,0.0,t_zero
2560101,2025-10-09,in_dlv_2025,AT,4020,4020,0.0,0.0,11.6282,0.2316,0.0,t_zero
2560101,2025-10-09,in_dlv_2025,IT,39100,39100,0.0,0.0,29.591,0.5921,0.0,t_zero
2560101,2025-10-09,in_dlv_2025,IT,20812,20812,0.0,0.0,35.3242,0.7071,0.0,t_zero
2560101,2025-10-09,in_dlv_2025,IT,20871,20871,0.0,0.0,55.8537,1.1159,0.0,t_zero
2560101,2025-10-09,in_dlv_2025,GR,611 00,61100,8.5,0.0,10.5815,0.2117,0.0,no_dlv
2560101,2025-10-09,in_dlv_2025,IT,20812,20812,0.0,0.0,114.0358,2.2829,0.0,t_zero
2560101,2025-10-09,in_dlv_2025,IT,39100,39100,0.0,0.0,65.369,1.3079,0.0,t_zero
2560101,2025-10-09,in_dlv_2025,AT,5300,5300,0.0,0.0,38.9468,0.7778,0.0,t_zero
2560101,2025-10-09,in_dlv_2025,GR,611 00,61100,19.55,0.0,24.338,0.4869,0.0,no_dlv
2560101,2025-10-09,in_dlv_2025,IT,20871,20871,0.0,0.0,130.8463,2.6141,0.0,t_zero
2560101,2025-10-10,in_dlv_2025,FR,77170,77170,0.0,0.0,1.1201,0.0224,0.0,t_zero
2560101,2025-10-10,in_dlv_2025,FR,77170,77170,0.0,0.0,6.9833,0.1396,0.0,t_zero
2560101,2025-10-10,in_dlv_2025,FR,77170,77170,0.0,0.0,4.4374,0.0887,0.0,t_zero
2560101,2025-10-10,in_dlv_2025,AT,4020,4020,0.0,0.0,0.2919,0.0058,0.0,t_zero
2560101,2025-10-10,in_dlv_2025,FR,77170,77170,0.0,0.0,0.2328,0.0047,0.0,t_zero
2560101,2025-10-10,in_dlv_2025,FR,77170,77170,0.0,0.0,3.494,0.0699,0.0,t_zero
2560101,2025-10-10,in_dlv_2025,ES,08830,08830,0.0,0.0,51.8862,1.0388,0.0,t_zero
2560101,2025-10-10,in_dlv_2025,FR,77170,77170,0.0,0.0,50.0831,1.0015,0.0,t_zero
2560101,2025-10-10,in_dlv_2025,FR,77170,77170,0.0,0.0,0.1424,0.0028,0.0,t_zero
2560101,2025-10-10,in_dlv_2025,FR,77170,77170,0.0,0.0,5.9191,0.1184,0.0,t_zero
2560101,2025-10-10,in_dlv_2025,FR,77170,77170,0.0,0.0,19.1056,0.3821,0.0,t_zero
2560101,2025-10-10,in_dlv_2025,FR,77170,77170,0.0,0.0,46.8219,0.9363,0.0,t_zero
2560101,2025-10-10,in_dlv_2025,IT,20871,20871,0.0,0.0,38.2656,0.7637,0.0,t_zero
2560101,2025-10-10,in_dlv_2025,FR,77170,77170,0.0,0.0,0.2304,0.0046,0.0,t_zero
2560101,2025-10-10,in_dlv_2025,FR,77170,77170,0.0,0.0,10.7597,0.2152,0.0,t_zero
2560101,2025-10-10,in_dlv_2025,AT,5300,5300,0.0,0.0,82.7856,1.6595,0.0,t_zero
2560101,2025-10-10,in_dlv_2025,FR,77170,77170,0.0,0.0,1.1649,0.0233,0.0,t_zero
2560101,2025-10-10,in_dlv_2025,FR,77170,77170,0.0,0.0,52.645,1.0528,0.0,t_zero
2560101,2025-10-10,in_dlv_2025,FR,77170,77170,0.0,0.0,118.4284,2.3683,0.0,t_zero
2560101,2025-10-10,in_dlv_2025,ES,08830,08830,0.0,0.0,102.4382,2.0509,0.0,t_zero
2560101,2025-10-10,in_dlv_2025,FR,77170,77170,0.0,0.0,2.3011,0.046,0.0,t_zero
2560101,2025-10-10,in_dlv_2025,FR,77170,77170,0.0,0.0,1.4466,0.0289,0.0,t_zero
2560101,2025-10-10,in_dlv_2025,FR,77170,77170,0.0,0.0,3.8437,0.0769,0.0,t_zero
2560101,2025-10-10,in_dlv_2025,AT,5300,5300,0.0,0.0,20.8646,0.4169,0.0,t_zero
4251000560,2025-10-10,in_dlv_2025,CY,5280,5280,1261.0,0.0,1635.8,32.72,0.0,no_dlv
2560101,2025-10-10,in_dlv_2025,FR,77170,77170,0.0,0.0,0.3168,0.0063,0.0,t_zero
2560101,2025-10-10,in_dlv_2025,FR,77170,77170,0.0,0.0,4.0669,0.0813,0.0,t_zero
2560101,2025-10-10,in_dlv_2025,FR,77170,77170,0.0,0.0,25.624,0.5124,0.0,t_zero
2560101,2025-10-10,in_dlv_2025,FR,77170,77170,0.0,0.0,1.6842,0.0337,0.0,t_zero
2560101,2025-10-10,in_dlv_2025,FR,77170,77170,0.0,0.0,148.5058,2.9697,0.0,t_zero
2560101,2025-10-10,in_dlv_2025,ES,08830,08830,0.0,0.0,106.77,2.14,0.0,t_zero
2560101,2025-10-10,in_dlv_2025,FR,77170,77170,0.0,0.0,0.0512,0.001,0.0,t_zero
2560101,2025-10-10,in_dlv_2025,FR,77170,77170,0.0,0.0,87.8198,1.7562,0.0,t_zero
2560101,2025-10-10,in_dlv_2025,FR,77170,77170,0.0,0.0,74.5413,1.4906,0.0,t_zero
2560101,2025-10-10,in_dlv_2025,FR,77170,77170,0.0,0.0,116.4714,2.3291,0.0,t_zero
2560101,2025-10-10,in_dlv_2025,AT,4020,4020,0.0,0.0,49.4361,0.9877,0.0,t_zero
2560101,2025-10-10,in_dlv_2025,IT,20871,20871,0.0,0.0,39.3944,0.7863,0.0,t_zero
2560101,2025-10-10,in_dlv_2025,FR,77170,77170,0.0,0.0,0.356,0.0071,0.0,t_zero
2560101,2025-10-10,in_dlv_2025,FR,77170,77170,0.0,0.0,1.7258,0.0345,0.0,t_zero
2560101,2025-10-10,in_dlv_2025,FR,77170,77170,0.0,0.0,9.7764,0.1955,0.0,t_zero
2560101,2025-10-13,in_dlv_2025,ES,33211,33211,0.0,0.0,121.3,2.43,0.0,t_zero
2560101,2025-10-13,in_dlv_2025,ES,33211,33211,0.0,0.0,121.3,2.43,0.0,t_zero
2560101,2025-10-14,in_dlv_2025,AT,4020,4020,0.0,0.0,1.9831,0.0397,0.0,t_zero
2560101,2025-10-14,in_dlv_2025,AT,5300,5300,0.0,0.0,3.1438,0.0628,0.0,t_zero
2560101,2025-10-14,in_dlv_2025,AT,4020,4020,0.0,0.0,207.7383,4.1535,0.0,t_zero
2560101,2025-10-14,in_dlv_2025,AT,5300,5300,0.0,0.0,97.28,1.95,0.0,t_zero
2560101,2025-10-14,in_dlv_2025,AT,4020,4020,0.0,0.0,4.0604,0.0815,0.0,t_zero
2560101,2025-10-14,in_dlv_2025,AT,4020,4020,0.0,0.0,16.2415,0.326,0.0,t_zero
2560101,2025-10-14,in_dlv_2025,AT,5300,5300,0.0,0.0,3.7182,0.0742,0.0,t_zero
2560101,2025-10-14,in_dlv_2025,IT,25010,25010,0.0,0.0,144.0488,2.8779,0.0,t_zero
2560101,2025-10-14,in_dlv_2025,AT,4020,4020,0.0,0.0,16.1171,0.3235,0.0,t_zero
2560101,2025-10-14,in_dlv_2025,AT,4020,4020,0.0,0.0,195.8982,3.9168,0.0,t_zero
2560101,2025-10-14,in_dlv_2025,AT,4020,4020,0.0,0.0,28.8449,0.579,0.0,t_zero
2560101,2025-10-14,in_dlv_2025,AT,4020,4020,0.0,0.0,43.9681,0.8825,0.0,t_zero
2560101,2025-10-14,in_dlv_2025,AT,4020,4020,0.0,0.0,19.3081,0.3875,0.0,t_zero
2560101,2025-10-14,in_dlv_2025,IT,25010,25010,0.0,0.0,42.6512,0.8521,0.0,t_zero
2560101,2025-10-16,in_dlv_2025,ES,08830,08830,0.0,0.0,324.0496,6.4818,0.0,t_zero
2560101,2025-10-16,in_dlv_2025,AT,5300,5300,0.0,0.0,71.1971,1.4246,0.0,t_zero
2560101,2025-10-16,in_dlv_2025,AT,4902,4902,0.0,0.0,127.8,2.56,0.0,t_zero
2563945,2025-10-16,in_dlv_2025,AT,4020,4020,0.0,0.0,9.5613,0.0943,0.0,t_zero
2560101,2025-10-16,in_dlv_2025,GR,570 22,57022,116.0,0.0,111.14,2.22,0.0,no_dlv
2560101,2025-10-16,in_dlv_2025,ES,08830,08830,0.0,0.0,5.4317,0.1086,0.0,t_zero
2560101,2025-10-16,in_dlv_2025,AT,5300,5300,0.0,0.0,3.8854,0.0777,0.0,t_zero
2563945,2025-10-16,in_dlv_2025,AT,4020,4020,0.0,0.0,13.3933,0.132,0.0,t_zero
2563945,2025-10-16,in_dlv_2025,AT,4902,4902,0.0,0.0,19.8896,0.3969,0.0,t_zero
2563945,2025-10-16,in_dlv_2025,AT,4902,4902,0.0,0.0,82.3504,1.6431,0.0,t_zero
2560101,2025-10-16,in_dlv_2025,GR,564 29,56429,34.98,0.0,16.969,0.3395,0.0,no_dlv
2560101,2025-10-16,in_dlv_2025,AT,4020,4020,0.0,0.0,32.14,0.64,0.0,t_zero
2560101,2025-10-16,in_dlv_2025,AT,5300,5300,0.0,0.0,2.1656,0.0433,0.0,t_zero
2560101,2025-10-16,in_dlv_2025,GR,564 29,56429,929.5,0.0,441.3,8.83,0.0,no_dlv
2560101,2025-10-16,in_dlv_2025,AT,6290,6290,0.0,0.0,59.4172,1.1894,0.0,t_zero
2560101,2025-10-16,in_dlv_2025,AT,5300,5300,0.0,0.0,100.8949,2.0188,0.0,t_zero
2563945,2025-10-16,in_dlv_2025,AT,5300,5300,0.0,0.0,12.0071,0.2399,0.0,t_zero
2563945,2025-10-16,in_dlv_2025,AT,4020,4020,0.0,0.0,3.3483,0.033,0.0,t_zero
2560101,2025-10-16,in_dlv_2025,GR,564 29,56429,352.4,0.0,170.951,3.4205,0.0,no_dlv
2560101,2025-10-16,in_dlv_2025,GR,611 00,61100,8.2,0.0,104.32,2.09,0.0,no_dlv
2560101,2025-10-16,in_dlv_2025,AT,6290,6290,0.0,0.0,201.8528,4.0406,0.0,t_zero
2560101,2025-10-16,in_dlv_2025,AT,5300,5300,0.0,0.0,1.6052,0.0321,0.0,t_zero
2563945,2025-10-16,in_dlv_2025,GR,570 22,57022,83.5,0.0,80.2,1.6,0.0,no_dlv
2563945,2025-10-16,in_dlv_2025,AT,4020,4020,0.0,0.0,318.957,5.7274,0.0,t_zero
2563945,2025-10-16,in_dlv_2025,AT,5300,5300,0.0,0.0,46.3748,0.9267,0.0,t_zero
2560101,2025-10-16,in_dlv_2025,GR,136 77,13677,5.9,0.0,80.2,1.6,0.0,no_dlv
2560101,2025-10-16,in_dlv_2025,AT,5300,5300,0.0,0.0,54.6515,1.0935,0.0,t_zero
2563945,2025-10-16,in_dlv_2025,AT,5300,5300,0.0,0.0,23.7142,0.4739,0.0,t_zero
2563945,2025-10-16,in_dlv_2025,AT,4020,4020,0.0,0.0,0.143,0.0026,0.0,t_zero
2563945,2025-10-16,in_dlv_2025,AT,5300,5300,0.0,0.0,25.1551,0.5027,0.0,t_zero
2560101,2025-10-16,in_dlv_2025,ES,08830,08830,0.0,0.0,8.4787,0.1696,0.0,t_zero
2563945,2025-10-16,in_dlv_2025,AT,4020,4020,0.0,0.0,38.6171,0.3807,0.0,t_zero
2563945,2025-10-16,in_dlv_2025,AT,5300,5300,0.0,0.0,14.3486,0.2867,0.0,t_zero
2563945,2025-10-17,in_dlv_2025,GR,611 00,61100,77.0,0.0,104.32,2.09,0.0,no_dlv
2563945,2025-10-17,in_dlv_2025,GR,121 31,12131,358.0,0.0,187.92,3.76,0.0,no_dlv
2563945,2025-10-17,in_dlv_2025,AT,4020,4020,0.0,0.0,2.157,0.0352,0.0,t_zero
2563945,2025-10-17,in_dlv_2025,AT,4020,4020,0.0,0.0,177.803,2.9048,0.0,t_zero
4251011138,2025-10-20,in_dlv_2025,FR,59930,59930,0.0,0.0,238.4237,4.7678,0.0,t_zero
4251011138,2025-10-20,in_dlv_2025,FR,59930,59930,0.0,0.0,214.6363,4.2922,0.0,t_zero
2563945,2025-10-20,in_dlv_2025,ES,08830,08830,0.0,0.0,67.9109,1.3582,0.0,t_zero
2563945,2025-10-20,in_dlv_2025,ES,08830,08830,0.0,0.0,40.4212,0.8091,0.0,t_zero
2563945,2025-10-21,in_dlv_2025,IT,16151,16151,0.0,0.0,93.7873,1.8766,0.0,t_zero
4251011138,2025-10-21,in_dlv_2025,FR,77164,77164,0.0,0.0,16.6224,0.3323,0.0,t_zero
2563945,2025-10-21,in_dlv_2025,ES,08830,08830,0.0,0.0,192.8888,3.8609,0.0,t_zero
2563945,2025-10-21,in_dlv_2025,AT,4075,4075,0.0,0.0,286.4637,5.7286,0.0,t_zero
2563945,2025-10-21,in_dlv_2025,IT,16151,16151,0.0,0.0,38.1527,0.7634,0.0,t_zero
4251011138,2025-10-21,in_dlv_2025,FR,77164,77164,0.0,0.0,131.6142,2.6338,0.0,t_zero
2563945,2025-10-21,in_dlv_2025,AT,4075,4075,0.0,0.0,47.5763,0.9514,0.0,t_zero
2563945,2025-10-21,in_dlv_2025,AT,4020,4020,0.0,0.0,4.4941,0.0443,0.0,t_zero
2563945,2025-10-21,in_dlv_2025,AT,4020,4020,0.0,0.0,1.3365,0.0245,0.0,t_zero
2563945,2025-10-21,in_dlv_2025,AT,4020,4020,0.0,0.0,59.5724,0.5873,0.0,t_zero
2563945,2025-10-21,in_dlv_2025,AT,5300,5300,0.0,0.0,3.9409,0.052,0.0,t_zero
4251011138,2025-10-21,in_dlv_2025,FR,77164,77164,0.0,0.0,60.7758,1.2162,0.0,t_zero
2563945,2025-10-21,in_dlv_2025,AT,5300,5300,0.0,0.0,348.6048,4.6032,0.0,t_zero
2563945,2025-10-21,in_dlv_2025,AT,5300,5300,0.0,0.0,20.1249,0.2657,0.0,t_zero
2563945,2025-10-21,in_dlv_2025,AT,4020,4020,0.0,0.0,0.7664,0.0076,0.0,t_zero
2563945,2025-10-21,in_dlv_2025,ES,08830,08830,0.0,0.0,102.0891,2.0418,0.0,t_zero
2563945,2025-10-21,in_dlv_2025,AT,4020,4020,0.0,0.0,0.4551,0.0083,0.0,t_zero
2563945,2025-10-22,in_dlv_2025,IT,39100,39100,0.0,0.0,333.0,6.66,0.0,t_zero
4251011138,2025-10-22,in_dlv_2025,FR,72700,72700,0.0,0.0,233.4289,4.668,0.0,t_zero
4251011138,2025-10-22,in_dlv_2025,FR,72700,72700,0.0,0.0,68.6111,1.372,0.0,t_zero
2563945,2025-10-22,in_dlv_2025,AT,5300,5300,0.0,0.0,29.7482,0.3928,0.0,t_zero
2563945,2025-10-22,in_dlv_2025,AT,5300,5300,0.0,0.0,21.8556,0.2886,0.0,t_zero
2563945,2025-10-22,in_dlv_2025,AT,4020,4020,0.0,0.0,41.366,0.4078,0.0,t_zero
2563945,2025-10-22,in_dlv_2025,AT,5300,5300,0.0,0.0,6.6423,0.0877,0.0,t_zero
2563945,2025-10-22,in_dlv_2025,AT,4020,4020,0.0,0.0,39.3593,0.7874,0.0,t_zero
2563945,2025-10-22,in_dlv_2025,AT,4020,4020,0.0,0.0,284.8043,5.6977,0.0,t_zero
2563945,2025-10-22,in_dlv_2025,AT,4020,4020,0.0,0.0,16.7461,0.335,0.0,t_zero
2563945,2025-10-22,in_dlv_2025,AT,5300,5300,0.0,0.0,14.3127,0.189,0.0,t_zero
2563945,2025-10-22,in_dlv_2025,AT,4020,4020,0.0,0.0,247.6083,4.5379,0.0,t_zero
2563945,2025-10-22,in_dlv_2025,AT,5300,5300,0.0,0.0,12.7878,0.2555,0.0,t_zero
2563945,2025-10-22,in_dlv_2025,AT,4020,4020,0.0,0.0,141.28,2.5892,0.0,t_zero
2563945,2025-10-22,in_dlv_2025,IT,39100,39100,0.0,0.0,74.01,1.48,0.0,t_zero
2563945,2025-10-22,in_dlv_2025,AT,5300,5300,0.0,0.0,15.5096,0.3099,0.0,t_zero
2563945,2025-10-22,in_dlv_2025,ES,08830,08830,0.0,0.0,73.4958,0.0,0.0,t_zero
2563945,2025-10-22,in_dlv_2025,IT,24020,24020,0.0,0.0,116.49,2.33,0.0,t_zero
2563945,2025-10-22,in_dlv_2025,AT,5300,5300,0.0,0.0,64.6682,1.2921,0.0,t_zero
2563945,2025-10-22,in_dlv_2025,AT,5300,5300,0.0,0.0,37.2335,0.7439,0.0,t_zero
2563945,2025-10-22,in_dlv_2025,IT,24020,24020,0.0,0.0,44.96,0.9,0.0,t_zero
2563945,2025-10-22,in_dlv_2025,AT,4020,4020,0.0,0.0,23.554,0.2322,0.0,t_zero
2563945,2025-10-22,in_dlv_2025,AT,5300,5300,0.0,0.0,10.4408,0.2086,0.0,t_zero
2563945,2025-10-22,in_dlv_2025,ES,08830,08830,0.0,0.0,31.2397,0.0,0.0,t_zero
2563945,2025-10-22,in_dlv_2025,ES,08830,08830,0.0,0.0,55.3747,0.0,0.0,t_zero
2563945,2025-10-23,in_dlv_2025,AT,4020,4020,0.0,0.0,7.6323,0.152,0.0,t_zero
2563945,2025-10-23,in_dlv_2025,IT,20871,20871,0.0,0.0,17.366,0.3545,0.0,t_zero
2563945,2025-10-23,in_dlv_2025,GR,105 51,10551,114.0,0.0,105.34,2.11,0.0,no_dlv
2563945,2025-10-23,in_dlv_2025,AT,4020,4020,0.0,0.0,13.0185,0.2592,0.0,t_zero
2563945,2025-10-23,in_dlv_2025,AT,4020,4020,0.0,0.0,453.2045,9.0673,0.0,t_zero
2563945,2025-10-23,in_dlv_2025,ES,08830,08830,0.0,0.0,144.9677,1.2637,0.0,t_zero
2563945,2025-10-23,in_dlv_2025,IT,39100,39100,0.0,0.0,55.1052,1.1018,0.0,t_zero
2563945,2025-10-23,in_dlv_2025,IT,39100,39100,0.0,0.0,397.0248,7.9382,0.0,t_zero
2563945,2025-10-23,in_dlv_2025,AT,5300,5300,0.0,0.0,119.8682,1.1858,0.0,t_zero
2563945,2025-10-23,in_dlv_2025,IT,20871,20871,0.0,0.0,49.3531,1.0074,0.0,t_zero
2563945,2025-10-23,in_dlv_2025,ES,08830,08830,0.0,0.0,100.5223,0.8763,0.0,t_zero
2563945,2025-10-23,in_dlv_2025,AT,4020,4020,0.0,0.0,0.8127,0.0162,0.0,t_zero
2563945,2025-10-23,in_dlv_2025,IT,20871,20871,0.0,0.0,450.858,9.2029,0.0,t_zero
2563945,2025-10-23,in_dlv_2025,IT,20871,20871,0.0,0.0,109.4838,1.3035,0.0,t_zero
2563945,2025-10-23,in_dlv_2025,AT,4020,4020,0.0,0.0,0.1355,0.0027,0.0,t_zero
2563945,2025-10-23,in_dlv_2025,IT,20871,20871,0.0,0.0,110.2234,2.2499,0.0,t_zero
2563945,2025-10-23,in_dlv_2025,AT,5300,5300,0.0,0.0,77.315,0.7649,0.0,t_zero
2563945,2025-10-23,in_dlv_2025,AT,4020,4020,0.0,0.0,10.4843,0.2088,0.0,t_zero
2563945,2025-10-23,in_dlv_2025,AT,4020,4020,0.0,0.0,0.1921,0.0038,0.0,t_zero
2563945,2025-10-24,in_dlv_2025,AT,5300,5300,0.0,0.0,57.2756,1.1473,0.0,t_zero
2563945,2025-10-24,in_dlv_2025,ES,36400,36400,0.0,0.0,80.7656,0.4143,0.0,t_zero
2563945,2025-10-24,in_dlv_2025,ES,36400,36400,0.0,0.0,201.9144,1.0357,0.0,t_zero
2563945,2025-10-24,in_dlv_2025,ES,36400,36400,0.0,0.0,109.2095,1.1862,0.0,t_zero
4251011140,2025-10-24,in_dlv_2025,DE,70499,70499,948.0,7.6,2400.0,0.0,0.0,no_dlv
2563945,2025-10-24,in_dlv_2025,ES,36400,36400,0.0,0.0,182.0161,1.9771,0.0,t_zero
2563945,2025-10-24,in_dlv_2025,GR,611 00,61100,43.78,0.0,104.32,2.09,0.0,no_dlv
2563945,2025-10-24,in_dlv_2025,AT,5300,5300,0.0,0.0,26.0944,0.5227,0.0,t_zero
2563945,2025-10-27,in_dlv_2025,AT,5300,5300,0.0,0.0,90.8706,1.8156,0.0,t_zero
4251011138,2025-10-27,in_dlv_2025,FR,59930,59930,0.0,0.0,85.22,1.7,0.0,t_zero
2563945,2025-10-27,in_dlv_2025,AT,5300,5300,0.0,0.0,24.3799,0.4871,0.0,t_zero
2563945,2025-10-27,in_dlv_2025,AT,9300,9300,0.0,0.0,57.7,1.15,0.0,t_zero
4251011138,2025-10-27,in_dlv_2025,FR,59930,59930,0.0,0.0,208.0917,4.1584,0.0,t_zero
2563945,2025-10-27,in_dlv_2025,AT,9300,9300,0.0,0.0,57.7,1.15,0.0,t_zero
4251011138,2025-10-27,in_dlv_2025,FR,59930,59930,0.0,0.0,55.6286,1.1116,0.0,t_zero
2563945,2025-10-27,in_dlv_2025,AT,5300,5300,0.0,0.0,23.8874,0.4773,0.0,t_zero
4251011138,2025-10-28,in_dlv_2025,FR,57600,57600,0.0,0.0,75.7,1.51,0.0,t_zero
2563945,2025-10-28,in_dlv_2025,AT,4020,4020,0.0,0.0,2.6717,0.0534,0.0,t_zero
2563945,2025-10-28,in_dlv_2025,IT,20871,20871,0.0,0.0,13.7781,0.2755,0.0,t_zero
4251011138,2025-10-28,in_dlv_2025,FR,57600,57600,0.0,0.0,54.3131,1.0858,0.0,t_zero
2563945,2025-10-28,in_dlv_2025,AT,9131,9131,0.0,0.0,37.3939,0.7463,0.0,t_zero
2563945,2025-10-28,in_dlv_2025,AT,5300,5300,0.0,0.0,15.0883,0.3022,0.0,t_zero
2563945,2025-10-28,in_dlv_2025,IT,20871,20871,0.0,0.0,188.0171,3.7593,0.0,t_zero
2563945,2025-10-28,in_dlv_2025,IT,20871,20871,0.0,0.0,51.2774,1.0253,0.0,t_zero
4251011138,2025-10-28,in_dlv_2025,FR,01160,01160,0.0,0.0,251.3131,5.03,0.0,t_zero
2563945,2025-10-28,in_dlv_2025,AT,4020,4020,0.0,0.0,17.7398,0.1749,0.0,t_zero
2563945,2025-10-28,in_dlv_2025,IT,20871,20871,0.0,0.0,60.5669,1.211,0.0,t_zero
4251011138,2025-10-28,in_dlv_2025,FR,01160,01160,0.0,0.0,46.9669,0.94,0.0,t_zero
2563945,2025-10-28,in_dlv_2025,AT,5300,5300,0.0,0.0,9.9108,0.1985,0.0,t_zero
2563945,2025-10-28,in_dlv_2025,AT,9131,9131,0.0,0.0,47.7862,0.9537,0.0,t_zero
2563945,2025-10-28,in_dlv_2025,AT,4020,4020,0.0,0.0,40.2605,0.3969,0.0,t_zero
4251011138,2025-10-28,in_dlv_2025,FR,57600,57600,0.0,0.0,310.0787,6.1988,0.0,t_zero
2563945,2025-10-28,in_dlv_2025,AT,4020,4020,0.0,0.0,55.3883,1.1066,0.0,t_zero
2563945,2025-10-28,in_dlv_2025,AT,4020,4020,0.0,0.0,6.9198,0.0682,0.0,t_zero
4251011138,2025-10-28,in_dlv_2025,FR,57600,57600,0.0,0.0,51.3507,1.0266,0.0,t_zero
2563945,2025-10-28,in_dlv_2025,AT,5300,5300,0.0,0.0,2.5631,0.0513,0.0,t_zero
2563945,2025-10-28,in_dlv_2025,AT,5300,5300,0.0,0.0,25.0503,0.5018,0.0,t_zero
2563945,2025-10-28,in_dlv_2025,AT,5300,5300,0.0,0.0,30.7575,0.6161,0.0,t_zero
2563945,2025-10-29,in_dlv_2025,AT,4020,4020,0.0,0.0,47.2653,0.9443,0.0,t_zero
2563945,2025-10-29,in_dlv_2025,ES,08830,08830,0.0,0.0,211.6414,3.6349,0.0,t_zero
2563945,2025-10-29,in_dlv_2025,IT,20871,20871,0.0,0.0,117.7707,2.3547,0.0,t_zero
2563945,2025-10-29,in_dlv_2025,IT,20871,20871,0.0,0.0,48.4041,0.9678,0.0,t_zero
2563945,2025-10-29,in_dlv_2025,AT,4020,4020,0.0,0.0,7.7759,0.1554,0.0,t_zero
2563945,2025-10-29,in_dlv_2025,ES,08830,08830,0.0,0.0,60.2686,1.0351,0.0,t_zero
4251011138,2025-10-29,in_dlv_2025,FR,77164,77164,0.0,0.0,82.7508,1.6581,0.0,t_zero
2563945,2025-10-29,in_dlv_2025,AT,4020,4020,0.0,0.0,3.0189,0.0603,0.0,t_zero
2563945,2025-10-29,in_dlv_2025,IT,20871,20871,0.0,0.0,176.4656,3.5283,0.0,t_zero
4251011138,2025-10-29,in_dlv_2025,FR,77164,77164,0.0,0.0,45.5092,0.9119,0.0,t_zero
2563945,2025-10-30,in_dlv_2025,AT,5300,5300,0.0,0.0,14.3203,0.2862,0.0,t_zero
4251011138,2025-10-30,in_dlv_2025,FR,14320,14320,0.0,0.0,75.0444,1.5012,0.0,t_zero
2563945,2025-10-30,in_dlv_2025,AT,4020,4020,0.0,0.0,40.7203,0.8157,0.0,t_zero
2563945,2025-10-30,in_dlv_2025,AT,4020,4020,0.0,0.0,5.1725,0.103,0.0,t_zero
2563945,2025-10-30,in_dlv_2025,IT,43052,43052,0.0,0.0,43.98,0.88,0.0,t_zero
2563945,2025-10-30,in_dlv_2025,AT,5300,5300,0.0,0.0,35.3764,0.7069,0.0,t_zero
2563945,2025-10-30,in_dlv_2025,AT,4020,4020,0.0,0.0,36.326,0.7277,0.0,t_zero
2563945,2025-10-30,in_dlv_2025,AT,4020,4020,0.0,0.0,0.1964,0.0039,0.0,t_zero
2563945,2025-10-30,in_dlv_2025,IT,44100,44100,0.0,0.0,53.87,1.08,0.0,t_zero
2563945,2025-10-30,in_dlv_2025,IT,20871,20871,0.0,0.0,215.8176,4.3171,0.0,t_zero
2563945,2025-10-30,in_dlv_2025,AT,4075,4075,0.0,0.0,56.952,1.1408,0.0,t_zero
2563945,2025-10-30,in_dlv_2025,AT,5300,5300,0.0,0.0,43.8764,0.8768,0.0,t_zero
2563945,2025-10-30,in_dlv_2025,AT,4075,4075,0.0,0.0,70.848,1.4192,0.0,t_zero
2563945,2025-10-30,in_dlv_2025,IT,43052,43052,0.0,0.0,43.98,0.88,0.0,t_zero
2563945,2025-10-30,in_dlv_2025,IT,44100,44100,0.0,0.0,53.87,1.08,0.0,t_zero
2563945,2025-10-30,in_dlv_2025,AT,4020,4020,0.0,0.0,7.6109,0.1525,0.0,t_zero
2563945,2025-10-30,in_dlv_2025,IT,43052,43052,0.0,0.0,47.1003,0.9424,0.0,t_zero
2563945,2025-10-30,in_dlv_2025,IT,20871,20871,0.0,0.0,19.0358,0.3808,0.0,t_zero
4251011138,2025-10-30,in_dlv_2025,FR,14320,14320,0.0,0.0,428.3556,8.5688,0.0,t_zero
2563945,2025-10-30,in_dlv_2025,AT,4020,4020,0.0,0.0,26.771,0.5331,0.0,t_zero
2563945,2025-10-30,in_dlv_2025,IT,20871,20871,0.0,0.0,2.6034,0.0521,0.0,t_zero
2563945,2025-10-30,in_dlv_2025,IT,20871,20871,0.0,0.0,164.9787,3.2986,0.0,t_zero
2563945,2025-10-30,in_dlv_2025,IT,20871,20871,0.0,0.0,173.9015,3.4786,0.0,t_zero
2563945,2025-10-30,in_dlv_2025,IT,20871,20871,0.0,0.0,21.6752,0.4336,0.0,t_zero
2563945,2025-10-31,in_dlv_2025,GR,564 29,56429,0.0,0.0,30.6508,0.6128,0.0,no_dlv_t_zero
2563945,2025-10-31,in_dlv_2025,GR,570 22,57022,235.0,0.0,158.01,3.16,0.0,no_dlv
2563945,2025-10-31,in_dlv_2025,ES,36400,36400,0.0,0.0,147.1826,1.4596,0.0,t_zero
2563945,2025-10-31,in_dlv_2025,ES,36400,36400,0.0,0.0,19.7026,0.1954,0.0,t_zero
2563945,2025-10-31,in_dlv_2025,AT,4020,4020,0.0,0.0,0.955,0.0191,0.0,t_zero
2563945,2025-10-31,in_dlv_2025,AT,5300,5300,0.0,0.0,11.6732,0.2338,0.0,t_zero
2563945,2025-10-31,in_dlv_2025,IT,38027,38027,0.0,0.0,52.8267,1.0544,0.0,t_zero
2563945,2025-10-31,in_dlv_2025,AT,4902,4902,0.0,0.0,22.1181,0.4418,0.0,t_zero
2563945,2025-10-31,in_dlv_2025,GR,564 29,56429,0.0,0.0,366.5192,7.3272,0.0,no_dlv_t_zero
2563945,2025-10-31,in_dlv_2025,AT,5300,5300,0.0,0.0,13.93,0.279,0.0,t_zero
2563945,2025-10-31,in_dlv_2025,IT,39100,39100,0.0,0.0,49.34,0.99,0.0,t_zero
2563945,2025-10-31,in_dlv_2025,AT,5300,5300,0.0,0.0,24.9029,0.4988,0.0,t_zero
2563945,2025-10-31,in_dlv_2025,AT,4902,4902,0.0,0.0,149.5919,2.9882,0.0,t_zero
2563945,2025-10-31,in_dlv_2025,ES,36400,36400,0.0,0.0,72.64,1.45,0.0,t_zero
2563945,2025-10-31,in_dlv_2025,IT,38027,38027,0.0,0.0,24.8333,0.4956,0.0,t_zero
2563945,2025-10-31,in_dlv_2025,GR,611 00,61100,172.0,0.0,139.8,2.8,0.0,no_dlv
2563945,2025-10-31,in_dlv_2025,ES,08830,08830,0.0,0.0,44.7599,0.0,0.0,t_zero
2563945,2025-10-31,in_dlv_2025,AT,4020,4020,0.0,0.0,42.1879,0.8451,0.0,t_zero
2563945,2025-10-31,in_dlv_2025,IT,00178,00178,0.0,0.0,52.36,1.01,0.0,t_zero
2563945,2025-10-31,in_dlv_2025,GR,611 00,61100,7.55,0.0,140.51,2.09,0.0,no_dlv
2563945,2025-10-31,in_dlv_2025,ES,08830,08830,0.0,0.0,180.3147,0.0,0.0,t_zero
2563945,2025-10-31,in_dlv_2025,IT,39100,39100,0.0,0.0,49.34,0.99,0.0,t_zero
2563945,2025-10-31,in_dlv_2025,GR,564 29,56429,525.81,0.0,271.32,5.43,0.0,no_dlv
2563945,2025-10-31,in_dlv_2025,ES,36400,36400,0.0,0.0,110.4248,1.0951,0.0,t_zero
2563945,2025-10-31,in_dlv_2025,IT,00178,00178,0.0,0.0,178.6,3.57,0.0,t_zero
2563945,2025-10-31,in_dlv_2025,AT,4020,4020,0.0,0.0,6.0536,0.1205,0.0,t_zero
2563945,2025-10-31,in_dlv_2025,AT,4020,4020,0.0,0.0,26.0864,0.5195,0.0,t_zero
2563945,2025-10-31,in_dlv_2025,AT,5300,5300,0.0,0.0,32.864,0.6583,0.0,t_zero
2563945,2025-11-03,in_dlv_2025,IT,20871,20871,0.0,0.0,46.7424,0.9329,0.0,t_zero
2568656,2025-11-03,in_dlv_2025,AT,4582,4582,0.0,0.0,20.0616,0.3995,0.0,t_zero
2568656,2025-11-03,in_dlv_2025,AT,4020,4020,0.0,0.0,19.4674,0.3877,0.0,t_zero
2568656,2025-11-03,in_dlv_2025,AT,4020,4020,0.0,0.0,12.6726,0.2523,0.0,t_zero
2568656,2025-11-03,in_dlv_2025,AT,5300,5300,0.0,0.0,19.5195,0.3913,0.0,t_zero
4251011138,2025-11-03,in_dlv_2025,FR,51100,51100,0.0,0.0,31.6614,0.6321,0.0,t_zero
4251011138,2025-11-03,in_dlv_2025,FR,51100,51100,0.0,0.0,60.5086,1.2079,0.0,t_zero
2568656,2025-11-03,in_dlv_2025,AT,5300,5300,0.0,0.0,1.4992,0.0301,0.0,t_zero
2563945,2025-11-03,in_dlv_2025,IT,20871,20871,0.0,0.0,5.6214,0.1122,0.0,t_zero
2568656,2025-11-03,in_dlv_2025,AT,4582,4582,0.0,0.0,12.0784,0.2405,0.0,t_zero
4251013701,2025-11-04,in_dlv_2025,FR,57600,57600,0.0,0.0,256.8727,5.1351,0.0,t_zero
2568656,2025-11-04,in_dlv_2025,AT,5300,5300,0.0,0.0,17.297,0.3454,0.0,t_zero
2563945,2025-11-04,in_dlv_2025,PT,3750-726,3750726,0.0,0.0,250.53,5.01,0.0,t_zero
4251013701,2025-11-04,in_dlv_2025,FR,57600,57600,0.0,0.0,54.7673,1.0949,0.0,t_zero
2568656,2025-11-04,in_dlv_2025,ES,28939,28939,0.0,0.0,25.0375,0.5,0.0,t_zero
4251013510,2025-11-04,in_dlv_2025,CH,6260,6260,0.0,0.0,1.6652,0.0333,0.0,t_zero
2568656,2025-11-04,in_dlv_2025,AT,5300,5300,0.0,0.0,13.753,0.2746,0.0,t_zero
2568656,2025-11-04,in_dlv_2025,IT,15122,15122,0.0,0.0,45.3334,0.9071,0.0,t_zero
2568656,2025-11-04,in_dlv_2025,IT,15122,15122,0.0,0.0,42.6266,0.8529,0.0,t_zero
2568656,2025-11-04,in_dlv_2025,PT,3750-726,3750726,0.0,0.0,58.96,1.18,0.0,t_zero
2568656,2025-11-04,in_dlv_2025,ES,28939,28939,0.0,0.0,35.0525,0.7,0.0,t_zero
4251013510,2025-11-04,in_dlv_2025,CH,6260,6260,0.0,0.0,0.3196,0.0064,0.0,t_zero
4251013510,2025-11-04,in_dlv_2025,CH,6260,6260,0.0,0.0,0.588,0.0118,0.0,t_zero
2568656,2025-11-05,in_dlv_2025,AT,4020,4020,0.0,0.0,0.4669,0.0093,0.0,t_zero
2568656,2025-11-05,in_dlv_2025,AT,4020,4020,0.0,0.0,104.7914,2.0966,0.0,t_zero
2568656,2025-11-05,in_dlv_2025,AT,5300,5300,0.0,0.0,36.063,0.7202,0.0,t_zero
2568656,2025-11-05,in_dlv_2025,ES,08830,08830,0.0,0.0,17.6972,0.2681,0.0,t_zero
2568656,2025-11-05,in_dlv_2025,IT,37057,37057,0.0,0.0,170.5032,3.4064,0.0,t_zero
2568656,2025-11-05,in_dlv_2025,AT,4020,4020,0.0,0.0,35.2739,0.7057,0.0,t_zero
2568656,2025-11-05,in_dlv_2025,IT,37057,37057,0.0,0.0,16.1968,0.3236,0.0,t_zero
2568656,2025-11-05,in_dlv_2025,AT,4020,4020,0.0,0.0,235.1116,4.7039,0.0,t_zero
2568656,2025-11-05,in_dlv_2025,ES,08830,08830,0.0,0.0,54.0786,0.8192,0.0,t_zero
2568656,2025-11-05,in_dlv_2025,AT,5300,5300,0.0,0.0,19.517,0.3898,0.0,t_zero
2568656,2025-11-06,in_dlv_2025,AT,4020,4020,0.0,0.0,145.5161,2.9122,0.0,t_zero
2568656,2025-11-06,in_dlv_2025,AT,4020,4020,0.0,0.0,128.8225,2.5781,0.0,t_zero
2568656,2025-11-06,in_dlv_2025,AT,4020,4020,0.0,0.0,18.3291,0.365,0.0,t_zero
2568656,2025-11-06,in_dlv_2025,AT,4020,4020,0.0,0.0,9.4936,0.189,0.0,t_zero
2568656,2025-11-06,in_dlv_2025,AT,4020,4020,0.0,0.0,0.5738,0.0115,0.0,t_zero
2568656,2025-11-06,in_dlv_2025,AT,4020,4020,0.0,0.0,0.5355,0.0107,0.0,t_zero
2568656,2025-11-06,in_dlv_2025,AT,4020,4020,0.0,0.0,3.7818,0.0753,0.0,t_zero
2568656,2025-11-06,in_dlv_2025,GR,190 02,19002,401.0,1.5,229.45,4.59,0.0,no_dlv
2568656,2025-11-06,in_dlv_2025,GR,611 00,61100,68.32,0.0,104.32,2.09,0.0,no_dlv
2568656,2025-11-06,in_dlv_2025,AT,4020,4020,0.0,0.0,4.9422,0.0989,0.0,t_zero
2568656,2025-11-07,in_dlv_2025,IT,16151,16151,0.0,0.0,28.0255,0.0,0.0,t_zero
2568656,2025-11-07,in_dlv_2025,GR,410 00,41000,21.49,0.0,110.01,2.2,0.0,no_dlv
2568656,2025-11-07,in_dlv_2025,AT,4020,4020,0.0,0.0,19.4801,0.3879,0.0,t_zero
2568656,2025-11-07,in_dlv_2025,IT,16151,16151,0.0,0.0,38.5887,0.0,0.0,t_zero
2568656,2025-11-07,in_dlv_2025,AT,4020,4020,0.0,0.0,3.8882,0.0774,0.0,t_zero
2568656,2025-11-07,in_dlv_2025,ES,08830,08830,0.0,0.0,67.5204,0.0,0.0,t_zero
2568656,2025-11-07,in_dlv_2025,IT,16151,16151,0.0,0.0,29.424,0.0,0.0,t_zero
2568656,2025-11-07,in_dlv_2025,IT,16151,16151,0.0,0.0,38.5418,0.0,0.0,t_zero
2568656,2025-11-07,in_dlv_2025,IT,06132,06132,0.0,0.0,25.1584,0.5035,0.0,t_zero
2568656,2025-11-07,in_dlv_2025,ES,08830,08830,0.0,0.0,222.9204,2.4555,0.0,t_zero
4251013701,2025-11-07,in_dlv_2025,FR,77164,77164,0.0,0.0,149.0478,2.9815,0.0,t_zero
2568656,2025-11-07,in_dlv_2025,ES,08830,08830,0.0,0.0,4.4471,0.0674,0.0,t_zero
2568656,2025-11-07,in_dlv_2025,GR,611 00,61100,311.0,0.0,227.04,4.54,0.0,no_dlv
2568656,2025-11-07,in_dlv_2025,ES,08830,08830,0.0,0.0,87.9812,0.0,0.0,t_zero
2568656,2025-11-07,in_dlv_2025,IT,06132,06132,0.0,0.0,113.7416,2.2765,0.0,t_zero
2568656,2025-11-07,in_dlv_2025,ES,08830,08830,0.0,0.0,85.226,0.9388,0.0,t_zero
4251013701,2025-11-07,in_dlv_2025,FR,77164,77164,0.0,0.0,192.3922,3.8485,0.0,t_zero
2568656,2025-11-07,in_dlv_2025,ES,08830,08830,0.0,0.0,86.6172,0.0,0.0,t_zero
2568656,2025-11-07,in_dlv_2025,GR,611 00,61100,36.31,0.0,104.32,2.09,0.0,no_dlv
2568656,2025-11-07,in_dlv_2025,GR,145 65,14565,102.0,0.0,111.14,2.22,0.0,no_dlv
2568656,2025-11-07,in_dlv_2025,FR,30140,30140,0.0,0.0,17.2231,0.0,0.0,t_zero
2568656,2025-11-07,in_dlv_2025,FR,30140,30140,0.0,0.0,104.2069,0.0,0.0,t_zero
2568656,2025-11-10,in_dlv_2025,AT,4020,4020,0.0,0.0,8.7717,0.1747,0.0,t_zero
2568656,2025-11-10,in_dlv_2025,AT,5300,5300,0.0,0.0,32.2328,0.6437,0.0,t_zero
2568656,2025-11-10,in_dlv_2025,AT,5300,5300,0.0,0.0,2.99,0.0597,0.0,t_zero
2568656,2025-11-10,in_dlv_2025,AT,4075,4075,0.0,0.0,152.0374,3.0427,0.0,t_zero
4251013701,2025-11-10,in_dlv_2025,FR,01160,01160,0.0,0.0,39.0285,0.781,0.0,t_zero
2568656,2025-11-10,in_dlv_2025,AT,5300,5300,0.0,0.0,0.6275,0.0125,0.0,t_zero
2568656,2025-11-10,in_dlv_2025,AT,5300,5300,0.0,0.0,19.7297,0.394,0.0,t_zero
2568656,2025-11-10,in_dlv_2025,IT,39100,39100,0.0,0.0,26.06,0.52,0.0,t_zero
2568656,2025-11-10,in_dlv_2025,AT,4075,4075,0.0,0.0,102.1032,2.0433,0.0,t_zero
2568656,2025-11-10,in_dlv_2025,AT,4020,4020,0.0,0.0,32.14,0.64,0.0,t_zero
2568656,2025-11-10,in_dlv_2025,AT,4020,4020,0.0,0.0,32.14,0.64,0.0,t_zero
2568656,2025-11-10,in_dlv_2025,IT,20871,20871,0.0,0.0,53.4404,0.0,0.0,t_zero
2568656,2025-11-10,in_dlv_2025,IT,20871,20871,0.0,0.0,5.221,0.1045,0.0,t_zero
2568656,2025-11-10,in_dlv_2025,AT,4020,4020,0.0,0.0,32.14,0.64,0.0,t_zero
2568656,2025-11-10,in_dlv_2025,IT,20871,20871,0.0,0.0,15.1617,0.3031,0.0,t_zero
2568656,2025-11-10,in_dlv_2025,IT,39100,39100,0.0,0.0,94.96,1.9,0.0,t_zero
2568656,2025-11-10,in_dlv_2025,AT,4075,4075,0.0,0.0,86.3117,1.7273,0.0,t_zero
4251013701,2025-11-10,in_dlv_2025,FR,01160,01160,0.0,0.0,178.522,3.5724,0.0,t_zero
2568656,2025-11-10,in_dlv_2025,AT,4075,4075,0.0,0.0,41.308,0.8267,0.0,t_zero
2568656,2025-11-10,in_dlv_2025,GR,190 02,19002,590.0,0.0,271.32,5.43,0.0,no_dlv
2568656,2025-11-11,in_dlv_2025,IT,20871,20871,0.0,0.0,23.0665,0.4612,0.0,t_zero
2568656,2025-11-11,in_dlv_2025,AT,5300,5300,0.0,0.0,11.978,0.2399,0.0,t_zero
4251013701,2025-11-11,in_dlv_2025,FR,01160,01160,0.0,0.0,56.9351,1.1395,0.0,t_zero
2568656,2025-11-11,in_dlv_2025,AT,5300,5300,0.0,0.0,25.8667,0.5181,0.0,t_zero
2568656,2025-11-11,in_dlv_2025,IT,20871,20871,0.0,0.0,280.4596,5.6076,0.0,t_zero
2568656,2025-11-11,in_dlv_2025,AT,4020,4020,0.0,0.0,5.9347,0.1182,0.0,t_zero
2568656,2025-11-11,in_dlv_2025,AT,5300,5300,0.0,0.0,17.5893,0.3523,0.0,t_zero
4251013701,2025-11-11,in_dlv_2025,FR,91250,91250,0.0,0.0,73.39,1.47,0.0,t_zero
2568656,2025-11-11,in_dlv_2025,IT,20871,20871,0.0,0.0,15.0555,0.301,0.0,t_zero
4251013701,2025-11-11,in_dlv_2025,FR,01160,01160,0.0,0.0,39.0896,0.7824,0.0,t_zero
4251013701,2025-11-11,in_dlv_2025,FR,01160,01160,0.0,0.0,110.471,2.211,0.0,t_zero
2568656,2025-11-11,in_dlv_2025,IT,20871,20871,0.0,0.0,13.3568,0.2671,0.0,t_zero
2568656,2025-11-11,in_dlv_2025,AT,5300,5300,0.0,0.0,27.936,0.5596,0.0,t_zero
2568656,2025-11-11,in_dlv_2025,AT,4020,4020,0.0,0.0,23.6618,0.4712,0.0,t_zero
4251013701,2025-11-11,in_dlv_2025,FR,91250,91250,0.0,0.0,294.65,5.89,0.0,t_zero
4251013701,2025-11-11,in_dlv_2025,FR,01160,01160,0.0,0.0,91.7843,1.837,0.0,t_zero
2568656,2025-11-11,in_dlv_2025,AT,4020,4020,0.0,0.0,2.5435,0.0506,0.0,t_zero
2568656,2025-11-12,in_dlv_2025,IT,39100,39100,0.0,0.0,36.2308,0.7249,0.0,t_zero
2568656,2025-11-12,in_dlv_2025,AT,4020,4020,0.0,0.0,86.208,1.7248,0.0,t_zero
2568656,2025-11-12,in_dlv_2025,AT,4020,4020,0.0,0.0,14.6139,0.2924,0.0,t_zero
2568656,2025-11-12,in_dlv_2025,AT,5300,5300,0.0,0.0,63.4563,1.2679,0.0,t_zero
2568656,2025-11-12,in_dlv_2025,AT,5300,5300,0.0,0.0,51.4741,1.0285,0.0,t_zero
2568656,2025-11-12,in_dlv_2025,IT,39100,39100,0.0,0.0,58.7292,1.1751,0.0,t_zero
2568656,2025-11-12,in_dlv_2025,AT,4020,4020,0.0,0.0,3.0306,0.0606,0.0,t_zero
2568656,2025-11-12,in_dlv_2025,AT,4020,4020,0.0,0.0,349.4875,6.9922,0.0,t_zero
2568656,2025-11-13,in_dlv_2025,IT,20871,20871,0.0,0.0,342.1503,6.8461,0.0,t_zero
2568656,2025-11-13,in_dlv_2025,AT,8020,8020,0.0,0.0,80.5489,1.611,0.0,t_zero
2568656,2025-11-13,in_dlv_2025,AT,5300,5300,0.0,0.0,36.5493,0.7306,0.0,t_zero
2568656,2025-11-13,in_dlv_2025,IT,20871,20871,0.0,0.0,174.1793,3.4852,0.0,t_zero
2568656,2025-11-13,in_dlv_2025,AT,4020,4020,0.0,0.0,30.958,0.6165,0.0,t_zero
2568656,2025-11-13,in_dlv_2025,AT,5300,5300,0.0,0.0,15.1613,0.3031,0.0,t_zero
2568656,2025-11-13,in_dlv_2025,AT,5300,5300,0.0,0.0,36.1811,0.7233,0.0,t_zero
2568656,2025-11-13,in_dlv_2025,GR,190 11,19011,151.0,0.0,105.34,2.11,0.0,no_dlv
2568656,2025-11-13,in_dlv_2025,AT,8020,8020,0.0,0.0,59.4511,1.189,0.0,t_zero
2568656,2025-11-13,in_dlv_2025,IT,20871,20871,0.0,0.0,13.431,0.2687,0.0,t_zero
2568656,2025-11-13,in_dlv_2025,ES,08830,08830,0.0,0.0,53.37,0.0,0.0,t_zero
2568656,2025-11-13,in_dlv_2025,AT,5300,5300,0.0,0.0,1.9983,0.0399,0.0,t_zero
2568656,2025-11-13,in_dlv_2025,PT,4900-021,4900021,0.0,0.0,137.7874,2.7579,0.0,t_zero
2568656,2025-11-13,in_dlv_2025,PT,4900-021,4900021,0.0,0.0,57.5626,1.1521,0.0,t_zero
2568656,2025-11-13,in_dlv_2025,GR,133 44,13344,59.0,0.0,72.7298,1.451,0.0,no_dlv
2568656,2025-11-13,in_dlv_2025,GR,210 53,21053,61.37,0.0,110.01,2.2,0.0,no_dlv
2568656,2025-11-13,in_dlv_2025,ES,08830,08830,0.0,0.0,233.31,4.67,0.0,t_zero
2568656,2025-11-13,in_dlv_2025,GR,133 44,13344,6.06,0.0,7.4702,0.149,0.0,no_dlv
2568656,2025-11-13,in_dlv_2025,AT,4020,4020,0.0,0.0,1.182,0.0235,0.0,t_zero
2568656,2025-11-13,in_dlv_2025,AT,5300,5300,0.0,0.0,74.1898,1.4831,0.0,t_zero
2568656,2025-11-14,in_dlv_2025,GR,611 00,61100,163.0,0.0,36.19,0.0,0.0,no_dlv
2568656,2025-11-14,in_dlv_2025,ES,15910,15910,0.0,0.0,491.76,9.84,0.0,t_zero
2568656,2025-11-14,in_dlv_2025,GR,572 00,57200,584.0,0.0,278.76,5.58,0.0,no_dlv
2568656,2025-11-14,in_dlv_2025,ES,36400,36400,0.0,0.0,249.3319,4.9834,0.0,t_zero
2568656,2025-11-14,in_dlv_2025,ES,36400,36400,0.0,0.0,73.0342,1.463,0.0,t_zero
2568656,2025-11-14,in_dlv_2025,ES,36400,36400,0.0,0.0,12.9478,0.2594,0.0,t_zero
2568656,2025-11-14,in_dlv_2025,ES,36400,36400,0.0,0.0,178.1144,3.5643,0.0,t_zero
2568656,2025-11-14,in_dlv_2025,GR,611 00,61100,8.4,0.0,104.32,2.09,0.0,no_dlv
2568656,2025-11-14,in_dlv_2025,AT,4020,4020,0.0,0.0,27.93,0.5562,0.0,t_zero
2568656,2025-11-14,in_dlv_2025,ES,15910,15910,0.0,0.0,205.92,4.12,0.0,t_zero
2568656,2025-11-14,in_dlv_2025,AT,4020,4020,0.0,0.0,4.21,0.0838,0.0,t_zero
2568656,2025-11-14,in_dlv_2025,GR,153 51,15351,78.0,0.0,80.2,1.6,0.0,no_dlv
2568656,2025-11-14,in_dlv_2025,ES,36400,36400,0.0,0.0,62.3681,1.2466,0.0,t_zero
2568656,2025-11-14,in_dlv_2025,ES,36400,36400,0.0,0.0,64.2458,1.287,0.0,t_zero
2568656,2025-11-14,in_dlv_2025,ES,36400,36400,0.0,0.0,71.2456,1.4257,0.0,t_zero
4251020550,2025-11-17,in_dlv_2025,FR,77164,77164,0.0,0.0,405.5123,5.26,0.0,t_zero
2568656,2025-11-17,in_dlv_2025,FR,40000,40000,0.0,0.0,148.3973,0.0,0.0,t_zero
2573273,2025-11-17,in_dlv_2025,FR,77164,77164,0.0,0.0,42.9361,0.8603,0.0,t_zero
2573273,2025-11-17,in_dlv_2025,FR,77164,77164,0.0,0.0,44.609,0.8938,0.0,t_zero
2573273,2025-11-17,in_dlv_2025,ES,08907,08907,0.0,0.0,121.2293,2.4246,0.0,t_zero
2573273,2025-11-17,in_dlv_2025,AT,4020,4020,0.0,0.0,22.0439,0.439,0.0,t_zero
2573273,2025-11-17,in_dlv_2025,AT,4020,4020,0.0,0.0,8.9433,0.1781,0.0,t_zero
2573273,2025-11-17,in_dlv_2025,AT,4020,4020,0.0,0.0,1.1529,0.023,0.0,t_zero
2568656,2025-11-17,in_dlv_2025,FR,40000,40000,0.0,0.0,62.5388,0.0,0.0,t_zero
2573273,2025-11-17,in_dlv_2025,FR,77164,77164,0.0,0.0,40.715,0.8158,0.0,t_zero
2568656,2025-11-17,in_dlv_2025,FR,87000,87000,0.0,0.0,20.545,0.4107,0.0,t_zero
2568656,2025-11-17,in_dlv_2025,FR,87000,87000,0.0,0.0,19.1157,0.3821,0.0,t_zero
2568656,2025-11-17,in_dlv_2025,FR,87000,87000,0.0,0.0,117.9193,2.3572,0.0,t_zero
2568656,2025-11-17,in_dlv_2025,IT,39100,39100,0.0,0.0,57.1974,1.1438,0.0,t_zero
2568656,2025-11-17,in_dlv_2025,ES,08830,08830,0.0,0.0,60.6133,0.0,0.0,t_zero
2573273,2025-11-17,in_dlv_2025,FR,31140,31140,0.0,0.0,346.7382,0.0,0.0,t_zero
2573273,2025-11-17,in_dlv_2025,AT,7344,7344,0.0,0.0,19.2376,0.1897,0.0,t_zero
2568656,2025-11-17,in_dlv_2025,ES,08830,08830,0.0,0.0,216.472,0.0,0.0,t_zero
2568656,2025-11-17,in_dlv_2025,ES,08830,08830,0.0,0.0,145.8631,0.0,0.0,t_zero
2573273,2025-11-17,in_dlv_2025,FR,31140,31140,0.0,0.0,44.8718,0.0,0.0,t_zero
2568656,2025-11-17,in_dlv_2025,IT,39100,39100,0.0,0.0,16.8126,0.3362,0.0,t_zero
2568656,2025-11-17,in_dlv_2025,FR,77164,77164,0.0,0.0,347.1244,0.0,0.0,t_zero
2568656,2025-11-17,in_dlv_2025,FR,40000,40000,0.0,0.0,50.6355,0.0,0.0,t_zero
2568656,2025-11-17,in_dlv_2025,FR,40000,40000,0.0,0.0,99.6383,0.0,0.0,t_zero
2568656,2025-11-17,in_dlv_2025,FR,77164,77164,0.0,0.0,48.6533,0.0,0.0,t_zero
2573273,2025-11-17,in_dlv_2025,AT,7344,7344,0.0,0.0,51.7424,0.5103,0.0,t_zero
2573273,2025-11-17,in_dlv_2025,ES,08907,08907,0.0,0.0,14.7707,0.2954,0.0,t_zero
2568656,2025-11-17,in_dlv_2025,ES,08830,08830,0.0,0.0,64.9512,0.0,0.0,t_zero
2573273,2025-11-18,in_dlv_2025,AT,5300,5300,0.0,0.0,34.9419,0.6999,0.0,t_zero
2573273,2025-11-18,in_dlv_2025,ES,08830,08830,0.0,0.0,235.0193,0.0,0.0,t_zero
2573273,2025-11-18,in_dlv_2025,FR,81100,81100,0.0,0.0,133.1857,0.0,0.0,t_zero
2573273,2025-11-18,in_dlv_2025,FR,81100,81100,0.0,0.0,100.1949,0.0,0.0,t_zero
2573273,2025-11-18,in_dlv_2025,ES,08830,08830,0.0,0.0,149.0195,0.0,0.0,t_zero
2573273,2025-11-18,in_dlv_2025,AT,4020,4020,0.0,0.0,57.4381,1.1476,0.0,t_zero
2573273,2025-11-18,in_dlv_2025,AT,4020,4020,0.0,0.0,26.2261,0.5249,0.0,t_zero
2573273,2025-11-18,in_dlv_2025,ES,30320,30320,0.0,0.0,311.7,6.23,0.0,t_zero
2573273,2025-11-18,in_dlv_2025,AT,4020,4020,0.0,0.0,260.0939,5.2051,0.0,t_zero
2573273,2025-11-18,in_dlv_2025,ES,08830,08830,0.0,0.0,70.5261,0.0,0.0,t_zero
2568656,2025-11-18,in_dlv_2025,ES,30320,30320,0.0,0.0,311.7,6.23,0.0,t_zero
2573273,2025-11-18,in_dlv_2025,AT,4075,4075,0.0,0.0,14.8005,0.2947,0.0,t_zero
2573273,2025-11-18,in_dlv_2025,AT,5300,5300,0.0,0.0,26.2866,0.5266,0.0,t_zero
2573273,2025-11-18,in_dlv_2025,IT,20871,20871,0.0,0.0,187.778,3.7545,0.0,t_zero
2573273,2025-11-18,in_dlv_2025,IT,20871,20871,0.0,0.0,45.1129,0.902,0.0,t_zero
2573273,2025-11-18,in_dlv_2025,AT,5300,5300,0.0,0.0,15.4097,0.3087,0.0,t_zero
2573273,2025-11-18,in_dlv_2025,AT,4020,4020,0.0,0.0,0.6219,0.0124,0.0,t_zero
2573273,2025-11-18,in_dlv_2025,ES,08830,08830,0.0,0.0,37.8752,0.0,0.0,t_zero
2573273,2025-11-18,in_dlv_2025,ES,08830,08830,0.0,0.0,341.4309,0.0,0.0,t_zero
2573273,2025-11-18,in_dlv_2025,AT,5300,5300,0.0,0.0,6.7319,0.1348,0.0,t_zero
2573273,2025-11-18,in_dlv_2025,AT,4075,4075,0.0,0.0,17.3395,0.3453,0.0,t_zero
2573273,2025-11-18,in_dlv_2025,ES,08830,08830,0.0,0.0,30.8292,0.0,0.0,t_zero
2573273,2025-11-19,in_dlv_2025,FR,40000,40000,0.0,0.0,47.8997,0.0,0.0,t_zero
2573273,2025-11-19,in_dlv_2025,IT,20871,20871,0.0,0.0,30.6701,0.6132,0.0,t_zero
2573273,2025-11-19,in_dlv_2025,GR,190 02,19002,0.0,0.0,43.2116,0.8646,0.0,no_dlv_t_zero
2573273,2025-11-19,in_dlv_2025,GR,190 02,19002,0.0,0.0,52.2559,1.0456,0.0,no_dlv_t_zero
2573273,2025-11-19,in_dlv_2025,AT,5300,5300,0.0,0.0,1.653,0.0331,0.0,t_zero
2573273,2025-11-19,in_dlv_2025,AT,5300,5300,0.0,0.0,5.7854,0.116,0.0,t_zero
2573273,2025-11-19,in_dlv_2025,IT,20871,20871,0.0,0.0,73.8633,1.4768,0.0,t_zero
2573273,2025-11-19,in_dlv_2025,IT,20871,20871,0.0,0.0,181.3378,3.6257,0.0,t_zero
2573273,2025-11-19,in_dlv_2025,AT,4020,4020,0.0,0.0,2.4452,0.0241,0.0,t_zero
2573273,2025-11-19,in_dlv_2025,AT,5300,5300,0.0,0.0,4.2454,0.0851,0.0,t_zero
2573273,2025-11-19,in_dlv_2025,GR,190 02,19002,0.0,0.0,92.4527,1.8498,0.0,no_dlv_t_zero
2573273,2025-11-19,in_dlv_2025,FR,40000,40000,0.0,0.0,55.0845,0.0,0.0,t_zero
2573273,2025-11-19,in_dlv_2025,IT,20871,20871,0.0,0.0,199.9731,3.9983,0.0,t_zero
2573273,2025-11-19,in_dlv_2025,AT,5300,5300,0.0,0.0,10.4688,0.2098,0.0,t_zero
2573273,2025-11-19,in_dlv_2025,FR,40000,40000,0.0,0.0,202.3758,0.0,0.0,t_zero
2573273,2025-11-19,in_dlv_2025,AT,4020,4020,0.0,0.0,0.572,0.0056,0.0,t_zero
2573273,2025-11-19,in_dlv_2025,AT,5300,5300,0.0,0.0,20.6621,0.4142,0.0,t_zero
2573273,2025-11-19,in_dlv_2025,AT,5300,5300,0.0,0.0,54.0521,1.0835,0.0,t_zero
2573273,2025-11-19,in_dlv_2025,AT,5300,5300,0.0,0.0,0.4132,0.0083,0.0,t_zero
2573273,2025-11-20,in_dlv_2025,FR,72230,72230,0.0,0.0,59.5767,0.0,0.0,t_zero
2573273,2025-11-20,in_dlv_2025,IT,20871,20871,0.0,0.0,3.3309,0.0667,0.0,t_zero
2573273,2025-11-20,in_dlv_2025,CY,2033,2033,197.4,0.0,234.1871,0.0,0.0,no_dlv
2573273,2025-11-20,in_dlv_2025,FR,66000,66000,0.0,0.0,51.508,1.0302,0.0,t_zero
2573273,2025-11-20,in_dlv_2025,FR,72230,72230,0.0,0.0,33.496,0.0,0.0,t_zero
2573273,2025-11-20,in_dlv_2025,IT,20871,20871,0.0,0.0,79.21,0.0,0.0,t_zero
2573273,2025-11-20,in_dlv_2025,IT,20871,20871,0.0,0.0,148.2343,2.9681,0.0,t_zero
2573273,2025-11-20,in_dlv_2025,IT,20871,20871,0.0,0.0,28.4902,0.5705,0.0,t_zero
2573273,2025-11-20,in_dlv_2025,FR,66000,66000,0.0,0.0,29.8599,0.5972,0.0,t_zero
2573273,2025-11-20,in_dlv_2025,CY,2033,2033,259.3,0.0,307.6229,0.0,0.0,no_dlv
4251020550,2025-11-20,in_dlv_2025,FR,72230,72230,0.0,0.0,528.2973,7.05,0.0,t_zero
2573273,2025-11-21,in_dlv_2025,FR,77170,77170,0.0,0.0,9.0024,0.1801,0.0,t_zero
2573273,2025-11-21,in_dlv_2025,FR,77170,77170,0.0,0.0,24.9283,0.4987,0.0,t_zero
2573273,2025-11-21,in_dlv_2025,FR,77170,77170,0.0,0.0,6.1765,0.1236,0.0,t_zero
2573273,2025-11-21,in_dlv_2025,FR,77170,77170,0.0,0.0,2.6103,0.0522,0.0,t_zero
2573273,2025-11-21,in_dlv_2025,FR,77170,77170,0.0,0.0,4.5654,0.0913,0.0,t_zero
2573273,2025-11-21,in_dlv_2025,FR,77170,77170,0.0,0.0,171.5448,3.4318,0.0,t_zero
2573273,2025-11-21,in_dlv_2025,AT,4075,4075,0.0,0.0,58.06,1.16,0.0,t_zero
2573273,2025-11-21,in_dlv_2025,AT,5300,5300,0.0,0.0,12.0051,0.2398,0.0,t_zero
2573273,2025-11-21,in_dlv_2025,GR,570 22,57022,1794.4,0.0,711.54,14.23,0.0,no_dlv
2573273,2025-11-21,in_dlv_2025,AT,4020,4020,0.0,0.0,0.4833,0.0096,0.0,t_zero
2573273,2025-11-21,in_dlv_2025,AT,4020,4020,0.0,0.0,0.7753,0.0154,0.0,t_zero
2573273,2025-11-21,in_dlv_2025,FR,77170,77170,0.0,0.0,5.1015,0.1021,0.0,t_zero
2573273,2025-11-21,in_dlv_2025,FR,77170,77170,0.0,0.0,62.0907,1.2421,0.0,t_zero
2573273,2025-11-21,in_dlv_2025,FR,77170,77170,0.0,0.0,0.0647,0.0013,0.0,t_zero
2573273,2025-11-21,in_dlv_2025,FR,59930,59930,0.0,0.0,184.8781,3.6985,0.0,t_zero
2573273,2025-11-21,in_dlv_2025,GR,611 00,61100,395.9,0.0,227.04,4.54,0.0,no_dlv
2573273,2025-11-21,in_dlv_2025,IT,16151,16151,0.0,0.0,112.2429,2.2459,0.0,t_zero
2573273,2025-11-21,in_dlv_2025,FR,77170,77170,0.0,0.0,14.5875,0.2918,0.0,t_zero
2573273,2025-11-21,in_dlv_2025,FR,77170,77170,0.0,0.0,1.3384,0.0268,0.0,t_zero
2573273,2025-11-21,in_dlv_2025,FR,77170,77170,0.0,0.0,1.3384,0.0268,0.0,t_zero
2573273,2025-11-21,in_dlv_2025,FR,57600,57600,0.0,0.0,75.7,1.51,0.0,t_zero
2573273,2025-11-21,in_dlv_2025,AT,5300,5300,0.0,0.0,65.2463,1.3048,0.0,t_zero
2573273,2025-11-21,in_dlv_2025,FR,77170,77170,0.0,0.0,1.6177,0.0324,0.0,t_zero
2573273,2025-11-21,in_dlv_2025,FR,77170,77170,0.0,0.0,1.0038,0.0201,0.0,t_zero
2573273,2025-11-21,in_dlv_2025,FR,77170,77170,0.0,0.0,305.9048,6.1197,0.0,t_zero
2573273,2025-11-21,in_dlv_2025,AT,5300,5300,0.0,0.0,15.5483,0.3105,0.0,t_zero
2573273,2025-11-21,in_dlv_2025,GR,570 22,57022,1090.3,0.0,466.07,9.32,0.0,no_dlv
2573273,2025-11-21,in_dlv_2025,GR,572 00,57200,0.0,0.0,248.9315,4.9771,0.0,no_dlv_t_zero
2573273,2025-11-21,in_dlv_2025,AT,4020,4020,0.0,0.0,18.2449,0.3633,0.0,t_zero
2573273,2025-11-21,in_dlv_2025,AT,4075,4075,0.0,0.0,35.9387,0.718,0.0,t_zero
2573273,2025-11-21,in_dlv_2025,AT,4020,4020,0.0,0.0,119.6451,1.7367,0.0,t_zero
2573273,2025-11-21,in_dlv_2025,FR,77170,77170,0.0,0.0,7.9611,0.1593,0.0,t_zero
2573273,2025-11-21,in_dlv_2025,FR,77170,77170,0.0,0.0,3.8662,0.0773,0.0,t_zero
2573273,2025-11-21,in_dlv_2025,FR,59930,59930,0.0,0.0,43.9601,0.8794,0.0,t_zero
2573273,2025-11-21,in_dlv_2025,GR,572 00,57200,0.0,0.0,344.2485,6.8829,0.0,no_dlv_t_zero
2573273,2025-11-21,in_dlv_2025,FR,57600,57600,0.0,0.0,75.7,1.51,0.0,t_zero
2573273,2025-11-21,in_dlv_2025,FR,77170,77170,0.0,0.0,10.7513,0.2151,0.0,t_zero
2573273,2025-11-21,in_dlv_2025,FR,77170,77170,0.0,0.0,159.4963,3.1907,0.0,t_zero
2573273,2025-11-21,in_dlv_2025,FR,77170,77170,0.0,0.0,129.9511,2.5997,0.0,t_zero
2573273,2025-11-21,in_dlv_2025,GR,611 00,61100,8.8,0.0,20.3551,0.4078,0.0,no_dlv
2573273,2025-11-21,in_dlv_2025,FR,59930,59930,0.0,0.0,136.8099,2.7369,0.0,t_zero
2573273,2025-11-21,in_dlv_2025,FR,59930,59930,0.0,0.0,270.1926,5.4052,0.0,t_zero
2573273,2025-11-21,in_dlv_2025,ES,36400,36400,0.0,0.0,72.64,1.45,0.0,t_zero
2573273,2025-11-21,in_dlv_2025,AT,4020,4020,0.0,0.0,0.5538,0.011,0.0,t_zero
2573273,2025-11-21,in_dlv_2025,AT,4020,4020,0.0,0.0,0.2249,0.0033,0.0,t_zero
2573273,2025-11-21,in_dlv_2025,IT,16151,16151,0.0,0.0,56.6771,1.1341,0.0,t_zero
2573273,2025-11-21,in_dlv_2025,ES,36400,36400,0.0,0.0,72.64,1.45,0.0,t_zero
2573273,2025-11-21,in_dlv_2025,GR,611 00,61100,0.0,0.0,104.32,2.09,0.0,no_dlv_t_zero
2573273,2025-11-21,in_dlv_2025,AT,4075,4075,0.0,0.0,22.1213,0.442,0.0,t_zero
2573273,2025-11-21,in_dlv_2025,FR,77170,77170,0.0,0.0,0.0694,0.0014,0.0,t_zero
2573273,2025-11-21,in_dlv_2025,FR,77170,77170,0.0,0.0,4.8606,0.0972,0.0,t_zero
2573273,2025-11-21,in_dlv_2025,FR,77170,77170,0.0,0.0,4.7575,0.0952,0.0,t_zero
2573273,2025-11-21,in_dlv_2025,FR,77170,77170,0.0,0.0,1.9017,0.038,0.0,t_zero
2573273,2025-11-21,in_dlv_2025,FR,77170,77170,0.0,0.0,1.2006,0.024,0.0,t_zero
2573273,2025-11-21,in_dlv_2025,FR,77170,77170,0.0,0.0,0.568,0.0114,0.0,t_zero
2573273,2025-11-21,in_dlv_2025,GR,611 00,61100,0.0,0.0,83.9649,1.6822,0.0,no_dlv_t_zero
2573273,2025-11-24,in_dlv_2025,AT,5300,5300,0.0,0.0,13.8472,0.2765,0.0,t_zero
2573273,2025-11-24,in_dlv_2025,AT,5300,5300,0.0,0.0,14.1793,0.2832,0.0,t_zero
2573273,2025-11-24,in_dlv_2025,FR,57600,57600,0.0,0.0,82.5794,1.6521,0.0,t_zero
2573273,2025-11-24,in_dlv_2025,AT,5300,5300,0.0,0.0,8.2162,0.1641,0.0,t_zero
2573273,2025-11-24,in_dlv_2025,FR,57600,57600,0.0,0.0,576.2975,11.5293,0.0,t_zero
2573273,2025-11-24,in_dlv_2025,FR,57600,57600,0.0,0.0,30.923,0.6186,0.0,t_zero
2573273,2025-11-25,in_dlv_2025,IT,20871,20871,0.0,0.0,84.7857,0.0,0.0,t_zero
2573273,2025-11-25,in_dlv_2025,ES,08830,08830,0.0,0.0,36.7268,0.0,0.0,t_zero
2573273,2025-11-25,in_dlv_2025,ES,08830,08830,0.0,0.0,53.63,1.07,0.0,t_zero
2573273,2025-11-25,in_dlv_2025,ES,08830,08830,0.0,0.0,91.3246,0.0,0.0,t_zero
2573273,2025-11-25,in_dlv_2025,IT,20871,20871,0.0,0.0,26.9031,0.0,0.0,t_zero
2573273,2025-11-25,in_dlv_2025,IT,20871,20871,0.0,0.0,43.9908,0.0,0.0,t_zero
2573273,2025-11-25,in_dlv_2025,ES,38639,38639,0.0,0.0,194.0,0.0,0.0,t_zero
4251020550,2025-11-25,in_dlv_2025,IT,00178,00178,0.0,0.0,636.3873,0.0,0.0,t_zero
2573273,2025-11-25,in_dlv_2025,IT,00178,00178,0.0,0.0,27.0427,0.0,0.0,t_zero
2573273,2025-11-25,in_dlv_2025,ES,08830,08830,0.0,0.0,229.2092,0.0,0.0,t_zero
2573273,2025-11-25,in_dlv_2025,ES,38639,38639,0.0,0.0,40.8982,0.0,0.0,t_zero
2573273,2025-11-25,in_dlv_2025,IT,33078,33078,0.0,0.0,111.0626,2.2233,0.0,t_zero
2573273,2025-11-25,in_dlv_2025,FR,59930,59930,0.0,0.0,14.5387,0.2904,0.0,t_zero
2573273,2025-11-25,in_dlv_2025,FR,59930,59930,0.0,0.0,132.6413,2.6496,0.0,t_zero
2573273,2025-11-25,in_dlv_2025,IT,33078,33078,0.0,0.0,38.2974,0.7667,0.0,t_zero
2573273,2025-11-25,in_dlv_2025,ES,08830,08830,0.0,0.0,34.6454,0.0,0.0,t_zero
2573273,2025-11-26,in_dlv_2025,IT,20871,20871,0.0,0.0,221.0272,4.4177,0.0,t_zero
4251013702,2025-11-26,in_dlv_2025,FR,14320,14320,0.0,0.0,85.22,1.7,0.0,t_zero
2573273,2025-11-26,in_dlv_2025,AT,5300,5300,0.0,0.0,97.1336,1.943,0.0,t_zero
2573273,2025-11-26,in_dlv_2025,IT,20871,20871,0.0,0.0,11.8183,0.2362,0.0,t_zero
2573273,2025-11-26,in_dlv_2025,AT,5300,5300,0.0,0.0,54.4939,1.0901,0.0,t_zero
2573273,2025-11-26,in_dlv_2025,FR,14320,14320,0.0,0.0,47.511,0.9494,0.0,t_zero
2573273,2025-11-26,in_dlv_2025,IT,20871,20871,0.0,0.0,44.8348,0.8961,0.0,t_zero
2573273,2025-11-26,in_dlv_2025,AT,4020,4020,0.0,0.0,56.9983,1.1388,0.0,t_zero
2573273,2025-11-26,in_dlv_2025,AT,4020,4020,0.0,0.0,0.1065,0.0021,0.0,t_zero
2573273,2025-11-26,in_dlv_2025,AT,4020,4020,0.0,0.0,0.9552,0.0191,0.0,t_zero
2573273,2025-11-26,in_dlv_2025,AT,4020,4020,0.0,0.0,0.9944,0.0198,0.0,t_zero
2573273,2025-11-26,in_dlv_2025,FR,14320,14320,0.0,0.0,216.209,4.3206,0.0,t_zero
2573273,2025-11-26,in_dlv_2025,AT,4020,4020,0.0,0.0,27.0259,0.5382,0.0,t_zero
2573273,2025-11-26,in_dlv_2025,AT,4020,4020,0.0,0.0,4.1197,0.082,0.0,t_zero
2573273,2025-11-27,in_dlv_2025,AT,4020,4020,0.0,0.0,16.7737,0.334,0.0,t_zero
2573273,2025-11-27,in_dlv_2025,AT,4020,4020,0.0,0.0,111.2812,2.2265,0.0,t_zero
2573273,2025-11-27,in_dlv_2025,FR,72700,72700,0.0,0.0,144.5663,2.8921,0.0,t_zero
2573273,2025-11-27,in_dlv_2025,AT,5300,5300,0.0,0.0,19.85,0.3964,0.0,t_zero
2573273,2025-11-27,in_dlv_2025,AT,4020,4020,0.0,0.0,39.1229,0.3857,0.0,t_zero
2573273,2025-11-27,in_dlv_2025,AT,5300,5300,0.0,0.0,95.0273,0.0,0.0,t_zero
2573273,2025-11-27,in_dlv_2025,AT,4020,4020,0.0,0.0,16.3667,0.1613,0.0,t_zero
2573273,2025-11-27,in_dlv_2025,AT,5300,5300,0.0,0.0,59.3325,1.1869,0.0,t_zero
2573273,2025-11-27,in_dlv_2025,AT,5300,5300,0.0,0.0,40.3138,0.0,0.0,t_zero
2573273,2025-11-27,in_dlv_2025,AT,4020,4020,0.0,0.0,9.4305,0.093,0.0,t_zero
2573273,2025-11-27,in_dlv_2025,AT,4020,4020,0.0,0.0,10.7336,0.1895,0.0,t_zero
2573273,2025-11-27,in_dlv_2025,AT,4020,4020,0.0,0.0,0.0798,0.0014,0.0,t_zero
2573273,2025-11-27,in_dlv_2025,ES,08830,08830,0.0,0.0,7.3428,0.0,0.0,t_zero
2573273,2025-11-27,in_dlv_2025,AT,5300,5300,0.0,0.0,5.1245,0.0,0.0,t_zero
2573273,2025-11-27,in_dlv_2025,AT,4020,4020,0.0,0.0,15.3663,0.306,0.0,t_zero
2573273,2025-11-27,in_dlv_2025,AT,5300,5300,0.0,0.0,19.85,0.3964,0.0,t_zero
2573273,2025-11-27,in_dlv_2025,AT,4020,4020,0.0,0.0,291.3362,5.8291,0.0,t_zero
2573273,2025-11-27,in_dlv_2025,ES,08830,08830,0.0,0.0,107.8107,0.0,0.0,t_zero
2573273,2025-11-27,in_dlv_2025,FR,14320,14320,0.0,0.0,353.5114,7.0693,0.0,t_zero
2573273,2025-11-27,in_dlv_2025,FR,14320,14320,0.0,0.0,99.5486,1.9907,0.0,t_zero
2573273,2025-11-27,in_dlv_2025,AT,5300,5300,0.0,0.0,15.88,0.3171,0.0,t_zero
2573273,2025-11-27,in_dlv_2025,AT,4020,4020,0.0,0.0,190.1426,3.8044,0.0,t_zero
2573273,2025-11-27,in_dlv_2025,ES,08830,08830,0.0,0.0,221.452,0.0,0.0,t_zero
2573273,2025-11-27,in_dlv_2025,FR,72700,72700,0.0,0.0,411.7937,8.2379,0.0,t_zero
2573273,2025-11-27,in_dlv_2025,GR,210 53,21053,117.0,0.0,151.2,3.02,0.0,no_dlv
2573273,2025-11-28,in_dlv_2025,IT,16151,16151,0.0,0.0,44.4857,0.8891,0.0,t_zero
2573273,2025-11-28,in_dlv_2025,IT,20871,20871,0.0,0.0,301.9945,6.0381,0.0,t_zero
2573273,2025-11-28,in_dlv_2025,ES,08830,08830,0.0,0.0,115.098,0.0,0.0,t_zero
2573273,2025-11-28,in_dlv_2025,IT,74017,74017,0.0,0.0,29.045,0.58,0.0,t_zero
2573273,2025-11-28,in_dlv_2025,GR,564 29,56429,32.38,0.0,18.7022,0.3746,0.0,no_dlv
2573273,2025-11-28,in_dlv_2025,IT,16151,16151,0.0,0.0,49.1958,0.9832,0.0,t_zero
2573273,2025-11-28,in_dlv_2025,IT,16151,16151,0.0,0.0,52.3361,1.046,0.0,t_zero
2573273,2025-11-28,in_dlv_2025,IT,20871,20871,0.0,0.0,141.8045,2.8352,0.0,t_zero
2573273,2025-11-28,in_dlv_2025,AT,5300,5300,0.0,0.0,11.9311,0.2392,0.0,t_zero
2573273,2025-11-28,in_dlv_2025,AT,5300,5300,0.0,0.0,45.5047,0.9122,0.0,t_zero
2573273,2025-11-28,in_dlv_2025,GR,564 29,56429,132.0,0.0,105.34,2.11,0.0,no_dlv
2573273,2025-11-28,in_dlv_2025,IT,16152,16152,0.0,0.0,28.7576,0.5754,0.0,t_zero
2573273,2025-11-28,in_dlv_2025,IT,74017,74017,0.0,0.0,29.045,0.58,0.0,t_zero
2573273,2025-11-28,in_dlv_2025,ES,08830,08830,0.0,0.0,45.4448,0.0,0.0,t_zero
2573273,2025-11-28,in_dlv_2025,GR,564 29,56429,150.0,0.0,86.6378,1.7354,0.0,no_dlv
2573273,2025-11-28,in_dlv_2025,IT,16151,16151,0.0,0.0,32.2705,0.645,0.0,t_zero
2573273,2025-11-28,in_dlv_2025,IT,20871,20871,0.0,0.0,30.9646,0.6191,0.0,t_zero
2573273,2025-11-28,in_dlv_2025,IT,20871,20871,0.0,0.0,51.7345,1.0326,0.0,t_zero
2573273,2025-11-28,in_dlv_2025,IT,16151,16151,0.0,0.0,32.8619,0.6568,0.0,t_zero
2573273,2025-11-28,in_dlv_2025,IT,16152,16152,0.0,0.0,59.2024,1.1846,0.0,t_zero
2573273,2025-11-28,in_dlv_2025,ES,08830,08830,0.0,0.0,194.3672,0.0,0.0,t_zero
2573273,2025-11-28,in_dlv_2025,AT,4020,4020,0.0,0.0,12.6067,0.251,0.0,t_zero
2573273,2025-11-28,in_dlv_2025,FR,37300,37300,0.0,0.0,82.54,1.6515,0.0,t_zero
2573273,2025-11-28,in_dlv_2025,FR,37300,37300,0.0,0.0,278.6834,5.5759,0.0,t_zero
2573273,2025-11-28,in_dlv_2025,AT,4020,4020,0.0,0.0,3.3931,0.0676,0.0,t_zero
2573273,2025-11-28,in_dlv_2025,AT,5300,5300,0.0,0.0,9.3229,0.1869,0.0,t_zero
2573273,2025-11-28,in_dlv_2025,AT,5300,5300,0.0,0.0,30.5214,0.6118,0.0,t_zero
2577017,2025-12-01,in_dlv_2025,ES,08830,08830,0.0,0.0,103.3135,0.0,0.0,t_zero
2577017,2025-12-01,in_dlv_2025,ES,08830,08830,0.0,0.0,97.1202,0.0,0.0,t_zero
2577017,2025-12-01,in_dlv_2025,IT,36010,36010,0.0,0.0,20.8648,0.4173,0.0,t_zero
2577017,2025-12-01,in_dlv_2025,ES,08830,08830,0.0,0.0,19.3542,0.0,0.0,t_zero
2573273,2025-12-01,in_dlv_2025,ES,08830,08830,0.0,0.0,199.98,4.0,0.0,t_zero
2577017,2025-12-01,in_dlv_2025,FR,37300,37300,0.0,0.0,92.17,1.84,0.0,t_zero
2577017,2025-12-01,in_dlv_2025,IT,36010,36010,0.0,0.0,95.6252,1.9127,0.0,t_zero
2573273,2025-12-01,in_dlv_2025,FR,37300,37300,0.0,0.0,11.6266,0.2326,0.0,t_zero
2577017,2025-12-02,in_dlv_2025,AT,4020,4020,0.0,0.0,0.347,0.0069,0.0,t_zero
2577017,2025-12-02,in_dlv_2025,AT,4020,4020,0.0,0.0,24.3178,0.4842,0.0,t_zero
2577017,2025-12-02,in_dlv_2025,ES,08830,08830,0.0,0.0,27.5855,0.0,0.0,t_zero
2577017,2025-12-02,in_dlv_2025,AT,4020,4020,0.0,0.0,7.8222,0.1558,0.0,t_zero
2577017,2025-12-02,in_dlv_2025,AT,4020,4020,0.0,0.0,322.6982,5.9141,0.0,t_zero
2577017,2025-12-02,in_dlv_2025,ES,08830,08830,0.0,0.0,80.8784,0.0,0.0,t_zero
2577017,2025-12-03,in_dlv_2025,GR,210 53,21053,0.0,0.0,92.2831,1.8432,0.0,no_dlv_t_zero
2577017,2025-12-03,in_dlv_2025,AT,4020,4020,0.0,0.0,11.2536,0.2241,0.0,t_zero
2577017,2025-12-03,in_dlv_2025,IT,20871,20871,0.0,0.0,8.2421,0.1649,0.0,t_zero
2577017,2025-12-03,in_dlv_2025,AT,4020,4020,0.0,0.0,34.7999,0.6971,0.0,t_zero
2577017,2025-12-03,in_dlv_2025,AT,5300,5300,0.0,0.0,78.0685,1.5612,0.0,t_zero
2577017,2025-12-03,in_dlv_2025,AT,4020,4020,0.0,0.0,0.1426,0.0026,0.0,t_zero
2577017,2025-12-03,in_dlv_2025,AT,5300,5300,0.0,0.0,31.05,0.62,0.0,t_zero
2577017,2025-12-03,in_dlv_2025,GR,105 51,10551,446.0,0.0,229.45,4.59,0.0,no_dlv
2577017,2025-12-03,in_dlv_2025,GR,210 53,21053,0.0,0.0,0.2788,0.0056,0.0,no_dlv_t_zero
2577017,2025-12-03,in_dlv_2025,AT,4020,4020,0.0,0.0,20.8864,0.4159,0.0,t_zero
4251020551,2025-12-03,in_dlv_2025,FR,14320,14320,0.0,0.0,626.354,12.5261,0.0,t_zero
4251020551,2025-12-03,in_dlv_2025,FR,14320,14320,0.0,0.0,98.7279,1.9744,0.0,t_zero
2577017,2025-12-03,in_dlv_2025,AT,5300,5300,0.0,0.0,4.0656,0.0813,0.0,t_zero
2577017,2025-12-03,in_dlv_2025,AT,5300,5300,0.0,0.0,1.0531,0.0211,0.0,t_zero
2577017,2025-12-03,in_dlv_2025,GR,210 53,21053,61.0,0.0,58.6382,1.1712,0.0,no_dlv
2577017,2025-12-03,in_dlv_2025,AT,4020,4020,0.0,0.0,3.2969,0.0604,0.0,t_zero
2577017,2025-12-03,in_dlv_2025,AT,5300,5300,0.0,0.0,30.1243,0.6024,0.0,t_zero
2577017,2025-12-03,in_dlv_2025,AT,4020,4020,0.0,0.0,93.0001,1.8629,0.0,t_zero
2577017,2025-12-03,in_dlv_2025,AT,5300,5300,0.0,0.0,74.2086,1.484,0.0,t_zero
2577017,2025-12-04,in_dlv_2025,ES,48510,48510,0.0,0.0,64.9,1.3,0.0,t_zero
2577017,2025-12-04,in_dlv_2025,ES,08830,08830,0.0,0.0,141.0444,2.4818,0.0,t_zero
2577017,2025-12-04,in_dlv_2025,ES,08830,08830,0.0,0.0,36.4858,0.0,0.0,t_zero
2577017,2025-12-04,in_dlv_2025,ES,08830,08830,0.0,0.0,17.459,0.0,0.0,t_zero
2577017,2025-12-04,in_dlv_2025,ES,08830,08830,0.0,0.0,237.6894,0.0,0.0,t_zero
2577017,2025-12-04,in_dlv_2025,ES,08830,08830,0.0,0.0,36.3975,0.0,0.0,t_zero
2577017,2025-12-04,in_dlv_2025,FR,14320,14320,0.0,0.0,147.18,2.94,0.0,t_zero
2577017,2025-12-04,in_dlv_2025,ES,08830,08830,0.0,0.0,139.036,0.0,0.0,t_zero
4251020551,2025-12-04,in_dlv_2025,FR,14320,14320,0.0,0.0,15.0642,0.3013,0.0,t_zero
2577017,2025-12-04,in_dlv_2025,ES,08830,08830,0.0,0.0,104.9492,1.8467,0.0,t_zero
2577017,2025-12-04,in_dlv_2025,ES,48510,48510,0.0,0.0,159.51,3.19,0.0,t_zero
2577017,2025-12-04,in_dlv_2025,ES,08830,08830,0.0,0.0,40.559,0.0,0.0,t_zero
2577017,2025-12-04,in_dlv_2025,ES,08830,08830,0.0,0.0,35.9543,0.0,0.0,t_zero
2577017,2025-12-04,in_dlv_2025,ES,08830,08830,0.0,0.0,76.6026,0.0,0.0,t_zero
2577017,2025-12-04,in_dlv_2025,ES,08830,08830,0.0,0.0,201.2962,0.0,0.0,t_zero
2577017,2025-12-04,in_dlv_2025,IT,20871,20871,0.0,0.0,8.5609,0.1057,0.0,t_zero
2577017,2025-12-04,in_dlv_2025,IT,20871,20871,0.0,0.0,71.3409,0.8807,0.0,t_zero
2577017,2025-12-04,in_dlv_2025,ES,08830,08830,0.0,0.0,94.9964,1.6715,0.0,t_zero
4251020551,2025-12-04,in_dlv_2025,FR,14320,14320,0.0,0.0,14.9147,0.2983,0.0,t_zero
2577017,2025-12-05,in_dlv_2025,AT,8055,8055,0.0,0.0,36.4445,0.7289,0.0,t_zero
2577017,2025-12-05,in_dlv_2025,AT,8055,8055,0.0,0.0,75.5555,1.5111,0.0,t_zero
2577017,2025-12-05,in_dlv_2025,AT,5300,5300,0.0,0.0,97.28,1.95,0.0,t_zero
2577017,2025-12-05,in_dlv_2025,ES,36400,36400,0.0,0.0,219.0255,0.0,0.0,t_zero
2577017,2025-12-05,in_dlv_2025,GR,572 00,57200,701.0,0.0,357.6,7.15,0.0,no_dlv
2573273,2025-12-05,in_dlv_2025,ES,36400,36400,0.0,0.0,205.92,4.12,0.0,t_zero
2577017,2025-12-05,in_dlv_2025,AT,4020,4020,0.0,0.0,0.1012,0.002,0.0,t_zero
2577017,2025-12-05,in_dlv_2025,ES,36400,36400,0.0,0.0,201.0545,0.0,0.0,t_zero
2577017,2025-12-05,in_dlv_2025,AT,4020,4020,0.0,0.0,0.0585,0.0012,0.0,t_zero
2577017,2025-12-05,in_dlv_2025,AT,4020,4020,0.0,0.0,86.3486,1.7252,0.0,t_zero
2577017,2025-12-05,in_dlv_2025,AT,4020,4020,0.0,0.0,0.0715,0.0014,0.0,t_zero
2573273,2025-12-05,in_dlv_2025,ES,36400,36400,0.0,0.0,179.2152,0.0,0.0,t_zero
2577017,2025-12-05,in_dlv_2025,AT,4020,4020,0.0,0.0,219.467,4.3939,0.0,t_zero
2577017,2025-12-05,in_dlv_2025,IT,20871,20871,0.0,0.0,14.8246,0.2968,0.0,t_zero
2577017,2025-12-05,in_dlv_2025,GR,611 00,61100,9.55,0.0,140.51,2.09,0.0,no_dlv
2577017,2025-12-05,in_dlv_2025,AT,5300,5300,0.0,0.0,14.1952,0.2843,0.0,t_zero
2577017,2025-12-05,in_dlv_2025,AT,4020,4020,0.0,0.0,19.6085,0.3905,0.0,t_zero
2577017,2025-12-05,in_dlv_2025,IT,20871,20871,0.0,0.0,134.5354,2.6932,0.0,t_zero
2577017,2025-12-05,in_dlv_2025,AT,4020,4020,0.0,0.0,0.1251,0.0025,0.0,t_zero
2577017,2025-12-05,in_dlv_2025,AT,4020,4020,0.0,0.0,0.4436,0.0089,0.0,t_zero
2577017,2025-12-08,in_dlv_2025,ES,08830,08830,0.0,0.0,218.6296,0.0,0.0,t_zero
2577017,2025-12-08,in_dlv_2025,ES,08830,08830,0.0,0.0,107.9922,0.0,0.0,t_zero
2577017,2025-12-08,in_dlv_2025,ES,08830,08830,0.0,0.0,6.4793,0.0,0.0,t_zero
2577017,2025-12-08,in_dlv_2025,ES,08830,08830,0.0,0.0,7.1849,0.0,0.0,t_zero
2577017,2025-12-08,in_dlv_2025,ES,08830,08830,0.0,0.0,6.92,0.0,0.0,t_zero
2577017,2025-12-08,in_dlv_2025,ES,08830,08830,0.0,0.0,53.63,1.07,0.0,t_zero
2577017,2025-12-08,in_dlv_2025,FR,01160,01160,0.0,0.0,8.8695,0.0,0.0,t_zero
4251021882,2025-12-08,in_dlv_2025,FR,01160,01160,0.0,0.0,242.7205,3.15,0.0,t_zero
2577017,2025-12-08,in_dlv_2025,ES,08830,08830,0.0,0.0,6.4793,0.0,0.0,t_zero
4251020551,2025-12-08,in_dlv_2025,FR,01160,01160,0.0,0.0,157.58,3.15,0.0,t_zero
2577017,2025-12-08,in_dlv_2025,ES,08830,08830,0.0,0.0,343.1947,0.0,0.0,t_zero
2577017,2025-12-08,in_dlv_2025,ES,08830,08830,0.0,0.0,41.1692,0.0,0.0,t_zero
2577017,2025-12-09,in_dlv_2025,AT,4020,4020,0.0,0.0,2.6997,0.0538,0.0,t_zero
2577017,2025-12-09,in_dlv_2025,IT,39100,39100,0.0,0.0,37.2919,0.7457,0.0,t_zero
2577017,2025-12-09,in_dlv_2025,ES,36400,36400,0.0,0.0,18.2831,0.0,0.0,t_zero
2577017,2025-12-09,in_dlv_2025,AT,4075,4075,0.0,0.0,58.06,1.16,0.0,t_zero
2577017,2025-12-09,in_dlv_2025,AT,5300,5300,0.0,0.0,17.0838,0.3412,0.0,t_zero
2577017,2025-12-09,in_dlv_2025,AT,4020,4020,0.0,0.0,0.3,0.005,0.0,t_zero
2577017,2025-12-09,in_dlv_2025,IT,39100,39100,0.0,0.0,36.7181,0.7343,0.0,t_zero
2577017,2025-12-09,in_dlv_2025,AT,4020,4020,0.0,0.0,11.7339,0.2337,0.0,t_zero
2577017,2025-12-09,in_dlv_2025,AT,4020,4020,0.0,0.0,7.3876,0.1471,0.0,t_zero
2577017,2025-12-09,in_dlv_2025,AT,4020,4020,0.0,0.0,24.7524,0.4929,0.0,t_zero
2577017,2025-12-09,in_dlv_2025,AT,4020,4020,0.0,0.0,10.6178,0.2114,0.0,t_zero
2577017,2025-12-09,in_dlv_2025,AT,5300,5300,0.0,0.0,38.4962,0.7688,0.0,t_zero
2577017,2025-12-09,in_dlv_2025,AT,4075,4075,0.0,0.0,32.14,0.64,0.0,t_zero
2577017,2025-12-09,in_dlv_2025,AT,4020,4020,0.0,0.0,37.3538,0.6266,0.0,t_zero
2577017,2025-12-09,in_dlv_2025,ES,36400,36400,0.0,0.0,20.0458,0.1981,0.0,t_zero
2577017,2025-12-09,in_dlv_2025,AT,4020,4020,0.0,0.0,196.24,3.92,0.0,t_zero
2577017,2025-12-09,in_dlv_2025,AT,4020,4020,0.0,0.0,166.8362,2.7984,0.0,t_zero
2577017,2025-12-10,in_dlv_2025,GR,121 31,12131,156.0,0.0,105.34,2.11,0.0,no_dlv
2577017,2025-12-10,in_dlv_2025,AT,5300,5300,0.0,0.0,19.9619,0.3999,0.0,t_zero
2577017,2025-12-10,in_dlv_2025,IT,36100,36100,0.0,0.0,28.4526,0.5696,0.0,t_zero
2577017,2025-12-10,in_dlv_2025,FR,77164,77164,0.0,0.0,45.4553,0.0,0.0,t_zero
4251021882,2025-12-10,in_dlv_2025,FR,77164,77164,0.0,0.0,411.8223,5.26,0.0,t_zero
2577017,2025-12-10,in_dlv_2025,FR,77164,77164,0.0,0.0,11.2374,0.0,0.0,t_zero
2577017,2025-12-10,in_dlv_2025,FR,77164,77164,0.0,0.0,139.5254,0.0,0.0,t_zero
2577017,2025-12-10,in_dlv_2025,AT,5300,5300,0.0,0.0,11.9479,0.2393,0.0,t_zero
2577017,2025-12-10,in_dlv_2025,GR,143 42,14342,283.0,0.0,158.01,3.16,0.0,no_dlv
2577017,2025-12-10,in_dlv_2025,AT,4020,4020,0.0,0.0,0.0802,0.0016,0.0,t_zero
2577017,2025-12-10,in_dlv_2025,AT,5300,5300,0.0,0.0,29.4891,0.5907,0.0,t_zero
2577017,2025-12-10,in_dlv_2025,GR,136 77,13677,345.0,0.0,199.28,3.99,0.0,no_dlv
2577017,2025-12-10,in_dlv_2025,AT,5300,5300,0.0,0.0,21.971,0.4401,0.0,t_zero
2577017,2025-12-10,in_dlv_2025,AT,4020,4020,0.0,0.0,328.2187,6.5636,0.0,t_zero
2577017,2025-12-10,in_dlv_2025,ES,28342,28342,0.0,0.0,40.4593,0.8107,0.0,t_zero
2577017,2025-12-10,in_dlv_2025,ES,28342,28342,0.0,0.0,45.8807,0.9193,0.0,t_zero
2577017,2025-12-10,in_dlv_2025,IT,36100,36100,0.0,0.0,16.5074,0.3304,0.0,t_zero
2577017,2025-12-11,in_dlv_2025,ES,08830,08830,0.0,0.0,8.4893,0.0,0.0,t_zero
2577017,2025-12-11,in_dlv_2025,ES,08830,08830,0.0,0.0,241.7261,0.0,0.0,t_zero
2577017,2025-12-11,in_dlv_2025,ES,08830,08830,0.0,0.0,62.55,0.0,0.0,t_zero
2577017,2025-12-11,in_dlv_2025,GR,143 42,14342,65.77,0.0,80.2,1.6,0.0,no_dlv
2577017,2025-12-11,in_dlv_2025,AT,4020,4020,0.0,0.0,18.6891,0.1842,0.0,t_zero
2577017,2025-12-11,in_dlv_2025,ES,08830,08830,0.0,0.0,234.8012,0.0,0.0,t_zero
2577017,2025-12-11,in_dlv_2025,ES,08830,08830,0.0,0.0,93.1538,0.0,0.0,t_zero
2577017,2025-12-11,in_dlv_2025,ES,08830,08830,0.0,0.0,133.6914,0.0,0.0,t_zero
2577017,2025-12-11,in_dlv_2025,GR,210 53,21053,78.0,0.0,110.01,2.2,0.0,no_dlv
2577017,2025-12-11,in_dlv_2025,AT,4020,4020,0.0,0.0,37.2711,0.7445,0.0,t_zero
2577017,2025-12-11,in_dlv_2025,AT,4020,4020,0.0,0.0,15.2282,0.1501,0.0,t_zero
2577017,2025-12-11,in_dlv_2025,ES,08830,08830,0.0,0.0,419.1157,0.0,0.0,t_zero
2577017,2025-12-11,in_dlv_2025,GR,153 51,15351,257.0,0.0,158.01,3.16,0.0,no_dlv
2577017,2025-12-11,in_dlv_2025,ES,08830,08830,0.0,0.0,24.7444,0.0,0.0,t_zero
2577017,2025-12-11,in_dlv_2025,GR,141 23,14123,132.0,0.0,111.14,2.22,0.0,no_dlv
2577017,2025-12-11,in_dlv_2025,ES,08830,08830,0.0,0.0,57.7382,0.0,0.0,t_zero
2577017,2025-12-11,in_dlv_2025,AT,4020,4020,0.0,0.0,155.2959,3.1021,0.0,t_zero
2577017,2025-12-11,in_dlv_2025,AT,4020,4020,0.0,0.0,12.7873,0.1261,0.0,t_zero
2577017,2025-12-12,in_dlv_2025,GR,410 00,41000,205.0,0.0,192.63,3.85,0.0,no_dlv
2577017,2025-12-12,in_dlv_2025,GR,570 22,57022,65.0,0.0,80.2,1.6,0.0,no_dlv
2577017,2025-12-12,in_dlv_2025,FR,77170,77170,0.0,0.0,8.2599,0.1652,0.0,t_zero
2577017,2025-12-12,in_dlv_2025,FR,77170,77170,0.0,0.0,36.3102,0.726,0.0,t_zero
2577017,2025-12-12,in_dlv_2025,FR,77170,77170,0.0,0.0,11.1045,0.222,0.0,t_zero
2577017,2025-12-12,in_dlv_2025,FR,77170,77170,0.0,0.0,55.3514,1.1067,0.0,t_zero
2577017,2025-12-12,in_dlv_2025,FR,81100,81100,0.0,0.0,67.114,1.3998,0.0,t_zero
2577017,2025-12-12,in_dlv_2025,FR,77170,77170,0.0,0.0,112.6782,2.2529,0.0,t_zero
2577017,2025-12-12,in_dlv_2025,FR,77170,77170,0.0,0.0,3.4025,0.068,0.0,t_zero
2577017,2025-12-12,in_dlv_2025,FR,77170,77170,0.0,0.0,76.2999,1.5255,0.0,t_zero
2577017,2025-12-12,in_dlv_2025,ES,08830,08830,0.0,0.0,105.9886,0.0,0.0,t_zero
2577017,2025-12-12,in_dlv_2025,GR,611 00,61100,218.0,0.0,150.9169,3.0178,0.0,no_dlv
2577017,2025-12-12,in_dlv_2025,GR,564 29,56429,0.0,0.0,333.3732,6.6647,0.0,no_dlv_t_zero
2577017,2025-12-12,in_dlv_2025,FR,77170,77170,0.0,0.0,59.8819,1.1973,0.0,t_zero
2577017,2025-12-12,in_dlv_2025,FR,77170,77170,0.0,0.0,0.2726,0.0055,0.0,t_zero
2577017,2025-12-12,in_dlv_2025,FR,81100,81100,0.0,0.0,43.1272,0.8995,0.0,t_zero
2577017,2025-12-12,in_dlv_2025,FR,77170,77170,0.0,0.0,77.3216,1.546,0.0,t_zero
2577017,2025-12-12,in_dlv_2025,FR,77170,77170,0.0,0.0,34.7438,0.6947,0.0,t_zero
2577017,2025-12-12,in_dlv_2025,FR,77170,77170,0.0,0.0,17.0314,0.3405,0.0,t_zero
2577017,2025-12-12,in_dlv_2025,FR,81100,81100,0.0,0.0,101.914,2.1256,0.0,t_zero
2577017,2025-12-12,in_dlv_2025,FR,81100,81100,0.0,0.0,59.6571,1.2443,0.0,t_zero
2577017,2025-12-12,in_dlv_2025,ES,08830,08830,0.0,0.0,106.8038,0.0,0.0,t_zero
2577017,2025-12-12,in_dlv_2025,GR,564 29,56429,0.0,0.0,312.9,6.26,0.0,no_dlv_t_zero
2577017,2025-12-12,in_dlv_2025,GR,564 29,56429,0.0,0.0,32.2702,0.6451,0.0,no_dlv_t_zero
2577017,2025-12-12,in_dlv_2025,FR,81100,81100,0.0,0.0,96.3214,2.009,0.0,t_zero
2577017,2025-12-12,in_dlv_2025,GR,611 00,61100,109.96,0.0,76.1231,1.5222,0.0,no_dlv
2577017,2025-12-12,in_dlv_2025,GR,564 29,56429,0.0,0.0,105.34,2.11,0.0,no_dlv_t_zero
2577017,2025-12-12,in_dlv_2025,GR,570 22,57022,78.8,0.0,80.2,1.6,0.0,no_dlv
2577017,2025-12-12,in_dlv_2025,FR,77170,77170,0.0,0.0,0.3408,0.0068,0.0,t_zero
2577017,2025-12-12,in_dlv_2025,FR,81100,81100,0.0,0.0,38.9263,0.8119,0.0,t_zero
2577017,2025-12-12,in_dlv_2025,ES,08830,08830,0.0,0.0,113.9376,0.0,0.0,t_zero
2577017,2025-12-12,in_dlv_2025,GR,611 00,61100,97.0,0.0,104.32,2.09,0.0,no_dlv
2577017,2025-12-12,in_dlv_2025,FR,77170,77170,0.0,0.0,9.3059,0.1861,0.0,t_zero
2577017,2025-12-12,in_dlv_2025,FR,77170,77170,0.0,0.0,0.0953,0.0019,0.0,t_zero
2577017,2025-12-12,in_dlv_2025,FR,77170,77170,0.0,0.0,0.9367,0.0187,0.0,t_zero
2577017,2025-12-12,in_dlv_2025,FR,77170,77170,0.0,0.0,10.4911,0.2098,0.0,t_zero
2577017,2025-12-12,in_dlv_2025,GR,564 29,56429,0.0,0.0,88.5466,1.7702,0.0,no_dlv_t_zero
2577017,2025-12-12,in_dlv_2025,FR,77170,77170,0.0,0.0,0.3305,0.0066,0.0,t_zero
2577017,2025-12-12,in_dlv_2025,FR,77170,77170,0.0,0.0,79.706,1.5936,0.0,t_zero
2577017,2025-12-12,in_dlv_2025,FR,77170,77170,0.0,0.0,9.3161,0.1863,0.0,t_zero
2577017,2025-12-15,in_dlv_2025,IT,20871,20871,0.0,0.0,44.96,0.9,0.0,t_zero
2577017,2025-12-15,in_dlv_2025,IT,20871,20871,0.0,0.0,77.66,1.55,0.0,t_zero
2577017,2025-12-15,in_dlv_2025,FR,27340,27340,0.0,0.0,148.0036,2.9569,0.0,t_zero
2577017,2025-12-15,in_dlv_2025,FR,27340,27340,0.0,0.0,52.0588,1.0401,0.0,t_zero
2577017,2025-12-15,in_dlv_2025,FR,27340,27340,0.0,0.0,7.6576,0.153,0.0,t_zero
4251012814,2025-12-15,in_dlv_2025,DE,71229,71229,570.0,0.0,540.96,10.82,5.4,no_dlv
2578458,2025-12-16,in_dlv_2025,AT,4020,4020,0.0,0.0,22.7919,0.4539,0.0,t_zero
2578458,2025-12-16,in_dlv_2025,AT,4020,4020,0.0,0.0,3.7747,0.0752,0.0,t_zero
2578458,2025-12-16,in_dlv_2025,IT,20871,20871,0.0,0.0,206.0747,4.1188,0.0,t_zero
2578458,2025-12-16,in_dlv_2025,IT,20871,20871,0.0,0.0,71.6053,1.4312,0.0,t_zero
2578458,2025-12-16,in_dlv_2025,ES,42140,42140,0.0,0.0,154.2164,3.0823,0.0,t_zero
2578458,2025-12-16,in_dlv_2025,ES,42140,42140,0.0,0.0,157.4836,3.1477,0.0,t_zero
2578458,2025-12-16,in_dlv_2025,AT,4020,4020,0.0,0.0,5.5734,0.111,0.0,t_zero
2577017,2025-12-17,in_dlv_2025,FR,77164,77164,0.0,0.0,10.5971,0.2119,0.0,t_zero
2577017,2025-12-17,in_dlv_2025,FR,77164,77164,0.0,0.0,455.0029,9.0981,0.0,t_zero
2578458,2025-12-17,in_dlv_2025,GR,190 02,19002,154.0,0.0,105.34,2.11,0.0,no_dlv
2578458,2025-12-18,in_dlv_2025,AT,4020,4020,0.0,0.0,11.0734,0.2212,0.0,t_zero
2578458,2025-12-18,in_dlv_2025,AT,4020,4020,0.0,0.0,185.1666,3.6988,0.0,t_zero
2578458,2025-12-18,in_dlv_2025,AT,2351,2351,0.0,0.0,21.0107,0.4189,0.0,t_zero
2578458,2025-12-18,in_dlv_2025,AT,2351,2351,0.0,0.0,31.1493,0.6211,0.0,t_zero
2578458,2025-12-19,in_dlv_2025,GR,572 00,57200,0.0,0.0,158.01,3.16,0.0,no_dlv_t_zero
2578458,2025-12-19,in_dlv_2025,AT,4020,4020,0.0,0.0,139.6113,2.7945,0.0,t_zero
2578458,2025-12-19,in_dlv_2025,ES,25241,25241,0.0,0.0,34.1528,0.6841,0.0,t_zero
2578458,2025-12-19,in_dlv_2025,PT,3750-726,3750726,0.0,0.0,58.96,1.18,0.0,t_zero
2578458,2025-12-19,in_dlv_2025,AT,4020,4020,0.0,0.0,105.6887,2.1155,0.0,t_zero
2577017,2025-12-19,in_dlv_2025,GR,611 00,61100,35.18,0.0,104.32,2.09,0.0,no_dlv
2578458,2025-12-19,in_dlv_2025,ES,25241,25241,0.0,0.0,72.1872,1.4459,0.0,t_zero
2578458,2025-12-19,in_dlv_2025,IT,31021,31021,0.0,0.0,78.4407,1.5706,0.0,t_zero
2578458,2025-12-19,in_dlv_2025,GR,572 00,57200,0.0,0.0,321.23,6.42,0.0,no_dlv_t_zero
2578458,2025-12-19,in_dlv_2025,PT,3750-726,3750726,0.0,0.0,58.96,1.18,0.0,t_zero
2578458,2025-12-19,in_dlv_2025,IT,31021,31021,0.0,0.0,129.8193,2.5994,0.0,t_zero
2582348,2026-01-07,in_dlv_2025_fallback,AT,4020,4020,0.0,0.0,2.065,0.0619,0.0,t_zero
2582348,2026-01-07,in_dlv_2025_fallback,AT,4020,4020,0.0,0.0,14.0956,0.4224,0.0,t_zero
2582348,2026-01-07,in_dlv_2025_fallback,FR,14320,14320,0.0,0.0,54.9093,1.649,0.0,t_zero
2582348,2026-01-07,in_dlv_2025_fallback,FR,14320,14320,0.0,0.0,35.9428,1.0794,0.0,t_zero
2582348,2026-01-07,in_dlv_2025_fallback,FR,14320,14320,0.0,0.0,56.3278,1.6916,0.0,t_zero
2582348,2026-01-08,in_dlv_2025_fallback,ES,17111,17111,0.0,0.0,101.3541,3.0436,0.0,t_zero
2582348,2026-01-08,in_dlv_2025_fallback,GR,105 51,10551,83.0,0.0,75.6,2.27,0.0,no_dlv
2582348,2026-01-08,in_dlv_2025_fallback,IT,46010,46010,0.0,0.0,147.0161,4.4097,0.0,t_zero
2582348,2026-01-08,in_dlv_2025_fallback,ES,08830,08830,0.0,0.0,53.63,1.61,0.0,t_zero
2582348,2026-01-08,in_dlv_2025_fallback,AT,5023,5023,0.0,0.0,254.6912,7.6396,0.0,t_zero
2582348,2026-01-08,in_dlv_2025_fallback,AT,4020,4020,0.0,0.0,5.5039,0.1644,0.0,t_zero
2582348,2026-01-08,in_dlv_2025_fallback,AT,4020,4020,0.0,0.0,1.1361,0.0339,0.0,t_zero
2582348,2026-01-08,in_dlv_2025_fallback,FR,14320,14320,0.0,0.0,407.6484,12.2278,0.0,t_zero
2582348,2026-01-08,in_dlv_2025_fallback,ES,08830,08830,0.0,0.0,132.467,3.974,0.0,t_zero
2582348,2026-01-08,in_dlv_2025_fallback,AT,5300,5300,0.0,0.0,10.7574,0.3232,0.0,t_zero
2582348,2026-01-08,in_dlv_2025_fallback,FR,77170,77170,0.0,0.0,4.2638,0.1278,0.0,t_zero
2582348,2026-01-08,in_dlv_2025_fallback,FR,77170,77170,0.0,0.0,5.9388,0.178,0.0,t_zero
2582348,2026-01-08,in_dlv_2025_fallback,FR,77164,77164,0.0,0.0,36.3128,1.0891,0.0,t_zero
2582348,2026-01-08,in_dlv_2025_fallback,AT,4020,4020,0.0,0.0,15.4009,0.46,0.0,t_zero
2582348,2026-01-08,in_dlv_2025_fallback,ES,17111,17111,0.0,0.0,58.1559,1.7464,0.0,t_zero
2582348,2026-01-08,in_dlv_2025_fallback,AT,5023,5023,0.0,0.0,17.3488,0.5204,0.0,t_zero
2582348,2026-01-08,in_dlv_2025_fallback,AT,5101,5101,0.0,0.0,49.7441,1.4917,0.0,t_zero
2582348,2026-01-08,in_dlv_2025_fallback,FR,77170,77170,0.0,0.0,0.3997,0.012,0.0,t_zero
2582348,2026-01-08,in_dlv_2025_fallback,AT,5300,5300,0.0,0.0,97.28,2.92,0.0,t_zero
2582348,2026-01-08,in_dlv_2025_fallback,FR,77170,77170,0.0,0.0,0.4568,0.0137,0.0,t_zero
2582348,2026-01-08,in_dlv_2025_fallback,FR,77170,77170,0.0,0.0,42.4661,1.2725,0.0,t_zero
2582348,2026-01-08,in_dlv_2025_fallback,FR,77170,77170,0.0,0.0,15.6464,0.4688,0.0,t_zero
2582348,2026-01-08,in_dlv_2025_fallback,IT,46010,46010,0.0,0.0,353.7439,10.6103,0.0,t_zero
2582348,2026-01-08,in_dlv_2025_fallback,AT,5300,5300,0.0,0.0,43.7469,1.3145,0.0,t_zero
2582348,2026-01-08,in_dlv_2025_fallback,FR,77170,77170,0.0,0.0,0.4188,0.0125,0.0,t_zero
2582348,2026-01-08,in_dlv_2025_fallback,ES,08830,08830,0.0,0.0,3.533,0.106,0.0,t_zero
2582348,2026-01-08,in_dlv_2025_fallback,ES,33011,33011,0.0,0.0,63.2465,1.8979,0.0,t_zero
2582348,2026-01-08,in_dlv_2025_fallback,GR,145 68,14568,13.74,0.0,80.2,2.41,0.0,no_dlv
2582348,2026-01-08,in_dlv_2025_fallback,AT,4020,4020,0.0,0.0,8.3317,0.2489,0.0,t_zero
2582348,2026-01-08,in_dlv_2025_fallback,AT,4020,4020,0.0,0.0,1.7673,0.0528,0.0,t_zero
2582348,2026-01-08,in_dlv_2025_fallback,FR,14320,14320,0.0,0.0,45.4116,1.3622,0.0,t_zero
2582348,2026-01-08,in_dlv_2025_fallback,FR,77164,77164,0.0,0.0,226.7472,6.8009,0.0,t_zero
2582348,2026-01-08,in_dlv_2025_fallback,ES,33011,33011,0.0,0.0,58.0535,1.7421,0.0,t_zero
2582348,2026-01-08,in_dlv_2025_fallback,AT,5300,5300,0.0,0.0,1.0758,0.0323,0.0,t_zero
2582348,2026-01-08,in_dlv_2025_fallback,AT,5101,5101,0.0,0.0,33.6259,1.0083,0.0,t_zero
2582348,2026-01-08,in_dlv_2025_fallback,FR,77170,77170,0.0,0.0,1.3134,0.0394,0.0,t_zero
2582348,2026-01-09,in_dlv_2025_fallback,ES,36400,36400,0.0,0.0,72.64,2.18,0.0,t_zero
2582348,2026-01-09,in_dlv_2025_fallback,IT,20871,20871,0.0,0.0,166.6824,5.0002,0.0,t_zero
2582348,2026-01-09,in_dlv_2025_fallback,IT,20871,20871,0.0,0.0,991.7536,29.7511,0.0,t_zero
2582348,2026-01-09,in_dlv_2025_fallback,AT,4075,4075,0.0,0.0,122.6284,3.6784,0.0,t_zero
2582348,2026-01-09,in_dlv_2025_fallback,AT,4075,4075,0.0,0.0,211.4116,6.3416,0.0,t_zero
2582348,2026-01-09,in_dlv_2025_fallback,AT,4020,4020,0.0,0.0,41.2298,1.2356,0.0,t_zero
2582348,2026-01-09,in_dlv_2025_fallback,AT,4020,4020,0.0,0.0,1.3897,0.0415,0.0,t_zero
2582348,2026-01-09,in_dlv_2025_fallback,IT,20871,20871,0.0,0.0,105.5585,3.1666,0.0,t_zero
2582348,2026-01-09,in_dlv_2025_fallback,IT,20871,20871,0.0,0.0,68.624,2.0586,0.0,t_zero
2582348,2026-01-09,in_dlv_2025_fallback,AT,4020,4020,0.0,0.0,25.2725,0.7549,0.0,t_zero
2582348,2026-01-09,in_dlv_2025_fallback,AT,5300,5300,0.0,0.0,2.2058,0.0663,0.0,t_zero
2582348,2026-01-09,in_dlv_2025_fallback,IT,20871,20871,0.0,0.0,4.7556,0.1427,0.0,t_zero
2582348,2026-01-09,in_dlv_2025_fallback,IT,20871,20871,0.0,0.0,37.3901,1.1216,0.0,t_zero
2582348,2026-01-09,in_dlv_2025_fallback,AT,5300,5300,0.0,0.0,18.1877,0.5465,0.0,t_zero
2582348,2026-01-09,in_dlv_2025_fallback,AT,4020,4020,0.0,0.0,0.6695,0.0201,0.0,t_zero
2582348,2026-01-09,in_dlv_2025_fallback,GR,410 00,41000,207.0,0.0,192.63,5.78,0.0,no_dlv
2582348,2026-01-09,in_dlv_2025_fallback,IT,20871,20871,0.0,0.0,77.7901,2.3336,0.0,t_zero
2582348,2026-01-09,in_dlv_2025_fallback,IT,00178,00178,0.0,0.0,50.32,1.51,0.0,t_zero
2582348,2026-01-09,in_dlv_2025_fallback,IT,20871,20871,0.0,0.0,26.3555,0.7906,0.0,t_zero
2582348,2026-01-09,in_dlv_2025_fallback,IT,20871,20871,0.0,0.0,7.7471,0.2324,0.0,t_zero
2582348,2026-01-09,in_dlv_2025_fallback,AT,4020,4020,0.0,0.0,233.9607,7.0208,0.0,t_zero
2582348,2026-01-09,in_dlv_2025_fallback,AT,4020,4020,0.0,0.0,5.4778,0.1636,0.0,t_zero
2582348,2026-01-09,in_dlv_2025_fallback,AT,5300,5300,0.0,0.0,35.1865,1.0572,0.0,t_zero
2582348,2026-01-09,in_dlv_2025_fallback,IT,00178,00178,0.0,0.0,92.6,2.78,0.0,t_zero
2582348,2026-01-09,in_dlv_2025_fallback,AT,4020,4020,0.0,0.0,32.14,0.96,0.0,t_zero
2582348,2026-01-09,in_dlv_2025_fallback,IT,20871,20871,0.0,0.0,24.8506,0.7455,0.0,t_zero
2582348,2026-01-09,in_dlv_2025_fallback,ES,36400,36400,0.0,0.0,607.43,0.0,0.0,t_zero
2582348,2026-01-09,in_dlv_2025_fallback,AT,4020,4020,0.0,0.0,123.9393,3.7192,0.0,t_zero
2582348,2026-01-12,in_dlv_2025_fallback,IT,39100,39100,0.0,0.0,38.4281,1.1525,0.0,t_zero
2582348,2026-01-12,in_dlv_2025_fallback,PT,3450-232,3450232,0.0,0.0,40.9349,1.2262,0.0,t_zero
2582348,2026-01-12,in_dlv_2025_fallback,AT,4075,4075,0.0,0.0,60.7361,1.8237,0.0,t_zero
2582348,2026-01-12,in_dlv_2025_fallback,IT,20871,20871,0.0,0.0,64.4928,1.9353,0.0,t_zero
2582348,2026-01-12,in_dlv_2025_fallback,AT,4075,4075,0.0,0.0,22.4898,0.6753,0.0,t_zero
2582348,2026-01-12,in_dlv_2025_fallback,PT,3450-232,3450232,0.0,0.0,41.5251,1.2438,0.0,t_zero
2582348,2026-01-12,in_dlv_2025_fallback,IT,39100,39100,0.0,0.0,26.06,0.78,0.0,t_zero
2582348,2026-01-12,in_dlv_2025_fallback,ES,08830,08830,0.0,0.0,297.4075,8.9254,0.0,t_zero
2582348,2026-01-12,in_dlv_2025_fallback,IT,39100,39100,0.0,0.0,31.8978,0.9567,0.0,t_zero
2582348,2026-01-12,in_dlv_2025_fallback,AT,5300,5300,0.0,0.0,13.7591,0.413,0.0,t_zero
2582348,2026-01-12,in_dlv_2025_fallback,AT,8063,8063,0.0,0.0,38.61,1.16,0.0,t_zero
2582348,2026-01-12,in_dlv_2025_fallback,ES,08830,08830,0.0,0.0,70.6711,2.1209,0.0,t_zero
2582348,2026-01-12,in_dlv_2025_fallback,AT,4075,4075,0.0,0.0,19.0141,0.5709,0.0,t_zero
2582348,2026-01-12,in_dlv_2025_fallback,IT,20871,20871,0.0,0.0,33.5227,1.006,0.0,t_zero
2582348,2026-01-12,in_dlv_2025_fallback,IT,16152,16152,0.0,0.0,24.6651,0.7403,0.0,t_zero
2582348,2026-01-12,in_dlv_2025_fallback,IT,39100,39100,0.0,0.0,9.1926,0.2757,0.0,t_zero
2582348,2026-01-12,in_dlv_2025_fallback,IT,16152,16152,0.0,0.0,35.9724,1.0797,0.0,t_zero
2582348,2026-01-12,in_dlv_2025_fallback,AT,5300,5300,0.0,0.0,21.9847,0.6599,0.0,t_zero
2582348,2026-01-12,in_dlv_2025_fallback,ES,08830,08830,0.0,0.0,19.4533,0.5838,0.0,t_zero
2582348,2026-01-12,in_dlv_2025_fallback,IT,39100,39100,0.0,0.0,32.1489,0.9642,0.0,t_zero
2582348,2026-01-13,in_dlv_2025_fallback,FR,77164,77164,0.0,0.0,434.56,13.04,0.0,t_zero
2582348,2026-01-13,in_dlv_2025_fallback,IT,20871,20871,0.0,0.0,157.9072,4.7385,0.0,t_zero
2582348,2026-01-13,in_dlv_2025_fallback,AT,4020,4020,0.0,0.0,27.4933,0.8212,0.0,t_zero
2582348,2026-01-13,in_dlv_2025_fallback,AT,4902,4902,0.0,0.0,10.8716,0.326,0.0,t_zero
2582348,2026-01-13,in_dlv_2025_fallback,FR,77164,77164,0.0,0.0,235.72,7.07,0.0,t_zero
2582348,2026-01-13,in_dlv_2025_fallback,AT,4902,4902,0.0,0.0,209.8984,6.294,0.0,t_zero
2582348,2026-01-13,in_dlv_2025_fallback,PT,4520-606,4520606,0.0,0.0,100.235,3.0065,0.0,t_zero
2582348,2026-01-13,in_dlv_2025_fallback,IT,39100,39100,0.0,0.0,4.5209,0.1356,0.0,t_zero
2582348,2026-01-13,in_dlv_2025_fallback,AT,2230,2230,0.0,0.0,85.2747,2.5581,0.0,t_zero
2582348,2026-01-13,in_dlv_2025_fallback,AT,4020,4020,0.0,0.0,4.6467,0.1388,0.0,t_zero
2582348,2026-01-13,in_dlv_2025_fallback,AT,4020,4020,0.0,0.0,79.2664,2.3755,0.0,t_zero
2582348,2026-01-13,in_dlv_2025_fallback,IT,20871,20871,0.0,0.0,104.9353,3.1489,0.0,t_zero
2582348,2026-01-13,in_dlv_2025_fallback,IT,20871,20871,0.0,0.0,64.426,1.9333,0.0,t_zero
2582348,2026-01-13,in_dlv_2025_fallback,AT,4020,4020,0.0,0.0,7.8236,0.2345,0.0,t_zero
2582348,2026-01-13,in_dlv_2025_fallback,PT,4520-606,4520606,0.0,0.0,23.455,0.7035,0.0,t_zero
2582348,2026-01-13,in_dlv_2025_fallback,IT,39100,39100,0.0,0.0,2.5117,0.0753,0.0,t_zero
2582348,2026-01-13,in_dlv_2025_fallback,AT,2230,2230,0.0,0.0,27.5046,0.8251,0.0,t_zero
2582348,2026-01-13,in_dlv_2025_fallback,IT,20871,20871,0.0,0.0,29.2234,0.8769,0.0,t_zero
2582348,2026-01-13,in_dlv_2025_fallback,AT,2230,2230,0.0,0.0,11.95,0.3585,0.0,t_zero
2582348,2026-01-13,in_dlv_2025_fallback,FR,14320,14320,0.0,0.0,383.8574,11.5142,0.0,t_zero
2582348,2026-01-13,in_dlv_2025_fallback,FR,14320,14320,0.0,0.0,69.2027,2.0758,0.0,t_zero
2582348,2026-01-14,in_dlv_2025_fallback,AT,5300,5300,0.0,0.0,58.9249,1.7687,0.0,t_zero
2582348,2026-01-14,in_dlv_2025_fallback,IT,16151,16151,0.0,0.0,39.2847,1.1791,0.0,t_zero
2582348,2026-01-14,in_dlv_2025_fallback,AT,5300,5300,0.0,0.0,73.4626,2.2056,0.0,t_zero
2582348,2026-01-14,in_dlv_2025_fallback,PT,3450-232,3450232,0.0,0.0,324.5885,9.7404,0.0,t_zero
2582348,2026-01-14,in_dlv_2025_fallback,IT,16151,16151,0.0,0.0,47.0804,1.4131,0.0,t_zero
2582348,2026-01-14,in_dlv_2025_fallback,GR,410 00,41000,99.0,0.0,110.01,3.3,0.0,no_dlv
2582348,2026-01-14,in_dlv_2025_fallback,FR,59930,59930,0.0,0.0,5.5483,0.1665,0.0,t_zero
2582348,2026-01-14,in_dlv_2025_fallback,FR,59930,59930,0.0,0.0,324.1017,9.7235,0.0,t_zero
2582348,2026-01-14,in_dlv_2025_fallback,FR,59930,59930,0.0,0.0,427.089,12.8159,0.0,t_zero
2582348,2026-01-14,in_dlv_2025_fallback,GR,570 08,57008,114.0,0.0,111.14,3.33,0.0,no_dlv
2582348,2026-01-14,in_dlv_2025_fallback,GR,153 51,15351,5.7,0.0,80.2,2.41,0.0,no_dlv
2582348,2026-01-14,in_dlv_2025_fallback,FR,59930,59930,0.0,0.0,49.791,1.4941,0.0,t_zero
2582348,2026-01-14,in_dlv_2025_fallback,PT,3450-232,3450232,0.0,0.0,33.3115,0.9996,0.0,t_zero
2582348,2026-01-15,in_dlv_2025_fallback,ES,33211,33211,0.0,0.0,24.6167,0.7387,0.0,t_zero
2582348,2026-01-15,in_dlv_2025_fallback,AT,5300,5300,0.0,0.0,55.58,1.67,0.0,t_zero
2582348,2026-01-15,in_dlv_2025_fallback,AT,5300,5300,0.0,0.0,13.7105,0.4113,0.0,t_zero
2582348,2026-01-15,in_dlv_2025_fallback,AT,5300,5300,0.0,0.0,98.3046,2.9487,0.0,t_zero
2582348,2026-01-15,in_dlv_2025_fallback,AT,5300,5300,0.0,0.0,39.7606,1.1926,0.0,t_zero
2582348,2026-01-15,in_dlv_2025_fallback,AT,5300,5300,0.0,0.0,86.0109,2.5799,0.0,t_zero
2582348,2026-01-15,in_dlv_2025_fallback,ES,33211,33211,0.0,0.0,157.3333,4.7213,0.0,t_zero
2582348,2026-01-15,in_dlv_2025_fallback,AT,5300,5300,0.0,0.0,34.2534,1.0275,0.0,t_zero
2582348,2026-01-15,in_dlv_2025_fallback,AT,5300,5300,0.0,0.0,2.6113,0.0784,0.0,t_zero
2582348,2026-01-16,in_dlv_2025_fallback,GR,611 00,61100,3.2,0.0,104.32,3.13,0.0,no_dlv
2586869,2026-01-16,in_dlv_2025_fallback,IT,20871,20871,0.0,0.0,18.9327,0.5679,0.0,t_zero
2586869,2026-01-16,in_dlv_2025_fallback,IT,20871,20871,0.0,0.0,67.6568,2.0293,0.0,t_zero
2586869,2026-01-16,in_dlv_2025_fallback,AT,4020,4020,0.0,0.0,8.2646,0.2469,0.0,t_zero
2586869,2026-01-16,in_dlv_2025_fallback,AT,4020,4020,0.0,0.0,23.8754,0.7131,0.0,t_zero
2586869,2026-01-16,in_dlv_2025_fallback,FR,59930,59930,0.0,0.0,147.18,4.42,0.0,t_zero
2586869,2026-01-16,in_dlv_2025_fallback,AT,5300,5300,0.0,0.0,41.9946,1.2593,0.0,t_zero
2586869,2026-01-16,in_dlv_2025_fallback,AT,5300,5300,0.0,0.0,18.8582,0.5655,0.0,t_zero
2582348,2026-01-16,in_dlv_2025_fallback,IT,00178,00178,0.0,0.0,50.32,1.51,0.0,t_zero
2586869,2026-01-16,in_dlv_2025_fallback,IT,20871,20871,0.0,0.0,208.1467,6.2433,0.0,t_zero
2586869,2026-01-16,in_dlv_2025_fallback,AT,4075,4075,0.0,0.0,249.2564,7.4759,0.0,t_zero
2586869,2026-01-16,in_dlv_2025_fallback,GR,611 00,61100,0.0,0.0,95.9749,2.8781,0.0,no_dlv_t_zero
2586869,2026-01-16,in_dlv_2025_fallback,ES,15910,15910,0.0,0.0,50.397,1.5125,0.0,t_zero
2586869,2026-01-16,in_dlv_2025_fallback,AT,4020,4020,0.0,0.0,0.0999,0.003,0.0,t_zero
2586869,2026-01-16,in_dlv_2025_fallback,AT,4075,4075,0.0,0.0,12.0453,0.3613,0.0,t_zero
2586869,2026-01-16,in_dlv_2025_fallback,IT,00178,00178,0.0,0.0,36.3277,1.0906,0.0,t_zero
2586869,2026-01-16,in_dlv_2025_fallback,AT,4020,4020,0.0,0.0,36.9809,1.1104,0.0,t_zero
2586869,2026-01-16,in_dlv_2025_fallback,AT,4020,4020,0.0,0.0,65.1593,1.9566,0.0,t_zero
2586869,2026-01-16,in_dlv_2025_fallback,AT,4075,4075,0.0,0.0,120.4583,3.6129,0.0,t_zero
2582348,2026-01-16,in_dlv_2025_fallback,FR,59930,59930,0.0,0.0,85.22,2.56,0.0,t_zero
2586869,2026-01-16,in_dlv_2025_fallback,GR,611 00,61100,0.0,0.0,86.0951,2.5819,0.0,no_dlv_t_zero
2586869,2026-01-16,in_dlv_2025_fallback,ES,15910,15910,0.0,0.0,86.883,2.6075,0.0,t_zero
2586869,2026-01-16,in_dlv_2025_fallback,IT,20871,20871,0.0,0.0,17.6538,0.5295,0.0,t_zero
2586869,2026-01-16,in_dlv_2025_fallback,IT,00178,00178,0.0,0.0,56.2723,1.6894,0.0,t_zero
2586869,2026-01-16,in_dlv_2025_fallback,AT,5300,5300,0.0,0.0,22.5172,0.6752,0.0,t_zero
2586869,2026-01-20,in_dlv_2025_fallback,IT,20871,20871,0.0,0.0,277.68,8.33,0.0,t_zero
2586869,2026-01-20,in_dlv_2025_fallback,AT,9131,9131,0.0,0.0,42.1046,1.2654,0.0,t_zero
2586869,2026-01-20,in_dlv_2025_fallback,FR,40000,40000,0.0,0.0,46.7039,1.4014,0.0,t_zero
2586869,2026-01-20,in_dlv_2025_fallback,PT,2680-359,2680359,0.0,0.0,82.46,2.47,0.0,t_zero
2582348,2026-01-20,in_dlv_2025_fallback,ES,36400,36400,0.0,0.0,59.6786,1.791,0.0,t_zero
2586869,2026-01-20,in_dlv_2025_fallback,ES,15910,15910,0.0,0.0,74.687,2.2415,0.0,t_zero
2586869,2026-01-20,in_dlv_2025_fallback,ES,15910,15910,0.0,0.0,62.593,1.8785,0.0,t_zero
2582348,2026-01-20,in_dlv_2025_fallback,ES,36400,36400,0.0,0.0,60.5596,1.8175,0.0,t_zero
2586869,2026-01-20,in_dlv_2025_fallback,FR,40000,40000,0.0,0.0,41.4308,1.2432,0.0,t_zero
2586869,2026-01-20,in_dlv_2025_fallback,PT,2680-359,2680359,0.0,0.0,58.96,1.77,0.0,t_zero
2586869,2026-01-20,in_dlv_2025_fallback,AT,5300,5300,0.0,0.0,15.5725,0.4664,0.0,t_zero
2586869,2026-01-20,in_dlv_2025_fallback,FR,40000,40000,0.0,0.0,242.4653,7.2754,0.0,t_zero
2586869,2026-01-20,in_dlv_2025_fallback,ES,18220,18220,0.0,0.0,137.28,4.12,0.0,t_zero
2586869,2026-01-20,in_dlv_2025_fallback,ES,18220,18220,0.0,0.0,72.64,2.18,0.0,t_zero
2586869,2026-01-20,in_dlv_2025_fallback,AT,9131,9131,0.0,0.0,43.0754,1.2946,0.0,t_zero
2586869,2026-01-20,in_dlv_2025_fallback,AT,5300,5300,0.0,0.0,15.4775,0.4636,0.0,t_zero
2582348,2026-01-20,in_dlv_2025_fallback,ES,36400,36400,0.0,0.0,71.1487,2.1353,0.0,t_zero
2582348,2026-01-20,in_dlv_2025_fallback,ES,36400,36400,0.0,0.0,74.2117,2.2272,0.0,t_zero
2586869,2026-01-20,in_dlv_2025_fallback,GR,611 00,61100,400.15,0.0,269.55,8.09,0.0,no_dlv
2586869,2026-01-20,in_dlv_2025_fallback,IT,20871,20871,0.0,0.0,44.96,1.35,0.0,t_zero
2586869,2026-01-21,in_dlv_2025_fallback,FR,14320,14320,0.0,0.0,253.0461,7.5904,0.0,t_zero
2586869,2026-01-21,in_dlv_2025_fallback,FR,14320,14320,0.0,0.0,48.9939,1.4696,0.0,t_zero
2586869,2026-01-22,in_dlv_2025_fallback,ES,08830,08830,0.0,0.0,264.6442,7.9398,0.0,t_zero
2586869,2026-01-22,in_dlv_2025_fallback,ES,08830,08830,0.0,0.0,21.7798,0.6534,0.0,t_zero
2586869,2026-01-22,in_dlv_2025_fallback,AT,5322,5322,0.0,0.0,18.3822,0.5516,0.0,t_zero
2586869,2026-01-22,in_dlv_2025_fallback,AT,4020,4020,0.0,0.0,2.1932,0.0655,0.0,t_zero
2586869,2026-01-22,in_dlv_2025_fallback,IT,20871,20871,0.0,0.0,16.0912,0.4821,0.0,t_zero
2586869,2026-01-22,in_dlv_2025_fallback,PT,3450-232,3450232,0.0,0.0,58.96,1.77,0.0,t_zero
2586869,2026-01-22,in_dlv_2025_fallback,PT,3450-232,3450232,0.0,0.0,58.96,1.77,0.0,t_zero
2586869,2026-01-22,in_dlv_2025_fallback,ES,08830,08830,0.0,0.0,34.5557,1.0367,0.0,t_zero
2586869,2026-01-22,in_dlv_2025_fallback,ES,08830,08830,0.0,0.0,51.6478,1.5528,0.0,t_zero
2586869,2026-01-22,in_dlv_2025_fallback,AT,4020,4020,0.0,0.0,27.315,0.8159,0.0,t_zero
2586869,2026-01-22,in_dlv_2025_fallback,IT,20871,20871,0.0,0.0,17.5309,0.5252,0.0,t_zero
2586869,2026-01-22,in_dlv_2025_fallback,AT,5322,5322,0.0,0.0,192.5778,5.7784,0.0,t_zero
2586869,2026-01-23,in_dlv_2025_fallback,AT,5300,5300,0.0,0.0,5.5871,0.1677,0.0,t_zero
2586869,2026-01-23,in_dlv_2025_fallback,ES,36400,36400,0.0,0.0,128.4318,3.8545,0.0,t_zero
2586869,2026-01-23,in_dlv_2025_fallback,IT,47843,47843,0.0,0.0,53.87,1.62,0.0,t_zero
2586869,2026-01-23,in_dlv_2025_fallback,AT,5300,5300,0.0,0.0,57.9051,1.7381,0.0,t_zero
2586869,2026-01-23,in_dlv_2025_fallback,AT,5300,5300,0.0,0.0,4.3045,0.1292,0.0,t_zero
2586869,2026-01-23,in_dlv_2025_fallback,IT,20871,20871,0.0,0.0,129.5386,3.8855,0.0,t_zero
2586869,2026-01-23,in_dlv_2025_fallback,ES,08830,08830,0.0,0.0,12.5713,0.3772,0.0,t_zero
2586869,2026-01-23,in_dlv_2025_fallback,GR,611 00,61100,223.0,0.0,182.07,5.46,0.0,no_dlv
2586869,2026-01-23,in_dlv_2025_fallback,IT,20871,20871,0.0,0.0,19.8214,0.5945,0.0,t_zero
2586869,2026-01-23,in_dlv_2025_fallback,GR,570 22,57022,62.9,0.0,80.2,2.41,0.0,no_dlv
2586869,2026-01-23,in_dlv_2025_fallback,ES,15910,15910,0.0,0.0,72.64,2.18,0.0,t_zero
2586869,2026-01-23,in_dlv_2025_fallback,IT,20871,20871,0.0,0.0,35.0055,1.0488,0.0,t_zero
2586869,2026-01-23,in_dlv_2025_fallback,FR,01700,01700,0.0,0.0,56.7481,1.7055,0.0,t_zero
2586869,2026-01-23,in_dlv_2025_fallback,GR,564 29,56429,115.62,0.0,105.34,3.16,0.0,no_dlv
2586869,2026-01-23,in_dlv_2025_fallback,IT,20871,20871,0.0,0.0,9.0256,0.2704,0.0,t_zero
2586869,2026-01-23,in_dlv_2025_fallback,AT,5300,5300,0.0,0.0,29.4832,0.885,0.0,t_zero
2586869,2026-01-23,in_dlv_2025_fallback,ES,08830,08830,0.0,0.0,38.095,1.143,0.0,t_zero
2586869,2026-01-23,in_dlv_2025_fallback,ES,15910,15910,0.0,0.0,72.64,2.18,0.0,t_zero
2586869,2026-01-23,in_dlv_2025_fallback,IT,20871,20871,0.0,0.0,38.8367,1.1635,0.0,t_zero
2586869,2026-01-23,in_dlv_2025_fallback,IT,47843,47843,0.0,0.0,53.87,1.62,0.0,t_zero
2586869,2026-01-23,in_dlv_2025_fallback,ES,36400,36400,0.0,0.0,8.8482,0.2656,0.0,t_zero
2586869,2026-01-23,in_dlv_2025_fallback,FR,01700,01700,0.0,0.0,35.4219,1.0645,0.0,t_zero
2586869,2026-01-23,in_dlv_2025_fallback,GR,564 29,56429,194.0,0.0,105.34,3.16,0.0,no_dlv
2586869,2026-01-26,in_dlv_2025_fallback,ES,08830,08830,0.0,0.0,137.5994,4.1284,0.0,t_zero
2586869,2026-01-26,in_dlv_2025_fallback,AT,8063,8063,0.0,0.0,19.305,0.58,0.0,t_zero
2586869,2026-01-26,in_dlv_2025_fallback,ES,08830,08830,0.0,0.0,6.9713,0.2092,0.0,t_zero
2586869,2026-01-26,in_dlv_2025_fallback,ES,08830,08830,0.0,0.0,7.6474,0.2299,0.0,t_zero
2586869,2026-01-26,in_dlv_2025_fallback,AT,4020,4020,0.0,0.0,12.452,0.3719,0.0,t_zero
2586869,2026-01-26,in_dlv_2025_fallback,AT,8063,8063,0.0,0.0,19.305,0.58,0.0,t_zero
2586869,2026-01-26,in_dlv_2025_fallback,GR,564 29,56429,503.0,0.0,271.32,8.14,0.0,no_dlv
2586869,2026-01-26,in_dlv_2025_fallback,AT,4020,4020,0.0,0.0,17.3372,0.5179,0.0,t_zero
2586869,2026-01-26,in_dlv_2025_fallback,AT,4020,4020,0.0,0.0,2.3508,0.0702,0.0,t_zero
2586869,2026-01-28,in_dlv_2025_fallback,GR,121 31,12131,113.0,0.0,105.34,3.16,0.0,no_dlv
2586869,2026-01-28,in_dlv_2025_fallback,GR,570 22,57022,172.0,0.0,111.14,3.33,0.0,no_dlv
4251024047,2026-01-28,in_dlv_2025_fallback,IE,D22,D22,0.0,0.0,96.7486,2.9042,0.0,t_zero
4251024047,2026-01-28,in_dlv_2025_fallback,IE,D22,D22,0.0,0.0,174.4214,5.2358,0.0,t_zero
2586869,2026-01-28,in_dlv_2025_fallback,GR,210 53,21053,111.0,0.0,151.2,4.54,0.0,no_dlv
2586869,2026-01-28,in_dlv_2025_fallback,ES,08830,08830,0.0,0.0,164.3776,4.9318,0.0,t_zero
2586869,2026-01-28,in_dlv_2025_fallback,ES,08830,08830,0.0,0.0,35.6024,1.0682,0.0,t_zero
2586869,2026-01-29,in_dlv_2025_fallback,AT,4020,4020,0.0,0.0,32.14,0.96,0.0,t_zero
2586869,2026-01-29,in_dlv_2025_fallback,AT,4020,4020,0.0,0.0,5.9403,0.1774,0.0,t_zero
2586869,2026-01-29,in_dlv_2025_fallback,AT,4020,4020,0.0,0.0,52.3656,1.5693,0.0,t_zero
2586869,2026-01-29,in_dlv_2025_fallback,AT,9020,9020,0.0,0.0,57.7,1.73,0.0,t_zero
2586869,2026-01-29,in_dlv_2025_fallback,AT,5300,5300,0.0,0.0,11.3835,0.342,0.0,t_zero
2586869,2026-01-29,in_dlv_2025_fallback,FR,36500,36500,0.0,0.0,80.0523,2.4003,0.0,t_zero
2586869,2026-01-29,in_dlv_2025_fallback,IT,16151,16151,0.0,0.0,28.7086,0.8617,0.0,t_zero
2586869,2026-01-29,in_dlv_2025_fallback,IT,20871,20871,0.0,0.0,18.7732,0.5632,0.0,t_zero
2586869,2026-01-29,in_dlv_2025_fallback,ES,17600,17600,0.0,0.0,51.2314,1.5385,0.0,t_zero
2586869,2026-01-29,in_dlv_2025_fallback,FR,72700,72700,0.0,0.0,48.8358,1.467,0.0,t_zero
2586869,2026-01-29,in_dlv_2025_fallback,AT,5300,5300,0.0,0.0,5.495,0.1651,0.0,t_zero
2586869,2026-01-29,in_dlv_2025_fallback,FR,76100,76100,0.0,0.0,35.8304,1.0744,0.0,t_zero
2586869,2026-01-29,in_dlv_2025_fallback,CY,2033,2033,1212.6,0.0,1258.8453,37.7668,0.0,no_dlv
2586869,2026-01-29,in_dlv_2025_fallback,CY,2033,2033,518.0,0.0,537.7547,16.1332,0.0,no_dlv
2586869,2026-01-29,in_dlv_2025_fallback,GR,153 51,15351,214.0,0.0,158.01,4.74,0.0,no_dlv
2586869,2026-01-29,in_dlv_2025_fallback,AT,4020,4020,0.0,0.0,23.3905,0.6987,0.0,t_zero
2586869,2026-01-29,in_dlv_2025_fallback,AT,4020,4020,0.0,0.0,15.5446,0.4663,0.0,t_zero
2586869,2026-01-29,in_dlv_2025_fallback,AT,9020,9020,0.0,0.0,57.7,1.73,0.0,t_zero
2586869,2026-01-29,in_dlv_2025_fallback,FR,14320,14320,0.0,0.0,98.3731,2.9543,0.0,t_zero
2586869,2026-01-29,in_dlv_2025_fallback,GR,121 31,12131,934.6,0.0,441.3,13.24,0.0,no_dlv
2586869,2026-01-29,in_dlv_2025_fallback,IT,16151,16151,0.0,0.0,59.2514,1.7783,0.0,t_zero
2586869,2026-01-29,in_dlv_2025_fallback,AT,4020,4020,0.0,0.0,0.3707,0.0111,0.0,t_zero
2586869,2026-01-29,in_dlv_2025_fallback,AT,5300,5300,0.0,0.0,25.8072,0.7754,0.0,t_zero
2586869,2026-01-29,in_dlv_2025_fallback,ES,17600,17600,0.0,0.0,108.2786,3.2515,0.0,t_zero
2586869,2026-01-29,in_dlv_2025_fallback,FR,14320,14320,0.0,0.0,48.8069,1.4657,0.0,t_zero
2586869,2026-01-29,in_dlv_2025_fallback,FR,76100,76100,0.0,0.0,39.8696,1.1956,0.0,t_zero
2586869,2026-01-29,in_dlv_2025_fallback,FR,36500,36500,0.0,0.0,190.4277,5.7097,0.0,t_zero
2586869,2026-01-29,in_dlv_2025_fallback,IT,20871,20871,0.0,0.0,29.5016,0.8851,0.0,t_zero
2586869,2026-01-29,in_dlv_2025_fallback,AT,5300,5300,0.0,0.0,12.8942,0.3874,0.0,t_zero
2586869,2026-01-29,in_dlv_2025_fallback,AT,5300,5300,0.0,0.0,2.0749,0.0621,0.0,t_zero
2586869,2026-01-29,in_dlv_2025_fallback,AT,4020,4020,0.0,0.0,19.9292,0.5978,0.0,t_zero
2586869,2026-01-29,in_dlv_2025_fallback,AT,4020,4020,0.0,0.0,2.4386,0.0728,0.0,t_zero
2586869,2026-01-29,in_dlv_2025_fallback,AT,4020,4020,0.0,0.0,34.7244,1.0407,0.0,t_zero
2586869,2026-01-29,in_dlv_2025_fallback,FR,72700,72700,0.0,0.0,36.3842,1.093,0.0,t_zero
2586869,2026-01-29,in_dlv_2025_fallback,GR,410 00,41000,45.33,0.0,110.01,3.3,0.0,no_dlv
2586869,2026-01-30,in_dlv_2025_fallback,FR,40000,40000,0.0,0.0,654.7656,19.6473,0.0,t_zero
2586869,2026-01-30,in_dlv_2025_fallback,GR,611 00,61100,68.11,0.0,104.32,3.13,0.0,no_dlv
2586869,2026-01-30,in_dlv_2025_fallback,IT,16151,16151,0.0,0.0,55.7795,1.6741,0.0,t_zero
4251021886,2026-01-30,in_dlv_2025_fallback,CH,6260,6260,0.0,0.0,4.8498,0.1455,0.0,t_zero
2586869,2026-01-30,in_dlv_2025_fallback,AT,4075,4075,0.0,0.0,27.7152,0.8315,0.0,t_zero
2586869,2026-01-30,in_dlv_2025_fallback,AT,4075,4075,0.0,0.0,243.7477,7.3128,0.0,t_zero
2586869,2026-01-30,in_dlv_2025_fallback,FR,72700,72700,0.0,0.0,258.4121,7.7513,0.0,t_zero
2586869,2026-01-30,in_dlv_2025_fallback,ES,15910,15910,0.0,0.0,205.92,6.18,0.0,t_zero
2586869,2026-01-30,in_dlv_2025_fallback,ES,15910,15910,0.0,0.0,553.23,16.6,0.0,t_zero
2586869,2026-01-30,in_dlv_2025_fallback,FR,72700,72700,0.0,0.0,43.6279,1.3087,0.0,t_zero
2586869,2026-01-30,in_dlv_2025_fallback,ES,08830,08830,0.0,0.0,26.0838,0.7824,0.0,t_zero
2586869,2026-01-30,in_dlv_2025_fallback,GR,570 22,57022,67.0,0.0,80.2,2.41,0.0,no_dlv
2586869,2026-01-30,in_dlv_2025_fallback,IT,16151,16151,0.0,0.0,76.1605,2.2859,0.0,t_zero
2586869,2026-01-30,in_dlv_2025_fallback,AT,4075,4075,0.0,0.0,14.8571,0.4457,0.0,t_zero
2586869,2026-01-30,in_dlv_2025_fallback,ES,08830,08830,0.0,0.0,44.2818,1.3283,0.0,t_zero
2586869,2026-01-30,in_dlv_2025_fallback,FR,40000,40000,0.0,0.0,27.0844,0.8127,0.0,t_zero
2586869,2026-01-30,in_dlv_2025_fallback,ES,36400,36400,0.0,0.0,91.0802,2.7321,0.0,t_zero
2586869,2026-01-30,in_dlv_2025_fallback,GR,564 29,56429,0.0,0.0,219.784,6.5928,0.0,no_dlv_t_zero
2586869,2026-01-30,in_dlv_2025_fallback,ES,36400,36400,0.0,0.0,137.28,4.12,0.0,t_zero
2586869,2026-01-30,in_dlv_2025_fallback,ES,08830,08830,0.0,0.0,33.9692,1.019,0.0,t_zero
2586869,2026-01-30,in_dlv_2025_fallback,ES,08830,08830,0.0,0.0,96.4489,2.8931,0.0,t_zero
2586869,2026-01-30,in_dlv_2025_fallback,GR,564 29,56429,276.96,0.0,133.256,3.9972,0.0,no_dlv
2586869,2026-01-30,in_dlv_2025_fallback,GR,564 29,56429,0.0,0.0,653.48,19.6,0.0,no_dlv_t_zero
2586869,2026-01-30,in_dlv_2025_fallback,GR,410 00,41000,394.0,0.0,234.08,7.02,0.0,no_dlv
4251021886,2026-01-30,in_dlv_2025_fallback,CH,6260,6260,0.0,0.0,11.1978,0.3359,0.0,t_zero
2586869,2026-02-02,in_dlv_2025_fallback,ES,08830,08830,0.0,0.0,53.63,1.61,0.0,t_zero
2586869,2026-02-02,in_dlv_2025_fallback,ES,08830,08830,0.0,0.0,142.6718,4.2796,0.0,t_zero
2586869,2026-02-02,in_dlv_2025_fallback,ES,08830,08830,0.0,0.0,1.5016,0.045,0.0,t_zero
2586869,2026-02-02,in_dlv_2025_fallback,ES,08830,08830,0.0,0.0,136.545,4.0959,0.0,t_zero
2586869,2026-02-03,in_dlv_2025_fallback,AT,2230,2230,0.0,0.0,101.64,3.05,0.0,t_zero
2586869,2026-02-03,in_dlv_2025_fallback,AT,2230,2230,0.0,0.0,30.33,0.91,0.0,t_zero
2586869,2026-02-03,in_dlv_2025_fallback,FR,40000,40000,0.0,0.0,284.8836,8.5482,0.0,t_zero
2586869,2026-02-03,in_dlv_2025_fallback,FR,40000,40000,0.0,0.0,45.7164,1.3718,0.0,t_zero
4251023240,2026-02-03,in_dlv_2025_fallback,DE,71229,71229,78.0,0.0,101.67,2.03,0.72,no_dlv
2586869,2026-02-03,in_dlv_2025_fallback,AT,2351,2351,0.0,0.0,37.8337,1.1364,0.0,t_zero
4251023240,2026-02-18,in_dlv_2025_fallback,DE,71229,71229,741.0,0.0,813.36,16.27,5.76,no_dlv
4251023240,2026-02-24,in_dlv_2025_fallback,DE,71229,71229,8.0,0.0,111.06,2.22,0.72,no_dlv
4251026214,2026-02-27,in_dlv_2025_fallback,DE,71229,71229,140.0,0.0,186.1,0.0,0.0,no_dlv
4251026214,2026-03-10,in_dlv_2025_fallback,DE,71229,71229,590.0,0.0,675.78,27.03,4.32,no_dlv
