Rechnungsnummer,datum,phase,land,Empfänger PLZ,plz_norm,plz_ok,Tonnage (eff.),Erlöse Fracht,Erlöse Diesel,Erlöse Maut,is_s8,status
923714,2025-09-30,pre_dlv_2026,ES,46890,46890,True,16344.25,1756.44,0.0,63.96,False,no_calculator
923752,2025-10-01,pre_dlv_2026,BE,3920,3920,True,416.25,84.65,8.65,2.9,False,no_calculator
923724,2025-10-01,pre_dlv_2026,AT,5400,5400,True,250.56,56.2,0.0,1.68,False,no_calculator
923752,2025-10-01,pre_dlv_2026,BE,8790,8790,True,1064.0,146.96,15.16,6.38,False,no_calculator
923752,2025-10-01,pre_dlv_2026,BE,8560,8560,True,1020.24,146.96,15.16,6.38,False,no_calculator
4251000065,2025-10-02,pre_dlv_2026,GR,564 30,56430,True,3192.0,739.0629,19.2491,17.9675,False,no_calculator
4251000065,2025-10-02,pre_dlv_2026,GR,570 01,57001,True,13780.18,2769.0229,83.1001,77.5674,False,no_calculator
923740,2025-10-02,pre_dlv_2026,ES,46890,46890,True,20002.53,2029.491,0.0,78.3665,False,no_calculator
4251000066,2025-10-02,pre_dlv_2026,GR,320 11,32011,True,767.48,239.04,5.59,4.48,False,no_calculator
4251000065,2025-10-02,pre_dlv_2026,GR,461 00,46100,True,31.41,83.3739,0.1894,0.1768,False,no_calculator
4251000065,2025-10-02,pre_dlv_2026,GR,570 22,57022,True,661.8,163.2642,3.991,3.7252,False,no_calculator
923752,2025-10-02,pre_dlv_2026,BE,9200,9200,True,4155.3,381.36,37.69,24.36,False,no_calculator
923753,2025-10-02,pre_dlv_2026,IT,75015,75015,True,6832.65,1245.45,0.0,38.64,False,beurteilbar_pre
923714,2025-10-02,pre_dlv_2026,ES,18130,18130,True,1027.0,379.06,0.0,0.0,False,no_calculator
923740,2025-10-02,pre_dlv_2026,ES,46890,46890,True,6.0,0.609,0.0,0.0235,False,no_calculator
923753,2025-10-02,pre_dlv_2026,IT,13866,13866,True,3038.1,448.88,0.0,17.36,False,beurteilbar_pre
923753,2025-10-02,pre_dlv_2026,IT,20098,20098,True,9077.4,631.54,0.0,50.96,False,beurteilbar_pre
4251000065,2025-10-02,pre_dlv_2026,GR,570 01,57001,True,43.2,8.6791,0.2605,0.2431,False,no_calculator
923753,2025-10-02,pre_dlv_2026,IT,13866,13866,True,3038.1,448.88,0.0,17.36,False,beurteilbar_pre
923753,2025-10-02,pre_dlv_2026,IT,25125,25125,True,6918.5,506.8,0.0,39.2,False,beurteilbar_pre
923753,2025-10-06,pre_dlv_2026,IT,59100,59100,True,3492.61,506.8,0.0,19.6,False,beurteilbar_pre
923753,2025-10-06,pre_dlv_2026,IT,22063,22063,True,2027.3,248.43,0.0,11.76,False,beurteilbar_pre
923753,2025-10-06,pre_dlv_2026,IT,41019,41019,True,2719.9,288.4,0.0,15.68,False,beurteilbar_pre
923753,2025-10-06,pre_dlv_2026,IT,22045,22045,True,1064.0,148.06,0.0,6.16,False,beurteilbar_pre
923753,2025-10-06,pre_dlv_2026,IT,28069,28069,True,438.0,155.04,0.0,2.8,False,beurteilbar_pre
923752,2025-10-07,pre_dlv_2026,BE,8790,8790,True,0.0,146.96,15.16,6.38,False,t_zero
923740,2025-10-07,pre_dlv_2026,ES,46890,46890,True,21672.28,2088.04,0.0,84.63,False,no_calculator
923752,2025-10-07,pre_dlv_2026,BE,8790,8790,True,0.0,146.96,14.52,6.38,False,t_zero
923740,2025-10-07,pre_dlv_2026,ES,46890,46890,True,9629.99,1276.52,0.0,37.83,False,no_calculator
923752,2025-10-07,pre_dlv_2026,BE,9031,9031,True,32.1,39.37,3.89,0.58,False,no_calculator
923752,2025-10-07,pre_dlv_2026,BE,1180,1180,True,10.8,39.37,3.89,0.58,False,no_calculator
923752,2025-10-07,pre_dlv_2026,BE,3600,3600,True,2527.2,270.4,28.21,15.08,False,no_calculator
923752,2025-10-07,pre_dlv_2026,BE,7700,7700,True,74.7,39.37,3.89,0.58,False,no_calculator
923753,2025-10-07,pre_dlv_2026,IT,64027,64027,True,1064.0,264.77,0.0,6.16,False,beurteilbar_pre
923740,2025-10-08,pre_dlv_2026,ES,46890,46890,True,3012.8,286.1701,0.0,11.7591,False,no_calculator
923752,2025-10-08,pre_dlv_2026,BE,7700,7700,True,523.5,94.26,9.31,3.48,False,no_calculator
923740,2025-10-08,pre_dlv_2026,ES,46890,46890,True,10640.0,1010.6364,0.0,41.5282,False,no_calculator
923740,2025-10-08,pre_dlv_2026,ES,46890,46890,True,8330.12,791.2335,0.0,32.5127,False,no_calculator
923753,2025-10-08,pre_dlv_2026,IT,48022,48022,True,7210.0,655.54,0.0,40.88,False,beurteilbar_pre
923752,2025-10-09,pre_dlv_2026,BE,9600,9600,True,0.0,411.04,40.62,32.48,False,t_zero
923752,2025-10-09,pre_dlv_2026,BE,7080,7080,True,1250.8,173.68,17.16,7.54,False,no_calculator
923752,2025-10-09,pre_dlv_2026,BE,9800,9800,True,0.0,200.4,19.81,8.7,False,t_zero
923752,2025-10-09,pre_dlv_2026,BE,9800,9800,True,0.0,228.8,22.62,12.76,False,t_zero
923752,2025-10-09,pre_dlv_2026,BE,9600,9600,True,0.0,146.96,14.52,6.38,False,t_zero
923752,2025-10-09,pre_dlv_2026,BE,7700,7700,True,223.0,50.79,5.02,1.74,False,no_calculator
923752,2025-10-09,pre_dlv_2026,BE,1500,1500,True,216.55,50.79,5.02,1.74,False,no_calculator
923753,2025-10-10,pre_dlv_2026,IT,20098,20098,True,8323.39,582.96,0.0,47.04,False,beurteilbar_pre
923753,2025-10-10,pre_dlv_2026,IT,59100,59100,True,1064.0,232.21,0.0,6.16,False,beurteilbar_pre
923752,2025-10-10,pre_dlv_2026,BE,8790,8790,True,2077.65,218.4,21.59,12.18,False,no_calculator
923752,2025-10-10,pre_dlv_2026,BE,3520,3520,True,1292.8,173.68,17.16,7.54,False,no_calculator
923779,2025-10-10,pre_dlv_2026,ES,46890,46890,True,21500.97,2088.04,0.0,84.24,False,no_calculator
4251000125,2025-10-10,pre_dlv_2026,GR,461 00,46100,True,2477.45,749.2254,16.666,13.9847,False,no_calculator
4251000124,2025-10-10,pre_dlv_2026,GR,320 11,32011,True,626.4,209.16,4.89,3.92,False,no_calculator
923752,2025-10-10,pre_dlv_2026,BE,6690,6690,True,6318.0,469.76,46.43,37.12,False,no_calculator
923752,2025-10-10,pre_dlv_2026,BE,9140,9140,True,3173.6,310.08,30.65,18.56,False,no_calculator
923752,2025-10-10,pre_dlv_2026,BE,3001,3001,True,6663.05,491.78,52.44,38.86,False,no_calculator
4251000125,2025-10-10,pre_dlv_2026,GR,573 00,57300,True,1292.4,332.0246,8.694,7.2953,False,no_calculator
923753,2025-10-13,pre_dlv_2026,IT,28062,28062,True,3197.0,385.28,0.0,17.92,False,beurteilbar_pre
923779,2025-10-13,pre_dlv_2026,ES,46890,46890,True,21814.53,2088.04,0.0,85.41,False,no_calculator
923789,2025-10-13,pre_dlv_2026,IT,59100,59100,True,8719.39,790.24,0.0,49.28,False,beurteilbar_pre
923753,2025-10-13,pre_dlv_2026,IT,13866,13866,True,3038.1,448.88,0.0,17.36,False,beurteilbar_pre
923753,2025-10-13,pre_dlv_2026,IT,28069,28069,True,438.0,155.04,0.0,2.8,False,beurteilbar_pre
923779,2025-10-14,pre_dlv_2026,ES,46890,46890,True,2410.33,448.75,0.0,9.75,False,no_calculator
923782,2025-10-14,pre_dlv_2026,AT,8402,8402,True,405.2,112.51,0.0,2.8,False,no_calculator
923789,2025-10-14,pre_dlv_2026,IT,59100,59100,True,11171.09,936.32,0.0,62.72,False,beurteilbar_pre
923779,2025-10-14,pre_dlv_2026,ES,08310,08310,True,3192.0,323.2,0.0,12.48,False,no_calculator
923779,2025-10-14,pre_dlv_2026,ES,46890,46890,True,21516.89,2088.04,0.0,84.24,False,no_calculator
923790,2025-10-15,pre_dlv_2026,BE,9600,9600,True,1263.6,173.68,17.31,7.54,False,no_calculator
923789,2025-10-15,pre_dlv_2026,IT,28010,28010,True,2128.0,298.54,0.0,12.32,False,beurteilbar_pre
923790,2025-10-15,pre_dlv_2026,BE,1500,1500,True,3.7,39.37,3.84,0.58,False,no_calculator
923790,2025-10-15,pre_dlv_2026,BE,8560,8560,True,1064.0,146.96,14.64,6.38,False,no_calculator
923790,2025-10-15,pre_dlv_2026,BE,8790,8790,True,2128.0,228.8,22.3,12.76,False,no_calculator
923790,2025-10-15,pre_dlv_2026,BE,8790,8790,True,0.0,146.96,14.32,6.38,False,t_zero
923790,2025-10-15,pre_dlv_2026,BE,8560,8560,True,2499.7,260.0,25.89,14.5,False,no_calculator
923790,2025-10-15,pre_dlv_2026,BE,9600,9600,True,1064.0,146.96,14.32,6.38,False,no_calculator
923790,2025-10-15,pre_dlv_2026,BE,8520,8520,True,447.55,84.65,8.43,2.9,False,no_calculator
4251004133,2025-10-15,pre_dlv_2026,DE,72144,72144,True,360.0,224.0,0.0,0.0,False,no_dlv_land
923790,2025-10-15,pre_dlv_2026,BE,3520,3520,True,53.5,39.37,3.92,0.58,False,no_calculator
923790,2025-10-15,pre_dlv_2026,BE,9800,9800,True,1163.8,160.32,15.97,6.96,False,no_calculator
923790,2025-10-15,pre_dlv_2026,BE,8520,8520,True,546.5,94.26,9.39,3.48,False,no_calculator
923790,2025-10-15,pre_dlv_2026,BE,8790,8790,True,0.0,84.65,8.24,2.9,False,t_zero
923790,2025-10-15,pre_dlv_2026,BE,7700,7700,True,259.56,50.79,5.07,1.74,False,no_calculator
923789,2025-10-15,pre_dlv_2026,IT,20098,20098,True,2917.3,309.0,0.0,16.8,False,beurteilbar_pre
923790,2025-10-15,pre_dlv_2026,BE,8550,8550,True,1064.0,167.91,0.0,0.0,False,no_calculator
923782,2025-10-16,pre_dlv_2026,AT,9020,9020,True,304.51,680.0,0.0,0.0,False,no_calculator
4251000483,2025-10-16,pre_dlv_2026,GR,320 11,32011,True,44.0,73.2354,0.4371,0.3264,False,no_calculator
4251000484,2025-10-16,pre_dlv_2026,GR,570 13,57013,True,1127.52,296.3129,9.7533,6.338,False,no_calculator
923790,2025-10-16,pre_dlv_2026,BE,9600,9600,True,1064.0,146.96,14.32,6.38,False,no_calculator
4251000484,2025-10-16,pre_dlv_2026,GR,570 01,57001,True,1163.8,303.4071,7.4867,6.542,False,no_calculator
4251000483,2025-10-16,pre_dlv_2026,GR,194 00,19400,True,107.0,71.1946,1.0629,0.7936,False,no_calculator
4251001352,2025-10-17,pre_dlv_2026,DE,72144,72144,True,647.0,163.52,0.0,2.73,False,no_dlv_land
923779,2025-10-17,pre_dlv_2026,ES,46890,46890,True,17064.17,1831.41,0.0,66.69,False,no_calculator
923789,2025-10-17,pre_dlv_2026,IT,20098,20098,True,3635.32,347.06,0.0,20.72,False,beurteilbar_pre
923789,2025-10-17,pre_dlv_2026,IT,59100,59100,True,4355.8,561.0,0.0,24.64,False,beurteilbar_pre
923790,2025-10-20,pre_dlv_2026,BE,8793,8793,True,1114.05,160.32,15.62,6.96,False,no_calculator
923799,2025-10-20,pre_dlv_2026,AT,4860,4860,True,646.4,118.12,0.0,3.92,False,no_calculator
923789,2025-10-20,pre_dlv_2026,IT,20020,20020,True,2.0,30.19,0.0,0.56,False,beurteilbar_pre
923818,2025-10-20,pre_dlv_2026,BE,8790,8790,True,259.56,51.27,4.72,1.74,False,no_calculator
923796,2025-10-21,pre_dlv_2026,ES,46890,46890,True,21988.45,2088.04,0.0,85.8,False,no_calculator
923779,2025-10-21,pre_dlv_2026,ES,08310,08310,True,3192.0,329.9817,0.0,12.7419,False,no_calculator
923817,2025-10-21,pre_dlv_2026,IT,20098,20098,True,3728.64,356.44,0.0,21.28,False,beurteilbar_pre
923796,2025-10-21,pre_dlv_2026,ES,46220,46220,True,5320.0,710.64,0.0,21.06,False,no_calculator
923796,2025-10-21,pre_dlv_2026,ES,46890,46890,True,5320.0,710.64,0.0,21.06,False,no_calculator
923817,2025-10-21,pre_dlv_2026,IT,59100,59100,True,15498.75,1027.65,0.0,86.8,False,beurteilbar_pre
923779,2025-10-21,pre_dlv_2026,ES,08310,08310,True,32.1,3.3183,0.0,0.1281,False,no_calculator
923818,2025-10-21,pre_dlv_2026,BE,8793,8793,True,4456.2,412.44,37.96,26.1,False,no_calculator
923779,2025-10-22,pre_dlv_2026,ES,17452,17452,True,1064.0,159.28,0.0,4.29,False,no_calculator
923817,2025-10-22,pre_dlv_2026,IT,22069,22069,True,4404.3,390.15,0.0,25.2,False,beurteilbar_pre
923799,2025-10-22,pre_dlv_2026,AT,4860,4860,True,5672.8,562.33,0.0,31.92,False,no_calculator
923818,2025-10-23,pre_dlv_2026,BE,7700,7700,True,3491.4,342.34,31.51,20.3,False,no_calculator
923818,2025-10-23,pre_dlv_2026,BE,7700,7700,True,2128.0,230.95,21.26,12.76,False,no_calculator
923818,2025-10-23,pre_dlv_2026,BE,3600,3600,True,2527.2,314.94,0.0,0.0,False,no_calculator
923818,2025-10-23,pre_dlv_2026,BE,9200,9200,True,3192.0,313.0,28.81,18.56,False,no_calculator
923799,2025-10-23,pre_dlv_2026,AT,6832,6832,True,262.16,50.69,0.0,1.68,False,no_calculator
923818,2025-10-23,pre_dlv_2026,BE,8790,8790,True,622.7,101.6467,9.3586,3.7178,False,no_calculator
923818,2025-10-23,pre_dlv_2026,BE,4821,4821,True,1064.0,148.34,13.65,6.38,False,no_calculator
923818,2025-10-23,pre_dlv_2026,BE,8790,8790,True,154.46,25.2133,2.3214,0.9222,False,no_calculator
923799,2025-10-23,pre_dlv_2026,AT,5151,5151,True,3127.0,495.89,0.0,0.0,False,no_calculator
923818,2025-10-23,pre_dlv_2026,BE,7700,7700,True,384.84,68.36,6.29,2.32,False,no_calculator
923818,2025-10-24,pre_dlv_2026,BE,9140,9140,True,2826.9,304.44,28.02,16.82,False,no_calculator
4251000565,2025-10-24,pre_dlv_2026,GR,570 01,57001,True,771.76,206.3488,4.9612,4.4038,False,no_calculator
4251000566,2025-10-24,pre_dlv_2026,GR,194 00,19400,True,240.56,86.9205,1.5781,1.3787,False,no_calculator
4251000565,2025-10-24,pre_dlv_2026,GR,564 30,56430,True,3552.56,899.64,22.72,20.16,False,no_calculator
923818,2025-10-24,pre_dlv_2026,BE,8520,8520,True,1574.12,215.77,19.86,9.28,False,no_calculator
4251000565,2025-10-24,pre_dlv_2026,GR,570 22,57022,True,626.4,171.0005,4.0267,3.5743,False,no_calculator
923796,2025-10-24,pre_dlv_2026,ES,46890,46890,True,0.4,0.0397,0.0,0.0016,False,no_calculator
923817,2025-10-24,pre_dlv_2026,IT,13866,13866,True,2025.4,379.05,0.0,11.76,False,beurteilbar_pre
4251000565,2025-10-24,pre_dlv_2026,GR,573 00,57300,True,1938.6,505.2706,12.4621,11.0619,False,no_calculator
923817,2025-10-24,pre_dlv_2026,IT,20098,20098,True,8920.29,624.6,0.0,50.4,False,beurteilbar_pre
923796,2025-10-24,pre_dlv_2026,ES,46890,46890,True,7503.17,1000.16,0.0,29.64,False,no_calculator
4251000566,2025-10-24,pre_dlv_2026,GR,320 11,32011,True,1811.3,533.6395,11.882,10.3813,False,no_calculator
923817,2025-10-24,pre_dlv_2026,IT,24020,24020,True,2891.7,298.7,0.0,16.24,False,beurteilbar_pre
923818,2025-10-24,pre_dlv_2026,BE,1500,1500,True,128.3,34.18,3.15,1.16,False,no_calculator
923796,2025-10-24,pre_dlv_2026,ES,46890,46890,True,21245.24,2088.0003,0.0,83.0684,False,no_calculator
923818,2025-10-27,pre_dlv_2026,BE,8560,8560,True,1064.0,148.34,13.65,6.38,False,no_calculator
923818,2025-10-27,pre_dlv_2026,BE,8710,8710,True,5989.46,444.55,40.91,34.8,False,no_calculator
923796,2025-10-27,pre_dlv_2026,ES,03410,03410,True,0.0,57.1,0.0,0.0,False,t_zero
923796,2025-10-27,pre_dlv_2026,ES,03410,03410,True,0.0,57.1,0.0,0.0,False,t_zero
923818,2025-10-27,pre_dlv_2026,BE,8531,8531,True,3190.0,313.0,28.81,18.56,False,no_calculator
923817,2025-10-28,pre_dlv_2026,IT,75015,75015,True,3342.0,984.98,0.0,19.04,False,beurteilbar_pre
923818,2025-10-28,pre_dlv_2026,BE,8790,8790,True,1421.89,202.29,18.62,8.7,False,no_calculator
923818,2025-10-28,pre_dlv_2026,BE,8560,8560,True,1020.24,148.34,13.65,6.38,False,no_calculator
923807,2025-10-28,pre_dlv_2026,ES,08223,08223,True,36.93,35.19,0.0,0.39,False,no_calculator
923817,2025-10-28,pre_dlv_2026,IT,59100,59100,True,5258.0,578.23,0.0,29.68,False,beurteilbar_pre
923801,2025-10-28,pre_dlv_2026,AT,4020,4020,True,2128.0,354.25,0.0,12.32,False,no_calculator
923807,2025-10-28,pre_dlv_2026,ES,46890,46890,True,6196.54,815.92,0.0,24.18,False,no_calculator
923817,2025-10-28,pre_dlv_2026,IT,20098,20098,True,3363.0,329.46,0.0,19.04,False,beurteilbar_pre
923817,2025-10-29,pre_dlv_2026,IT,21055,21055,True,5517.9,428.4,0.0,31.36,False,beurteilbar_pre
923818,2025-10-30,pre_dlv_2026,BE,9140,9140,True,2128.0,230.95,21.26,12.76,False,no_calculator
923818,2025-10-30,pre_dlv_2026,BE,3520,3520,True,1292.8,175.31,16.13,7.54,False,no_calculator
4251004134,2025-10-31,pre_dlv_2026,GR,570 22,57022,True,1075.8,281.4456,6.9915,6.1089,False,no_calculator
923817,2025-10-31,pre_dlv_2026,IT,20020,20020,True,30.2,30.19,0.0,0.56,False,beurteilbar_pre
923847,2025-10-31,pre_dlv_2026,IT,20098,20098,True,7044.71,492.74,0.0,39.76,True,beurteilbar_pre
4251004134,2025-10-31,pre_dlv_2026,GR,570 22,57022,True,9.0,2.3544,0.0585,0.0511,False,no_calculator
923807,2025-10-31,pre_dlv_2026,ES,46890,46890,True,7013.22,934.36,0.0,27.69,False,no_calculator
923847,2025-10-31,pre_dlv_2026,IT,24050,24050,True,9576.0,675.84,0.0,53.76,False,beurteilbar_pre
4251015235,2025-10-31,pre_dlv_2026,DE,72144,72144,True,1300.0,570.0,0.0,0.0,False,no_dlv_land
4251004136,2025-10-31,pre_dlv_2026,GR,320 11,32011,True,1745.64,510.9309,11.4303,9.9895,False,no_calculator
4251004136,2025-10-31,pre_dlv_2026,GR,190 11,19011,True,21.07,43.1542,0.138,0.1206,False,no_calculator
4251004136,2025-10-31,pre_dlv_2026,GR,194 00,19400,True,777.62,210.315,5.0918,4.45,False,no_calculator
923807,2025-10-31,pre_dlv_2026,ES,46890,46890,True,21128.39,2088.04,0.0,82.68,False,no_calculator
923807,2025-10-31,pre_dlv_2026,ES,46669,46669,True,3040.95,499.72,0.0,12.09,False,no_calculator
923807,2025-10-31,pre_dlv_2026,ES,46220,46220,True,5320.0,710.64,0.0,21.06,False,no_calculator
923847,2025-11-03,pre_dlv_2026,IT,20882,20882,True,1520.36,197.44,0.0,8.96,False,beurteilbar_pre
923847,2025-11-03,pre_dlv_2026,IT,37059,37059,True,2096.08,248.43,0.0,11.76,False,beurteilbar_pre
923838,2025-11-04,pre_dlv_2026,ES,46890,46890,True,14896.0,1793.96,0.0,58.11,False,no_calculator
923807,2025-11-04,pre_dlv_2026,ES,08310,08310,True,3192.0,323.2,0.0,12.48,False,no_calculator
923846,2025-11-05,pre_dlv_2026,BE,9200,9200,True,1340.5,187.04,18.19,8.12,False,no_calculator
923846,2025-11-05,pre_dlv_2026,BE,7700,7700,True,1064.0,146.96,14.28,6.38,False,no_calculator
923846,2025-11-05,pre_dlv_2026,BE,9700,9700,True,1064.0,146.96,14.28,6.38,False,no_calculator
923847,2025-11-05,pre_dlv_2026,IT,13866,13866,True,1012.7,232.21,0.0,6.16,False,beurteilbar_pre
4251004135,2025-11-05,pre_dlv_2026,DE,72072,72072,True,1300.0,256.23,0.0,0.0,False,no_dlv_land
923818,2025-11-05,pre_dlv_2026,BE,8790,8790,True,0.0,251.95,23.19,13.92,False,t_zero
923846,2025-11-05,pre_dlv_2026,BE,9600,9600,True,1064.0,146.96,14.28,6.38,False,no_calculator
923847,2025-11-05,pre_dlv_2026,IT,20098,20098,True,1067.7,145.86,0.0,6.16,True,beurteilbar_pre
923846,2025-11-05,pre_dlv_2026,BE,8790,8790,True,0.0,228.8,22.25,12.76,False,t_zero
923846,2025-11-05,pre_dlv_2026,BE,9600,9600,True,3148.24,310.08,30.14,18.56,False,no_calculator
923838,2025-11-05,pre_dlv_2026,ES,46890,46890,True,20380.77,2060.4,0.0,79.56,False,no_calculator
923847,2025-11-05,pre_dlv_2026,IT,55061,55061,True,31.92,34.37,0.0,0.56,False,beurteilbar_pre
923846,2025-11-05,pre_dlv_2026,BE,9600,9600,True,259.56,50.79,4.94,1.74,False,no_calculator
923846,2025-11-06,pre_dlv_2026,BE,9140,9140,True,0.0,39.37,3.83,0.58,False,t_zero
923846,2025-11-06,pre_dlv_2026,BE,9140,9140,True,0.0,39.37,3.83,0.58,False,t_zero
923846,2025-11-06,pre_dlv_2026,BE,3600,3600,True,2527.2,270.4,26.29,15.08,False,no_calculator
923846,2025-11-06,pre_dlv_2026,BE,7700,7700,True,686.08,109.97,10.69,4.06,False,no_calculator
923847,2025-11-06,pre_dlv_2026,IT,43036,43036,True,2118.6,298.54,0.0,12.32,False,beurteilbar_pre
923846,2025-11-06,pre_dlv_2026,BE,8790,8790,True,1064.0,146.96,14.28,6.38,False,no_calculator
4251003364,2025-11-06,pre_dlv_2026,GR,570 01,57001,True,5320.0,1239.3,33.52,30.24,False,no_calculator
923847,2025-11-07,pre_dlv_2026,IT,03043,03043,True,1032.08,308.55,0.0,6.16,False,beurteilbar_pre
923849,2025-11-07,pre_dlv_2026,AT,3331,3331,True,12144.0,1096.5,0.0,68.32,False,no_calculator
923847,2025-11-07,pre_dlv_2026,IT,20098,20098,True,11215.9,756.4743,0.0,63.7763,True,beurteilbar_pre
923838,2025-11-07,pre_dlv_2026,ES,46890,46890,True,22397.31,2088.04,0.0,87.36,False,no_calculator
923838,2025-11-07,pre_dlv_2026,ES,46890,46890,True,1565.12,334.56,0.0,6.24,False,no_calculator
4251003365,2025-11-07,pre_dlv_2026,GR,320 11,32011,True,1012.7,301.5333,6.6373,5.797,False,no_calculator
4251003365,2025-11-07,pre_dlv_2026,GR,194 00,19400,True,650.38,178.0867,4.2627,3.723,False,no_calculator
923847,2025-11-07,pre_dlv_2026,IT,25037,25037,True,2128.0,260.26,0.0,12.32,False,beurteilbar_pre
923847,2025-11-07,pre_dlv_2026,IT,59100,59100,True,4309.2,561.0,0.0,24.64,False,beurteilbar_pre
923847,2025-11-07,pre_dlv_2026,IT,48022,48022,True,3391.6,492.32,0.0,19.04,False,beurteilbar_pre
923847,2025-11-07,pre_dlv_2026,IT,20098,20098,True,11.2,0.7557,0.0,0.0637,True,beurteilbar_pre
923866,2025-11-10,pre_dlv_2026,BE,3630,3630,True,1064.0,147.55,13.65,6.38,False,no_calculator
923861,2025-11-11,pre_dlv_2026,ES,46890,46890,True,20053.5,2030.1,0.0,78.39,False,no_calculator
923867,2025-11-11,pre_dlv_2026,AT,4020,4020,True,3192.0,506.02,0.0,17.92,False,no_calculator
923861,2025-11-11,pre_dlv_2026,ES,08700,08700,True,5135.0,419.12,0.0,20.28,False,no_calculator
923867,2025-11-11,pre_dlv_2026,AT,5400,5400,True,1013.65,196.86,0.0,6.16,False,no_calculator
923846,2025-11-12,pre_dlv_2026,BE,4480,4480,True,1005.0,146.96,14.28,6.38,False,no_calculator
923846,2025-11-12,pre_dlv_2026,BE,8790,8790,True,500.13,94.26,9.17,3.48,False,no_calculator
923866,2025-11-12,pre_dlv_2026,BE,8710,8710,True,210.4,50.99,4.72,1.74,False,no_calculator
923846,2025-11-12,pre_dlv_2026,BE,8900,8900,True,134.28,33.86,3.3,1.16,False,no_calculator
923868,2025-11-12,pre_dlv_2026,IT,20098,20098,True,2507.24,267.8,0.0,14.56,False,beurteilbar_pre
923866,2025-11-13,pre_dlv_2026,BE,7700,7700,True,1064.0,147.55,13.65,6.38,False,no_calculator
923846,2025-11-13,pre_dlv_2026,BE,8560,8560,True,1324.04,187.04,18.19,8.12,False,no_calculator
4251004802,2025-11-13,pre_dlv_2026,GR,320 11,32011,True,1779.07,514.08,11.54,10.08,False,no_calculator
4251004803,2025-11-14,pre_dlv_2026,GR,564 30,56430,True,2651.5,673.9795,16.8269,14.9325,False,no_calculator
4251004803,2025-11-14,pre_dlv_2026,GR,570 22,57022,True,221.4,81.6648,1.405,1.2469,False,no_calculator
923868,2025-11-14,pre_dlv_2026,IT,48022,48022,True,4256.0,548.25,0.0,24.08,False,beurteilbar_pre
923868,2025-11-14,pre_dlv_2026,IT,21050,21050,True,4256.0,372.81,0.0,24.08,False,beurteilbar_pre
4251004803,2025-11-14,pre_dlv_2026,GR,570 13,57013,True,1900.05,492.8948,12.0581,10.7006,False,no_calculator
923861,2025-11-14,pre_dlv_2026,ES,46890,46890,True,10102.34,1228.08,0.0,39.78,False,no_calculator
923868,2025-11-14,pre_dlv_2026,IT,74019,74019,True,2941.92,905.7,0.0,16.8,False,beurteilbar_pre
923867,2025-11-14,pre_dlv_2026,AT,8200,8200,True,221.4,67.52,0.0,1.68,False,no_calculator
923867,2025-11-14,pre_dlv_2026,AT,3331,3331,True,12144.0,1096.5,0.0,68.32,False,no_calculator
923868,2025-11-14,pre_dlv_2026,IT,59100,59100,True,6648.41,635.83,0.0,37.52,False,beurteilbar_pre
923868,2025-11-14,pre_dlv_2026,IT,20098,20098,True,7194.39,499.68,0.0,40.32,False,beurteilbar_pre
923861,2025-11-14,pre_dlv_2026,ES,46890,46890,True,22044.31,2088.04,0.0,86.19,False,no_calculator
923861,2025-11-14,pre_dlv_2026,ES,08310,08310,True,3192.0,323.2,0.0,12.48,False,no_calculator
923867,2025-11-14,pre_dlv_2026,AT,5400,5400,True,250.56,56.2,0.0,1.68,False,no_calculator
923902,2025-11-17,pre_dlv_2026,AT,4860,4860,True,5672.8,562.33,0.0,31.92,False,no_calculator
923903,2025-11-17,pre_dlv_2026,IT,24050,24050,True,9576.0,675.84,0.0,53.76,False,beurteilbar_pre
923866,2025-11-17,pre_dlv_2026,BE,9600,9600,True,1263.6,174.37,16.13,7.54,False,no_calculator
923901,2025-11-18,pre_dlv_2026,BE,8790,8790,True,0.0,94.195,8.7033,5.9842,False,t_zero
923901,2025-11-18,pre_dlv_2026,BE,8790,8790,True,0.0,344.025,31.7867,21.8558,False,t_zero
923900,2025-11-18,pre_dlv_2026,ES,46890,46890,True,12717.42,1541.25,0.0,49.92,False,no_calculator
923903,2025-11-18,pre_dlv_2026,IT,59100,59100,True,3703.33,503.88,0.0,21.28,False,beurteilbar_pre
923903,2025-11-19,pre_dlv_2026,IT,20098,20098,True,2088.94,244.23,0.0,11.76,False,beurteilbar_pre
923901,2025-11-20,pre_dlv_2026,BE,8880,8880,True,1064.0,147.76,13.65,6.38,False,no_calculator
923901,2025-11-20,pre_dlv_2026,BE,1500,1500,True,245.07,51.07,4.72,1.74,False,no_calculator
923901,2025-11-20,pre_dlv_2026,BE,8560,8560,True,2386.5,250.97,23.19,13.92,False,no_calculator
923901,2025-11-20,pre_dlv_2026,BE,8790,8790,True,2128.0,230.05,21.26,12.76,False,no_calculator
923901,2025-11-20,pre_dlv_2026,BE,9800,9800,True,3525.88,350.75,32.41,20.88,False,no_calculator
923901,2025-11-20,pre_dlv_2026,BE,8790,8790,True,1105.1,161.2,14.89,6.96,False,no_calculator
923901,2025-11-20,pre_dlv_2026,BE,8531,8531,True,134.28,34.05,3.15,1.16,False,no_calculator
923901,2025-11-20,pre_dlv_2026,BE,9600,9600,True,5219.3,391.15,36.14,30.74,False,no_calculator
923901,2025-11-20,pre_dlv_2026,BE,9600,9600,True,1064.0,147.76,13.65,6.38,False,no_calculator
923901,2025-11-21,pre_dlv_2026,BE,9200,9200,True,3192.0,311.78,28.81,18.56,False,no_calculator
923900,2025-11-21,pre_dlv_2026,ES,08310,08310,True,3192.0,323.23,0.0,12.48,False,no_calculator
4251007923,2025-11-21,pre_dlv_2026,GR,570 22,57022,True,843.21,230.1771,5.5164,4.8214,False,no_calculator
923902,2025-11-21,pre_dlv_2026,AT,4020,4020,True,510.12,107.92,0.0,3.36,False,no_calculator
923900,2025-11-21,pre_dlv_2026,ES,46890,46890,True,21695.7,2088.21,0.0,84.63,False,no_calculator
4251007921,2025-11-21,pre_dlv_2026,GR,320 11,32011,True,126.64,85.7144,0.8476,0.7173,False,no_calculator
4251007922,2025-11-21,pre_dlv_2026,GR,320 11,32011,True,321.34,140.34,2.64,2.24,False,no_calculator
4251007923,2025-11-21,pre_dlv_2026,GR,570 01,57001,True,397.03,117.9304,2.5974,2.2702,False,no_calculator
4251007921,2025-11-21,pre_dlv_2026,GR,194 00,19400,True,345.84,109.2381,2.3146,1.959,False,no_calculator
923900,2025-11-21,pre_dlv_2026,ES,08349,08349,True,3.0,35.19,0.0,0.39,False,no_calculator
923900,2025-11-21,pre_dlv_2026,ES,08211,08211,True,180.08,39.38,0.0,0.78,False,no_calculator
923903,2025-11-21,pre_dlv_2026,IT,20098,20098,True,3644.56,347.06,0.0,20.72,False,beurteilbar_pre
4251007921,2025-11-21,pre_dlv_2026,GR,104 43,10443,True,120.7,63.4875,0.8078,0.6837,False,no_calculator
923900,2025-11-21,pre_dlv_2026,ES,46890,46890,True,5124.61,684.38,0.0,20.28,False,no_calculator
4251007923,2025-11-21,pre_dlv_2026,GR,564 30,56430,True,130.88,64.9925,0.8562,0.7484,False,no_calculator
923909,2025-11-25,pre_dlv_2026,IT,59100,59100,True,1735.36,369.0,0.0,10.08,False,beurteilbar_pre
923910,2025-11-25,pre_dlv_2026,AT,9413,9413,True,12636.0,1096.5,0.0,71.12,False,no_calculator
923915,2025-11-25,pre_dlv_2026,ES,46890,46890,True,11176.53,1348.48,0.0,43.68,False,no_calculator
923909,2025-11-25,pre_dlv_2026,IT,41019,41019,True,2719.9,288.4,0.0,15.68,False,beurteilbar_pre
923910,2025-11-25,pre_dlv_2026,AT,3331,3331,True,12144.0,1096.5,0.0,68.32,False,no_calculator
923911,2025-11-25,pre_dlv_2026,BE,8790,8790,True,2128.0,232.822,20.6689,12.4067,False,no_calculator
923909,2025-11-25,pre_dlv_2026,IT,20098,20098,True,1149.66,159.12,0.0,6.72,False,beurteilbar_pre
923909,2025-11-25,pre_dlv_2026,IT,20882,20882,True,2004.48,248.43,0.0,11.76,False,beurteilbar_pre
923911,2025-11-27,pre_dlv_2026,BE,8790,8790,True,259.56,28.398,2.5211,1.5133,False,no_calculator
923911,2025-11-27,pre_dlv_2026,BE,8790,8790,True,1064.0,153.81,13.65,6.38,False,no_calculator
923911,2025-11-27,pre_dlv_2026,BE,9800,9800,True,1064.0,153.81,13.65,6.38,False,no_calculator
4251007924,2025-11-27,pre_dlv_2026,GR,320 11,32011,True,1064.0,314.16,7.05,6.16,False,no_calculator
923911,2025-11-27,pre_dlv_2026,BE,8540,8540,True,1514.18,223.72,19.86,9.28,False,no_calculator
923911,2025-11-27,pre_dlv_2026,BE,9700,9700,True,110.3,35.44,3.15,1.16,False,no_calculator
923909,2025-11-28,pre_dlv_2026,IT,59100,59100,True,1163.8,253.32,0.0,6.72,False,beurteilbar_pre
4251026100,2025-11-28,pre_dlv_2026,DE,72144,72144,True,12144.0,1096.5,0.0,68.32,False,no_dlv_land
4251007925,2025-11-28,pre_dlv_2026,GR,564 30,56430,True,260.74,91.7658,1.7367,1.518,False,no_calculator
4251007925,2025-11-28,pre_dlv_2026,GR,570 13,57013,True,250.56,89.704,2.9489,1.4588,False,no_calculator
923910,2025-11-28,pre_dlv_2026,AT,8402,8402,True,137.4,53.45,0.0,1.12,False,no_calculator
923915,2025-11-28,pre_dlv_2026,ES,08310,08310,True,3192.0,323.2,0.0,12.48,False,no_calculator
923915,2025-11-28,pre_dlv_2026,ES,08150,08150,True,1.5,35.19,0.0,0.39,False,no_calculator
923915,2025-11-28,pre_dlv_2026,ES,46890,46890,True,0.2,0.0216,0.0,0.0008,False,no_calculator
4251007925,2025-11-28,pre_dlv_2026,GR,570 22,57022,True,931.5,258.0502,6.2044,5.4232,False,no_calculator
923909,2025-11-28,pre_dlv_2026,IT,20098,20098,True,4627.0,388.22,0.0,26.32,False,beurteilbar_pre
923915,2025-11-28,pre_dlv_2026,ES,46890,46890,True,16755.79,1799.2584,0.0,65.5192,False,no_calculator
923957,2025-12-02,pre_dlv_2026,IT,20098,20098,True,10438.83,653.1,0.0,58.8,False,beurteilbar_pre
923957,2025-12-02,pre_dlv_2026,IT,41019,41019,True,2128.0,260.26,0.0,12.32,False,beurteilbar_pre
923957,2025-12-02,pre_dlv_2026,IT,13866,13866,True,6076.2,578.89,0.0,34.16,False,beurteilbar_pre
923957,2025-12-02,pre_dlv_2026,IT,13866,13866,True,6076.2,578.89,0.0,34.16,False,beurteilbar_pre
923934,2025-12-02,pre_dlv_2026,ES,46890,46890,True,10382.58,1252.16,0.0,40.56,False,no_calculator
923957,2025-12-02,pre_dlv_2026,IT,64027,64027,True,1064.0,264.77,0.0,6.16,False,beurteilbar_pre
923957,2025-12-02,pre_dlv_2026,IT,59100,59100,True,5695.54,621.87,0.0,31.92,True,beurteilbar_pre
923955,2025-12-03,pre_dlv_2026,BE,7700,7700,True,4555.4,417.68,41.31,26.68,False,no_calculator
923956,2025-12-03,pre_dlv_2026,AT,4020,4020,True,2128.0,354.25,0.0,12.32,False,no_calculator
923956,2025-12-03,pre_dlv_2026,AT,8402,8402,True,405.2,112.51,0.0,2.8,False,no_calculator
923955,2025-12-03,pre_dlv_2026,BE,9240,9240,True,0.0,54.4003,5.5653,1.8637,False,t_zero
923955,2025-12-03,pre_dlv_2026,BE,9240,9240,True,0.0,30.2497,3.0947,1.0363,False,t_zero
923955,2025-12-03,pre_dlv_2026,BE,6690,6690,True,6318.0,469.76,46.45,37.12,False,no_calculator
923955,2025-12-04,pre_dlv_2026,BE,9200,9200,True,0.0,195.3009,19.3171,12.4752,False,t_zero
4251010947,2025-12-04,pre_dlv_2026,GR,461 00,46100,True,7432.35,2073.7859,45.6882,41.6561,False,no_calculator
923955,2025-12-04,pre_dlv_2026,BE,8560,8560,True,1053.04,146.96,14.53,6.38,False,no_calculator
4251010947,2025-12-04,pre_dlv_2026,GR,320 11,32011,True,1012.7,289.1096,6.2253,5.6759,False,no_calculator
4251010947,2025-12-04,pre_dlv_2026,GR,194 00,19400,True,347.56,103.9046,2.1365,1.948,False,no_calculator
923955,2025-12-04,pre_dlv_2026,BE,3600,3600,True,0.0,237.6028,23.5024,18.7752,False,t_zero
923955,2025-12-04,pre_dlv_2026,BE,7700,7700,True,1427.08,200.4,19.82,8.7,False,no_calculator
923955,2025-12-04,pre_dlv_2026,BE,3600,3600,True,0.0,188.1172,18.6076,14.8648,False,t_zero
923955,2025-12-04,pre_dlv_2026,BE,8790,8790,True,772.56,125.68,12.44,4.64,False,no_calculator
923955,2025-12-04,pre_dlv_2026,BE,9200,9200,True,0.0,186.0591,18.4029,11.8848,False,t_zero
4251010948,2025-12-05,pre_dlv_2026,GR,564 30,56430,True,1064.0,283.8,7.05,6.16,False,no_calculator
923955,2025-12-05,pre_dlv_2026,BE,8793,8793,True,5570.25,411.04,40.66,32.48,False,no_calculator
923934,2025-12-05,pre_dlv_2026,ES,17300,17300,True,1.5,35.19,0.0,0.39,False,no_calculator
923957,2025-12-05,pre_dlv_2026,IT,41019,41019,True,7567.8,535.04,0.0,42.56,False,beurteilbar_pre
923957,2025-12-05,pre_dlv_2026,IT,22069,22069,True,3340.3,340.0,0.0,19.04,False,beurteilbar_pre
923934,2025-12-05,pre_dlv_2026,ES,46890,46890,True,22118.39,2088.04,0.0,86.58,False,no_calculator
923934,2025-12-05,pre_dlv_2026,ES,46890,46890,True,2452.88,448.75,0.0,9.75,False,no_calculator
923955,2025-12-05,pre_dlv_2026,BE,9140,9140,True,250.56,50.79,5.03,1.74,False,no_calculator
923957,2025-12-05,pre_dlv_2026,IT,59100,59100,True,1013.65,111.2184,0.0,5.7088,True,beurteilbar_pre
923957,2025-12-05,pre_dlv_2026,IT,59100,59100,True,4355.8,477.9216,0.0,24.5313,True,beurteilbar_pre
923957,2025-12-05,pre_dlv_2026,IT,61043,61043,True,2128.0,424.16,0.0,12.32,False,beurteilbar_pre
923957,2025-12-05,pre_dlv_2026,IT,27036,27036,True,2327.6,325.68,0.0,13.44,False,beurteilbar_pre
923934,2025-12-05,pre_dlv_2026,ES,03410,03410,True,49.9,56.71,0.0,0.39,False,no_calculator
923981,2025-12-08,pre_dlv_2026,IT,28062,28062,True,3232.0,397.9,0.0,18.48,False,beurteilbar_pre
923972,2025-12-08,pre_dlv_2026,ES,08410,08410,True,41.1,35.19,0.0,0.39,False,no_calculator
923981,2025-12-08,pre_dlv_2026,IT,22069,22069,True,922.24,150.06,0.0,5.6,False,beurteilbar_pre
4251019878,2025-12-08,pre_dlv_2026,DE,72144,72144,True,1300.0,286.9,0.0,0.0,False,no_dlv_land
923981,2025-12-08,pre_dlv_2026,IT,20098,20098,True,3827.19,366.35,0.0,21.84,True,beurteilbar_pre
923981,2025-12-08,pre_dlv_2026,IT,28010,28010,True,2253.28,312.57,0.0,12.88,False,beurteilbar_pre
4251014178,2025-12-08,pre_dlv_2026,DE,73730,73730,True,7200.0,550.0,0.0,0.0,False,no_dlv_land
923980,2025-12-08,pre_dlv_2026,BE,8790,8790,True,1488.86,200.4,19.47,8.7,False,no_calculator
923980,2025-12-08,pre_dlv_2026,BE,8560,8560,True,2105.3,228.8,22.22,12.76,False,no_calculator
923980,2025-12-08,pre_dlv_2026,BE,9800,9800,True,1064.0,146.96,14.27,6.38,False,no_calculator
923981,2025-12-10,pre_dlv_2026,IT,20098,20098,True,1548.26,196.13,0.0,8.96,True,beurteilbar_pre
923972,2025-12-10,pre_dlv_2026,ES,46890,46890,True,16140.29,1735.02,0.0,63.18,False,no_calculator
923981,2025-12-10,pre_dlv_2026,IT,59100,59100,True,6353.73,725.211,0.0,36.2261,True,beurteilbar_pre
923981,2025-12-10,pre_dlv_2026,IT,59100,59100,True,1012.7,115.589,0.0,5.7739,True,beurteilbar_pre
923972,2025-12-10,pre_dlv_2026,ES,08310,08310,True,3192.0,323.2,0.0,12.48,False,no_calculator
923980,2025-12-11,pre_dlv_2026,BE,8790,8790,True,1147.93,160.32,15.57,6.96,False,no_calculator
923981,2025-12-11,pre_dlv_2026,IT,03024,03024,True,32.1,44.43,0.0,0.56,False,beurteilbar_pre
923979,2025-12-11,pre_dlv_2026,AT,5400,5400,True,1013.65,196.86,0.0,6.16,False,no_calculator
4251012119,2025-12-12,pre_dlv_2026,GR,564 30,56430,True,1064.0,263.3803,6.378,6.0145,False,no_calculator
4251012120,2025-12-12,pre_dlv_2026,GR,194 00,19400,True,355.84,108.58,2.2899,2.0014,False,no_calculator
4251012119,2025-12-12,pre_dlv_2026,GR,570 22,57022,True,1545.05,382.6268,9.2616,8.7337,False,no_calculator
4251012120,2025-12-12,pre_dlv_2026,GR,320 11,32011,True,1038.08,302.98,6.6801,5.8386,False,no_calculator
923981,2025-12-12,pre_dlv_2026,IT,56029,56029,True,10630.0,895.83,0.0,59.92,False,beurteilbar_pre
4251012119,2025-12-12,pre_dlv_2026,GR,570 01,57001,True,6315.89,1411.868,37.8597,35.7019,False,no_calculator
4251012119,2025-12-12,pre_dlv_2026,GR,570 13,57013,True,1378.08,339.5649,11.1707,7.7899,False,no_calculator
923972,2025-12-12,pre_dlv_2026,ES,46890,46890,True,16636.34,1788.57,0.0,65.13,False,no_calculator
923981,2025-12-12,pre_dlv_2026,IT,20098,20098,True,5928.65,459.67,0.0,33.6,True,beurteilbar_pre
923980,2025-12-15,pre_dlv_2026,BE,7080,7080,True,504.32,94.26,9.16,3.48,False,no_calculator
923980,2025-12-15,pre_dlv_2026,BE,1500,1500,True,229.4,50.79,4.93,1.74,False,no_calculator
924162,2025-12-15,pre_dlv_2026,AT,4020,4020,True,3192.0,506.02,0.0,17.92,False,no_calculator
924019,2025-12-15,pre_dlv_2026,BE,8790,8790,True,512.28,94.26,9.18,3.48,False,no_calculator
924007,2025-12-16,pre_dlv_2026,ES,46890,46890,True,5680.64,750.12,0.0,22.23,False,no_calculator
924020,2025-12-16,pre_dlv_2026,IT,59100,59100,True,9297.7,839.4582,0.0,52.3493,True,beurteilbar_pre
924020,2025-12-16,pre_dlv_2026,IT,59100,59100,True,250.56,22.6218,0.0,1.4107,True,beurteilbar_pre
924020,2025-12-16,pre_dlv_2026,IT,20098,20098,True,5007.77,405.96,0.0,28.56,False,beurteilbar_pre
924019,2025-12-17,pre_dlv_2026,BE,9600,9600,True,2327.6,249.6,24.31,13.92,False,no_calculator
924019,2025-12-17,pre_dlv_2026,BE,8710,8710,True,1263.6,173.68,16.91,7.54,False,no_calculator
924019,2025-12-17,pre_dlv_2026,BE,3001,3001,True,646.4,109.97,10.71,4.06,False,no_calculator
924019,2025-12-18,pre_dlv_2026,BE,8790,8790,True,299.64,50.79,4.95,1.74,False,no_calculator
4251012687,2025-12-19,pre_dlv_2026,GR,194 00,19400,True,230.56,89.5879,1.6664,1.4112,False,no_calculator
4251012686,2025-12-19,pre_dlv_2026,GR,570 01,57001,True,1128.2,280.0314,6.7175,6.335,False,no_calculator
924019,2025-12-19,pre_dlv_2026,BE,9140,9140,True,2527.2,270.4,26.33,15.08,False,no_calculator
4251012687,2025-12-19,pre_dlv_2026,GR,270 50,27050,True,250.8,133.0023,1.8127,1.5351,False,no_calculator
924007,2025-12-19,pre_dlv_2026,ES,46890,46890,True,188.83,56.71,0.0,0.78,False,no_calculator
4251012687,2025-12-19,pre_dlv_2026,GR,320 11,32011,True,250.56,114.9996,1.8109,1.5336,False,no_calculator
4251012686,2025-12-19,pre_dlv_2026,GR,573 00,57300,True,10640.0,2219.9586,63.3525,59.745,False,no_calculator
924029,2026-01-07,in_dlv_2026,ES,46890,46890,True,21332.75,2088.4,0.0,83.46,False,no_calculator
924029,2026-01-08,in_dlv_2026,ES,46890,46890,True,2259.6,412.94,0.0,8.97,False,no_calculator
924029,2026-01-09,in_dlv_2026,ES,46890,46890,True,12334.23,1323.421,0.0,48.2024,False,no_calculator
924029,2026-01-09,in_dlv_2026,ES,46890,46890,True,3832.55,411.219,0.0,14.9776,False,no_calculator
924029,2026-01-09,in_dlv_2026,ES,46890,46890,True,19199.74,2055.87,0.0,74.88,False,no_calculator
924029,2026-01-09,in_dlv_2026,ES,46890,46890,True,22159.54,2088.39,0.0,86.58,False,no_calculator
4251015236,2026-01-09,in_dlv_2026,GR,193 00,19300,True,958.2,277.0,6.77,5.6,False,no_calculator
924035,2026-01-12,in_dlv_2026,BE,9100,9100,True,718.0,129.44,8.46,4.64,False,no_calculator
924069,2026-01-12,in_dlv_2026,BE,9140,9140,True,125.28,34.64,3.24,1.16,False,no_calculator
924068,2026-01-12,in_dlv_2026,IT,20098,20098,True,6870.87,509.22,0.0,38.64,False,beurteilbar_calc
924035,2026-01-12,in_dlv_2026,BE,8540,8540,True,1064.0,151.36,9.9,6.38,False,no_calculator
924029,2026-01-12,in_dlv_2026,ES,08310,08310,True,1064.0,159.31,0.0,4.29,False,no_calculator
924069,2026-01-12,in_dlv_2026,BE,1000,1000,True,25.0,40.27,3.77,0.58,False,no_calculator
924068,2026-01-12,in_dlv_2026,IT,20882,20882,True,1753.92,226.62,0.0,10.08,False,beurteilbar_calc
924068,2026-01-12,in_dlv_2026,IT,59100,59100,True,4960.15,582.5,0.0,28.0,False,beurteilbar_calc
924035,2026-01-12,in_dlv_2026,BE,9240,9240,True,1013.65,151.36,9.9,6.38,False,no_calculator
924069,2026-01-12,in_dlv_2026,BE,1500,1500,True,192.94,34.64,3.24,1.16,False,no_calculator
4251015241,2026-01-12,in_dlv_2026,DE,72144,72144,True,1000.0,667.44,0.0,0.0,False,no_dlv_land
924069,2026-01-12,in_dlv_2026,BE,9240,9240,True,259.56,51.96,4.86,1.74,False,no_calculator
924035,2026-01-12,in_dlv_2026,BE,4821,4821,True,259.56,52.32,3.42,1.74,False,no_calculator
924035,2026-01-12,in_dlv_2026,BE,8560,8560,True,1064.0,151.36,9.9,6.38,False,no_calculator
924035,2026-01-12,in_dlv_2026,BE,4000,4000,True,384.84,69.76,4.56,2.32,False,no_calculator
924035,2026-01-12,in_dlv_2026,BE,8531,8531,True,2126.0,235.62,15.41,12.76,False,no_calculator
924068,2026-01-12,in_dlv_2026,IT,75015,75015,True,7996.45,1239.94,0.0,44.8,True,beurteilbar_calc
924069,2026-01-12,in_dlv_2026,BE,8790,8790,True,5327.2,405.44,37.93,31.32,False,no_calculator
4251021022,2026-01-12,in_dlv_2026,DE,72144,72144,True,1000.0,1360.63,0.0,0.0,False,no_dlv_land
924061,2026-01-13,in_dlv_2026,AT,3331,3331,True,12144.0,1118.43,0.0,68.32,False,no_calculator
924069,2026-01-13,in_dlv_2026,BE,3600,3600,True,5719.2,435.46,40.73,33.64,False,no_calculator
924069,2026-01-13,in_dlv_2026,BE,9800,9800,True,259.56,51.96,4.86,1.74,False,no_calculator
924069,2026-01-13,in_dlv_2026,BE,8790,8790,True,3192.0,317.17,29.67,18.56,False,no_calculator
924035,2026-01-13,in_dlv_2026,BE,9800,9800,True,2587.16,278.46,18.19,15.08,False,no_calculator
924068,2026-01-13,in_dlv_2026,IT,20098,20098,True,3405.14,345.8,0.0,19.6,False,beurteilbar_calc
924069,2026-01-13,in_dlv_2026,BE,8790,8790,True,3028.0,307.26,28.74,17.98,False,no_calculator
924040,2026-01-13,in_dlv_2026,ES,46890,46890,True,1344.23,165.3419,0.0,5.2824,False,no_calculator
924040,2026-01-13,in_dlv_2026,ES,46890,46890,True,15166.3,1464.2459,0.0,59.3395,False,no_calculator
924040,2026-01-13,in_dlv_2026,ES,46890,46890,True,6762.92,652.9341,0.0,26.4605,False,no_calculator
924040,2026-01-13,in_dlv_2026,ES,46890,46890,True,21890.31,2117.18,0.0,85.41,False,no_calculator
924040,2026-01-13,in_dlv_2026,ES,46890,46890,True,9076.48,1116.4181,0.0,35.6676,False,no_calculator
924035,2026-01-13,in_dlv_2026,BE,3520,3520,True,1292.8,178.88,11.7,7.54,False,no_calculator
924069,2026-01-14,in_dlv_2026,BE,8790,8790,True,2128.0,234.0,21.89,12.76,False,no_calculator
924069,2026-01-14,in_dlv_2026,BE,8790,8790,True,289.53,51.96,4.86,1.74,False,no_calculator
4251017330,2026-01-14,in_dlv_2026,GR,320 11,32011,True,1721.45,527.04,13.23,10.08,False,no_calculator
924069,2026-01-14,in_dlv_2026,BE,8790,8790,True,64.8,40.27,3.77,0.58,False,no_calculator
924069,2026-01-16,in_dlv_2026,BE,8520,8520,True,134.52,34.64,3.39,1.16,False,no_calculator
924068,2026-01-16,in_dlv_2026,IT,22063,22063,True,1138.93,164.76,0.0,6.72,False,beurteilbar_calc
924069,2026-01-16,in_dlv_2026,BE,7700,7700,True,2227.8,244.64,23.92,13.34,False,no_calculator
924068,2026-01-16,in_dlv_2026,IT,13866,13866,True,5063.5,567.63,0.0,28.56,False,beurteilbar_calc
924040,2026-01-16,in_dlv_2026,ES,46890,46890,True,11009.03,1344.0022,0.0,42.9386,False,no_calculator
924068,2026-01-16,in_dlv_2026,IT,59100,59100,True,5082.31,567.63,0.0,28.56,False,beurteilbar_calc
924069,2026-01-16,in_dlv_2026,BE,8790,8790,True,0.0,144.4147,14.1165,6.1292,False,t_zero
924069,2026-01-16,in_dlv_2026,BE,8790,8790,True,0.0,19.5753,1.9135,0.8308,False,t_zero
924069,2026-01-16,in_dlv_2026,BE,9600,9600,True,2387.56,255.28,24.96,13.92,False,no_calculator
924068,2026-01-16,in_dlv_2026,IT,20098,20098,True,7484.84,531.0,0.0,42.0,False,beurteilbar_calc
924040,2026-01-16,in_dlv_2026,ES,46890,46890,True,1190.0,145.2778,0.0,4.6414,False,no_calculator
924081,2026-01-19,in_dlv_2026,BE,9600,9600,True,134.52,35.91,3.39,1.16,False,no_calculator
924081,2026-01-19,in_dlv_2026,BE,8520,8520,True,134.28,35.91,3.39,1.16,False,no_calculator
924069,2026-01-19,in_dlv_2026,BE,9600,9600,True,4205.65,399.29,39.04,24.94,False,no_calculator
924061,2026-01-19,in_dlv_2026,AT,4020,4020,True,501.12,110.08,0.0,3.36,False,no_calculator
924079,2026-01-19,in_dlv_2026,AT,5023,5023,True,15462.0,774.26,0.0,86.8,False,no_calculator
4251017331,2026-01-20,in_dlv_2026,GR,570 13,57013,True,8.9,25.4467,0.9367,0.0536,False,no_calculator
4251017331,2026-01-20,in_dlv_2026,GR,570 13,57013,True,6.2,17.727,0.6526,0.0373,False,no_calculator
924081,2026-01-20,in_dlv_2026,BE,9800,9800,True,1013.65,155.83,14.7,6.38,False,no_calculator
924075,2026-01-20,in_dlv_2026,ES,46890,46890,True,1796.4,244.946,0.0,7.1184,False,no_calculator
924075,2026-01-20,in_dlv_2026,ES,08310,08310,True,2128.0,265.54,0.0,8.58,False,no_calculator
924081,2026-01-20,in_dlv_2026,BE,8750,8750,True,259.56,53.87,5.08,1.74,False,no_calculator
4251017331,2026-01-20,in_dlv_2026,GR,570 13,57013,True,1002.24,286.568,10.5388,6.0371,False,no_calculator
924080,2026-01-20,in_dlv_2026,IT,13866,13866,True,5063.5,567.63,0.0,28.56,False,beurteilbar_calc
924081,2026-01-20,in_dlv_2026,BE,8710,8710,True,5054.4,396.96,37.44,29.58,False,no_calculator
924075,2026-01-20,in_dlv_2026,ES,46890,46890,True,3321.46,452.894,0.0,13.1616,False,no_calculator
924081,2026-01-20,in_dlv_2026,BE,8790,8790,True,32.1,41.75,3.94,0.58,False,no_calculator
924080,2026-01-20,in_dlv_2026,IT,59100,59100,True,1.5,35.06,0.0,0.56,False,beurteilbar_calc
924081,2026-01-20,in_dlv_2026,BE,8790,8790,True,1064.0,155.83,14.7,6.38,False,no_calculator
4251017331,2026-01-20,in_dlv_2026,GR,570 22,57022,True,5.3,41.0686,0.0419,0.0319,False,no_calculator
924081,2026-01-20,in_dlv_2026,BE,9200,9200,True,4532.5,442.82,41.76,26.68,False,no_calculator
924080,2026-01-20,in_dlv_2026,IT,20098,20098,True,5905.42,468.0,0.0,33.6,False,beurteilbar_calc
924081,2026-01-22,in_dlv_2026,BE,8790,8790,True,1191.33,170.0,16.03,6.96,False,no_calculator
924081,2026-01-22,in_dlv_2026,BE,4821,4821,True,686.08,116.61,11.0,4.06,False,no_calculator
4251017332,2026-01-22,in_dlv_2026,GR,320 11,32011,True,1002.24,322.08,8.08,6.16,False,no_calculator
924081,2026-01-23,in_dlv_2026,BE,8790,8790,True,729.98,133.27,12.57,4.64,False,no_calculator
924080,2026-01-23,in_dlv_2026,IT,59100,59100,True,4831.44,570.85,0.0,27.44,False,beurteilbar_calc
924081,2026-01-23,in_dlv_2026,BE,8790,8790,True,0.0,0.2303,0.0217,0.0094,False,t_zero
924075,2026-01-23,in_dlv_2026,ES,46890,46890,True,21514.38,2129.8,0.0,84.24,False,no_calculator
924075,2026-01-23,in_dlv_2026,ES,46890,46890,True,9267.28,1248.06,0.0,36.27,False,no_calculator
924081,2026-01-23,in_dlv_2026,BE,8790,8790,True,0.0,155.5997,14.6783,6.3706,False,t_zero
4251017333,2026-01-26,in_dlv_2026,GR,570 22,57022,True,258.7,89.9678,1.8413,1.4489,False,no_calculator
4251017333,2026-01-26,in_dlv_2026,GR,570 01,57001,True,5640.65,1329.2822,40.1487,31.5911,False,no_calculator
924075,2026-01-26,in_dlv_2026,ES,17452,17452,True,1064.0,162.47,0.0,4.29,False,no_calculator
924103,2026-01-26,in_dlv_2026,IT,22069,22069,True,3189.2,326.4,0.0,17.92,False,beurteilbar_calc
924103,2026-01-26,in_dlv_2026,IT,20098,20098,True,4993.7,421.5,0.0,28.0,False,beurteilbar_calc
924103,2026-01-27,in_dlv_2026,IT,56029,56029,True,1063.0,236.83,0.0,6.16,False,beurteilbar_calc
924095,2026-01-27,in_dlv_2026,ES,46890,46890,True,22107.8,2129.8,0.0,86.58,False,no_calculator
924103,2026-01-27,in_dlv_2026,IT,20098,20098,True,4626.34,396.21,0.0,26.32,False,beurteilbar_calc
924102,2026-01-27,in_dlv_2026,BE,3520,3520,True,2585.6,279.86,27.04,15.08,False,no_calculator
924102,2026-01-27,in_dlv_2026,BE,9200,9200,True,2128.0,236.81,22.88,12.76,False,no_calculator
924095,2026-01-27,in_dlv_2026,ES,46890,46890,True,6436.67,872.3,0.0,25.35,False,no_calculator
924095,2026-01-27,in_dlv_2026,ES,08310,08310,True,3192.0,329.6,0.0,12.48,False,no_calculator
924080,2026-01-27,in_dlv_2026,IT,03043,03043,True,1064.0,314.71,0.0,6.16,False,beurteilbar_calc
924102,2026-01-28,in_dlv_2026,BE,8790,8790,True,0.0,28.9803,2.8008,0.959,False,t_zero
924102,2026-01-28,in_dlv_2026,BE,8531,8531,True,3190.0,320.97,31.01,18.56,False,no_calculator
924102,2026-01-28,in_dlv_2026,BE,8790,8790,True,0.0,58.6597,5.6692,1.941,False,t_zero
924102,2026-01-28,in_dlv_2026,BE,3600,3600,True,3192.0,320.97,31.01,18.56,False,no_calculator
924102,2026-01-28,in_dlv_2026,BE,9600,9600,True,444.96,87.64,8.47,2.9,False,no_calculator
924097,2026-01-29,in_dlv_2026,AT,5400,5400,True,1013.65,200.8,0.0,6.16,False,no_calculator
924102,2026-01-30,in_dlv_2026,BE,7700,7700,True,2327.6,258.33,24.96,13.92,False,no_calculator
4251019885,2026-01-30,in_dlv_2026,GR,320 11,32011,True,1012.7,305.0116,7.4568,5.6814,False,no_calculator
924103,2026-01-30,in_dlv_2026,IT,37059,37059,True,2378.56,289.68,0.0,13.44,False,beurteilbar_calc
4251019885,2026-01-30,in_dlv_2026,GR,193 00,19300,True,156.0,71.1395,1.1487,0.8752,False,no_calculator
924103,2026-01-30,in_dlv_2026,IT,20098,20098,True,4532.87,387.78,0.0,25.76,False,beurteilbar_calc
924095,2026-01-30,in_dlv_2026,ES,46890,46890,True,20810.31,2129.8,0.0,81.51,False,no_calculator
924102,2026-01-30,in_dlv_2026,BE,1500,1500,True,261.41,52.58,5.08,1.74,False,no_calculator
924103,2026-01-30,in_dlv_2026,IT,28060,28060,True,1064.0,191.07,0.0,6.16,False,beurteilbar_calc
4251019889,2026-01-30,in_dlv_2026,GR,570 22,57022,True,224.7,84.8839,1.6548,1.2608,False,no_calculator
4251019885,2026-01-30,in_dlv_2026,GR,320 11,32011,True,1626.25,483.6189,11.9745,9.1235,False,no_calculator
924133,2026-02-02,in_dlv_2026,AT,4020,4020,True,1393.3,240.85,0.0,7.84,False,no_calculator
4251019889,2026-02-02,in_dlv_2026,GR,570 01,57001,True,2769.42,726.8161,20.3952,15.5392,False,no_calculator
924131,2026-02-03,in_dlv_2026,IT,59100,59100,True,3600.18,500.61,0.0,20.72,False,beurteilbar_calc
924131,2026-02-03,in_dlv_2026,IT,48022,48022,True,1252.8,279.89,0.0,7.28,False,beurteilbar_calc
924131,2026-02-03,in_dlv_2026,IT,20098,20098,True,5236.8,430.36,0.0,29.68,False,beurteilbar_calc
924131,2026-02-03,in_dlv_2026,IT,20010,20010,True,1152.8,164.76,0.0,6.72,False,beurteilbar_calc
924131,2026-02-03,in_dlv_2026,IT,24050,24050,True,10640.0,734.02,0.0,59.92,False,beurteilbar_calc
924131,2026-02-03,in_dlv_2026,IT,03100,03100,True,10640.0,1035.76,0.0,59.92,False,beurteilbar_calc
924128,2026-02-03,in_dlv_2026,ES,46890,46890,True,14162.31,1743.76,0.0,55.38,False,no_calculator
924131,2026-02-03,in_dlv_2026,IT,75015,75015,True,7846.3,1216.6,0.0,44.24,False,beurteilbar_calc
924132,2026-02-03,in_dlv_2026,BE,7700,7700,True,1064.0,151.36,13.65,6.38,False,no_calculator
924131,2026-02-03,in_dlv_2026,IT,20090,20090,True,2128.0,265.54,0.0,12.32,False,beurteilbar_calc
924128,2026-02-03,in_dlv_2026,ES,17452,17452,True,1064.0,162.47,0.0,4.29,False,no_calculator
924132,2026-02-04,in_dlv_2026,BE,7700,7700,True,1064.0,151.36,13.65,6.38,False,no_calculator
924132,2026-02-04,in_dlv_2026,BE,8520,8520,True,3192.0,319.36,28.81,18.56,False,no_calculator
924132,2026-02-04,in_dlv_2026,BE,1500,1500,True,1.3,0.5209,0.022,0.0081,False,no_calculator
924132,2026-02-04,in_dlv_2026,BE,9200,9200,True,1013.65,151.36,13.65,6.38,False,no_calculator
924132,2026-02-04,in_dlv_2026,BE,8700,8700,True,120.0,34.88,3.15,1.16,False,no_calculator
924132,2026-02-04,in_dlv_2026,BE,9600,9600,True,154.32,34.88,3.15,1.16,False,no_calculator
924132,2026-02-04,in_dlv_2026,BE,8790,8790,True,259.56,52.32,4.72,1.74,False,no_calculator
924132,2026-02-04,in_dlv_2026,BE,8560,8560,True,1324.04,192.64,17.38,8.12,False,no_calculator
4251019886,2026-02-05,in_dlv_2026,GR,320 11,32011,True,375.84,142.2143,2.9714,2.264,False,no_calculator
924132,2026-02-05,in_dlv_2026,BE,1500,1500,True,370.14,148.3191,6.268,2.3119,False,no_calculator
924132,2026-02-05,in_dlv_2026,BE,9240,9240,True,259.56,52.32,4.72,1.74,False,no_calculator
924132,2026-02-05,in_dlv_2026,BE,8970,8970,True,2128.0,235.62,21.25,12.76,False,no_calculator
924132,2026-02-05,in_dlv_2026,BE,8800,8800,True,221.8,52.32,4.72,1.74,False,no_calculator
4251021008,2026-02-05,in_dlv_2026,DE,72072,72072,True,1064.0,162.47,0.0,4.29,False,no_dlv_land
4251019886,2026-02-05,in_dlv_2026,GR,194 00,19400,True,925.68,269.9457,7.3186,5.576,False,no_calculator
4251019887,2026-02-06,in_dlv_2026,GR,570 22,57022,True,711.31,204.9436,5.4922,4.1845,False,no_calculator
924131,2026-02-06,in_dlv_2026,IT,40050,40050,True,1063.0,151.03,0.0,6.16,False,beurteilbar_calc
924131,2026-02-06,in_dlv_2026,IT,59100,59100,True,1013.65,236.83,0.0,6.16,False,beurteilbar_calc
924131,2026-02-06,in_dlv_2026,IT,13866,13866,True,4050.8,533.41,0.0,22.96,False,beurteilbar_calc
924131,2026-02-06,in_dlv_2026,IT,25125,25125,True,6322.7,472.32,0.0,35.84,False,beurteilbar_calc
924131,2026-02-06,in_dlv_2026,IT,20098,20098,True,4757.9,404.64,0.0,26.88,False,beurteilbar_calc
924132,2026-02-06,in_dlv_2026,BE,9051,9051,True,1.5,40.55,3.66,0.58,False,no_calculator
4251024551,2026-02-06,in_dlv_2026,IT,13866,13866,True,8056.0,1725.0,0.0,0.0,True,beurteilbar_calc
924132,2026-02-06,in_dlv_2026,BE,8790,8790,True,0.0,229.2713,12.5824,5.6426,False,t_zero
4251019887,2026-02-06,in_dlv_2026,GR,570 13,57013,True,606.58,177.0222,6.5135,3.5684,False,no_calculator
924128,2026-02-06,in_dlv_2026,ES,46890,46890,True,18188.79,1987.44,0.0,70.98,False,no_calculator
924128,2026-02-06,in_dlv_2026,ES,46220,46220,True,10640.0,1313.96,0.0,41.73,False,no_calculator
924132,2026-02-06,in_dlv_2026,BE,3500,3500,True,8.5,40.55,3.66,0.58,False,no_calculator
924132,2026-02-06,in_dlv_2026,BE,8790,8790,True,0.0,124.2287,6.8176,3.0574,False,t_zero
4251019887,2026-02-06,in_dlv_2026,GR,570 22,57022,True,14.8,4.2641,0.1143,0.0871,False,no_calculator
924128,2026-02-06,in_dlv_2026,ES,46890,46890,True,20391.41,2101.2,0.0,79.56,False,no_calculator
924131,2026-02-06,in_dlv_2026,IT,28010,28010,True,2378.56,332.16,0.0,13.44,False,beurteilbar_calc
924132,2026-02-06,in_dlv_2026,BE,8550,8550,True,129.29,15.7603,1.2836,0.7309,False,no_calculator
924132,2026-02-09,in_dlv_2026,BE,8550,8550,True,2128.0,259.3997,21.1264,12.0291,False,no_calculator
924148,2026-02-09,in_dlv_2026,BE,3600,3600,True,1263.6,178.88,18.1,7.54,False,no_calculator
924148,2026-02-09,in_dlv_2026,BE,1500,1500,True,124.3,34.88,3.5,1.16,False,no_calculator
924148,2026-02-09,in_dlv_2026,BE,7700,7700,True,1064.0,151.36,15.32,6.38,False,no_calculator
924132,2026-02-09,in_dlv_2026,BE,9600,9600,True,3591.2,359.28,32.41,20.88,False,no_calculator
924132,2026-02-09,in_dlv_2026,BE,6690,6690,True,6318.0,483.84,43.65,37.12,False,no_calculator
924148,2026-02-10,in_dlv_2026,BE,7080,7080,True,746.48,129.44,13.02,4.64,False,no_calculator
924145,2026-02-10,in_dlv_2026,ES,46890,46890,True,11.7,1.1458,0.0,0.0457,False,no_calculator
924153,2026-02-10,in_dlv_2026,IT,41019,41019,True,3783.9,363.66,0.0,21.28,False,beurteilbar_calc
924145,2026-02-10,in_dlv_2026,ES,46890,46890,True,21729.2,2128.6542,0.0,84.9743,False,no_calculator
924153,2026-02-10,in_dlv_2026,IT,59100,59100,True,6362.14,619.52,0.0,35.84,False,beurteilbar_calc
924148,2026-02-10,in_dlv_2026,BE,9600,9600,True,4155.3,392.7,40.5,24.36,False,no_calculator
924148,2026-02-10,in_dlv_2026,BE,8531,8531,True,1064.0,151.36,15.32,6.38,False,no_calculator
924097,2026-02-10,in_dlv_2026,AT,6832,6832,True,262.16,51.7,0.0,1.68,False,no_calculator
924132,2026-02-11,in_dlv_2026,BE,8790,8790,True,1064.0,151.36,13.65,6.38,False,no_calculator
924148,2026-02-11,in_dlv_2026,BE,9800,9800,True,1263.6,178.88,18.1,7.54,False,no_calculator
924148,2026-02-11,in_dlv_2026,BE,8560,8560,True,2186.0,235.62,24.12,12.76,False,no_calculator
924148,2026-02-11,in_dlv_2026,BE,7700,7700,True,134.28,34.88,3.5,1.16,False,no_calculator
924153,2026-02-11,in_dlv_2026,IT,20098,20098,True,5365.48,438.48,0.0,30.24,False,beurteilbar_calc
924153,2026-02-11,in_dlv_2026,IT,13866,13866,True,4050.8,533.41,0.0,22.96,False,beurteilbar_calc
924153,2026-02-11,in_dlv_2026,IT,24059,24059,True,2128.0,265.54,0.0,12.32,False,beurteilbar_calc
4251020553,2026-02-12,in_dlv_2026,GR,320 11,32011,True,772.45,242.8054,5.9801,4.5587,False,no_calculator
4251020553,2026-02-12,in_dlv_2026,GR,194 00,19400,True,461.12,136.9746,3.5699,2.7213,False,no_calculator
924148,2026-02-12,in_dlv_2026,BE,8560,8560,True,279.74,52.32,5.25,1.74,False,no_calculator
924148,2026-02-12,in_dlv_2026,BE,8710,8710,True,6246.4,476.28,49.79,36.54,False,no_calculator
924145,2026-02-13,in_dlv_2026,ES,46890,46890,True,7145.42,965.9356,0.0,28.0712,False,no_calculator
4251020552,2026-02-13,in_dlv_2026,GR,570 22,57022,True,160.5,72.1359,1.1853,0.9031,False,no_calculator
924145,2026-02-13,in_dlv_2026,ES,46890,46890,True,0.85,0.115,0.0,0.0033,False,no_calculator
924145,2026-02-13,in_dlv_2026,ES,46890,46890,True,0.2,0.0271,0.0,0.0008,False,no_calculator
924153,2026-02-13,in_dlv_2026,IT,20098,20098,True,4457.67,402.75,0.0,25.2,False,beurteilbar_calc
4251020552,2026-02-13,in_dlv_2026,GR,570 13,57013,True,1002.24,272.3897,10.0219,5.6395,False,no_calculator
4251020552,2026-02-13,in_dlv_2026,GR,570 08,57008,True,230.56,86.1943,1.7028,1.2973,False,no_calculator
924145,2026-02-13,in_dlv_2026,ES,46890,46890,True,1.2,0.1623,0.0,0.0047,False,no_calculator
924153,2026-02-16,in_dlv_2026,IT,37059,37059,True,2027.9,253.47,0.0,11.76,False,beurteilbar_calc
924187,2026-02-16,in_dlv_2026,BE,9600,9600,True,1064.0,151.36,15.28,6.38,False,no_calculator
924187,2026-02-16,in_dlv_2026,BE,8560,8560,True,1064.0,151.36,15.28,6.38,False,no_calculator
924185,2026-02-17,in_dlv_2026,ES,46890,46890,True,21175.14,2129.8,0.0,82.68,False,no_calculator
924188,2026-02-17,in_dlv_2026,IT,59100,59100,True,7217.92,668.68,0.0,40.88,False,beurteilbar_calc
924188,2026-02-17,in_dlv_2026,IT,20098,20098,True,3311.44,335.92,0.0,19.04,False,beurteilbar_calc
924187,2026-02-18,in_dlv_2026,BE,4000,4000,True,134.28,34.88,3.52,1.16,False,no_calculator
924187,2026-02-18,in_dlv_2026,BE,3600,3600,True,3192.0,319.36,32.21,18.56,False,no_calculator
924187,2026-02-18,in_dlv_2026,BE,9600,9600,True,1263.6,178.88,18.05,7.54,False,no_calculator
4251022275,2026-02-19,in_dlv_2026,GR,194 00,19400,True,232.28,94.0874,1.9915,1.473,False,no_calculator
4251022275,2026-02-19,in_dlv_2026,GR,320 11,32011,True,385.89,151.4526,3.3085,2.447,False,no_calculator
924189,2026-02-19,in_dlv_2026,AT,4020,4020,True,2128.0,361.34,0.0,12.32,False,no_calculator
924187,2026-02-19,in_dlv_2026,BE,8790,8790,True,0.0,187.1469,10.0024,4.0095,False,t_zero
924187,2026-02-19,in_dlv_2026,BE,8790,8790,True,0.0,164.7931,8.8076,3.5305,False,t_zero
924185,2026-02-20,in_dlv_2026,ES,46890,46890,True,22236.61,2129.8,0.0,86.97,False,no_calculator
924188,2026-02-20,in_dlv_2026,IT,20098,20098,True,4620.26,396.21,0.0,26.32,False,beurteilbar_calc
924185,2026-02-20,in_dlv_2026,ES,46890,46890,True,1244.2,277.29,0.0,5.07,False,no_calculator
4251022276,2026-02-20,in_dlv_2026,GR,570 08,57008,True,666.76,193.9,5.3,3.92,False,no_calculator
924187,2026-02-20,in_dlv_2026,BE,7700,7700,True,1046.5,151.36,15.28,6.38,False,no_calculator
924187,2026-02-20,in_dlv_2026,BE,9240,9240,True,510.12,97.08,9.8,3.48,False,no_calculator
924185,2026-02-20,in_dlv_2026,ES,08310,08310,True,3192.0,329.6,0.0,12.48,False,no_calculator
924188,2026-02-20,in_dlv_2026,IT,59100,59100,True,5305.61,601.02,0.0,30.24,False,beurteilbar_calc
924223,2026-02-24,in_dlv_2026,AT,4020,4020,True,510.12,110.08,0.0,3.36,False,no_calculator
924225,2026-02-24,in_dlv_2026,BE,1500,1500,True,0.0,40.55,4.13,0.58,False,t_zero
924198,2026-02-24,in_dlv_2026,ES,46890,46890,True,5637.13,764.94,0.0,22.23,False,no_calculator
924223,2026-02-24,in_dlv_2026,AT,7561,7561,True,5913.9,797.26,0.0,33.6,False,no_calculator
924225,2026-02-24,in_dlv_2026,BE,1500,1500,True,0.0,69.76,7.09,2.32,False,t_zero
924225,2026-02-24,in_dlv_2026,BE,8970,8970,True,1064.0,151.36,15.4,6.38,False,no_calculator
924225,2026-02-24,in_dlv_2026,BE,7700,7700,True,1064.0,151.36,15.4,6.38,False,no_calculator
924225,2026-02-24,in_dlv_2026,BE,8790,8790,True,1323.56,192.64,19.6,8.12,False,no_calculator
924225,2026-02-24,in_dlv_2026,BE,8520,8520,True,2262.28,246.33,25.05,13.34,False,no_calculator
924225,2026-02-24,in_dlv_2026,BE,3520,3520,True,1292.8,178.88,18.19,7.54,False,no_calculator
924224,2026-02-24,in_dlv_2026,IT,20098,20098,True,2458.66,296.5,0.0,14.0,False,beurteilbar_calc
924225,2026-02-26,in_dlv_2026,BE,8560,8560,True,1323.56,192.64,19.6,8.12,False,no_calculator
924225,2026-02-26,in_dlv_2026,BE,9800,9800,True,2253.28,246.33,25.05,13.34,False,no_calculator
924225,2026-02-26,in_dlv_2026,BE,1850,1850,True,322.1,69.76,7.09,2.32,False,no_calculator
924198,2026-02-27,in_dlv_2026,ES,46890,46890,True,8908.43,1207.8,0.0,35.1,False,no_calculator
924225,2026-02-27,in_dlv_2026,BE,4000,4000,True,134.28,34.88,3.55,1.16,False,no_calculator
924198,2026-02-27,in_dlv_2026,ES,08310,08310,True,3192.0,329.6,0.0,12.48,False,no_calculator
924198,2026-02-27,in_dlv_2026,ES,46890,46890,True,21353.26,2129.8,0.0,83.46,False,no_calculator
924225,2026-02-27,in_dlv_2026,BE,8790,8790,True,3441.29,349.3,35.53,20.3,False,no_calculator
4251023160,2026-02-27,in_dlv_2026,GR,320 11,32011,True,2519.0,731.3838,18.7178,14.2612,False,no_calculator
4251023161,2026-02-27,in_dlv_2026,GR,570 01,57001,True,8194.72,1826.96,57.76,45.92,False,no_calculator
4251023160,2026-02-27,in_dlv_2026,GR,194 00,19400,True,250.61,90.5262,1.8622,1.4188,False,no_calculator
924225,2026-02-27,in_dlv_2026,BE,9600,9600,True,1064.0,151.36,15.4,6.38,False,no_calculator
924225,2026-02-27,in_dlv_2026,BE,1500,1500,True,41.1,40.55,4.13,0.58,False,no_calculator
924225,2026-03-02,in_dlv_2026,BE,9200,9200,True,3513.8,359.28,36.53,20.88,False,no_calculator
924224,2026-03-02,in_dlv_2026,IT,20098,20098,True,4286.31,384.85,0.0,24.08,False,beurteilbar_calc
924234,2026-03-02,in_dlv_2026,BE,8560,8560,True,1020.24,151.99,14.7,6.38,False,no_calculator
924234,2026-03-02,in_dlv_2026,BE,8790,8790,True,137.4,35.03,3.39,1.16,False,no_calculator
924233,2026-03-03,in_dlv_2026,IT,22069,22069,True,3242.05,336.6,0.0,18.48,False,beurteilbar_calc
924224,2026-03-03,in_dlv_2026,IT,25037,25037,True,2128.0,265.54,0.0,12.32,False,beurteilbar_calc
924241,2026-03-03,in_dlv_2026,ES,46890,46890,True,18268.05,1998.36,0.0,71.37,False,no_calculator
924233,2026-03-03,in_dlv_2026,IT,28062,28062,True,3232.0,405.24,0.0,18.48,False,beurteilbar_calc
924233,2026-03-03,in_dlv_2026,IT,20098,20098,True,5528.81,436.8,0.0,31.36,False,beurteilbar_calc
924234,2026-03-04,in_dlv_2026,BE,8970,8970,True,169.65,35.03,3.39,1.16,False,no_calculator
924232,2026-03-04,in_dlv_2026,AT,4020,4020,True,3192.0,516.14,0.0,17.92,False,no_calculator
924234,2026-03-04,in_dlv_2026,BE,9600,9600,True,3141.65,320.67,31.01,18.56,False,no_calculator
924234,2026-03-04,in_dlv_2026,BE,9000,9000,True,20.8,40.72,3.94,0.58,False,no_calculator
924234,2026-03-04,in_dlv_2026,BE,8790,8790,True,1054.53,151.99,14.7,6.38,False,no_calculator
924234,2026-03-04,in_dlv_2026,BE,4821,4821,True,1064.0,151.99,14.7,6.38,False,no_calculator
924234,2026-03-04,in_dlv_2026,BE,8000,8000,True,1198.28,165.81,16.03,6.96,False,no_calculator
924234,2026-03-05,in_dlv_2026,BE,9600,9600,True,259.56,52.54,5.08,1.74,False,no_calculator
4251024704,2026-03-05,in_dlv_2026,GR,194 00,19400,True,345.84,115.0064,2.7639,2.0419,False,no_calculator
924234,2026-03-05,in_dlv_2026,BE,9031,9031,True,41.1,40.72,3.94,0.58,False,no_calculator
4251024704,2026-03-05,in_dlv_2026,GR,133 41,13341,True,128.4,67.8036,1.0261,0.7581,False,no_calculator
4251024705,2026-03-05,in_dlv_2026,GR,573 00,57300,True,2719.6,703.4344,19.5284,15.366,False,no_calculator
924233,2026-03-05,in_dlv_2026,IT,64027,64027,True,1064.0,270.05,0.0,6.16,False,beurteilbar_calc
924234,2026-03-05,in_dlv_2026,BE,9800,9800,True,1198.28,165.81,16.03,6.96,False,no_calculator
924233,2026-03-05,in_dlv_2026,IT,62010,62010,True,1049.0,270.05,0.0,6.16,False,beurteilbar_calc
924233,2026-03-05,in_dlv_2026,IT,59100,59100,True,4579.64,535.9,0.0,25.76,False,beurteilbar_calc
4251024705,2026-03-05,in_dlv_2026,GR,570 13,57013,True,1388.88,361.7312,9.973,7.8473,False,no_calculator
4251024705,2026-03-05,in_dlv_2026,GR,570 01,57001,True,1144.54,301.0934,8.2185,6.4667,False,no_calculator
924241,2026-03-06,in_dlv_2026,ES,46890,46890,True,21697.45,2129.8,0.0,84.63,False,no_calculator
924234,2026-03-06,in_dlv_2026,BE,8790,8790,True,1064.0,151.99,14.7,6.38,False,no_calculator
924234,2026-03-06,in_dlv_2026,BE,8560,8560,True,1064.0,151.99,14.7,6.38,False,no_calculator
924233,2026-03-06,in_dlv_2026,IT,43036,43036,True,2065.2,290.64,0.0,11.76,False,beurteilbar_calc
924233,2026-03-06,in_dlv_2026,IT,21055,21055,True,6464.0,479.7,0.0,36.4,False,beurteilbar_calc
924232,2026-03-06,in_dlv_2026,AT,9020,9020,True,32.1,40.16,0.0,0.56,False,no_calculator
924233,2026-03-06,in_dlv_2026,IT,20098,20098,True,5431.52,446.6,0.0,30.8,False,beurteilbar_calc
924234,2026-03-06,in_dlv_2026,BE,4821,4821,True,259.56,52.54,5.08,1.74,False,no_calculator
924241,2026-03-06,in_dlv_2026,ES,46890,46890,True,13979.48,1719.2,0.0,54.6,False,no_calculator
924232,2026-03-09,in_dlv_2026,AT,3382,3382,True,89.72,51.7,0.0,0.56,False,no_calculator
924248,2026-03-09,in_dlv_2026,BE,4821,4821,True,239.56,52.32,5.25,1.74,False,no_calculator
924233,2026-03-09,in_dlv_2026,IT,12089,12089,True,845.6,221.61,0.0,5.04,False,beurteilbar_calc
924248,2026-03-09,in_dlv_2026,BE,9200,9200,True,2128.0,235.62,24.12,12.76,False,no_calculator
924248,2026-03-09,in_dlv_2026,BE,9140,9140,True,1263.6,178.88,18.1,7.54,False,no_calculator
924233,2026-03-09,in_dlv_2026,IT,28060,28060,True,1064.0,191.07,0.0,6.16,False,beurteilbar_calc
924248,2026-03-09,in_dlv_2026,BE,7700,7700,True,1163.8,195.97,16.71,6.96,False,no_calculator
924256,2026-03-10,in_dlv_2026,ES,08310,08310,True,3192.0,329.6,0.0,12.48,False,no_calculator
924247,2026-03-10,in_dlv_2026,AT,3331,3331,True,12144.0,1118.43,0.0,68.32,False,no_calculator
924249,2026-03-10,in_dlv_2026,IT,20098,20098,True,4246.06,384.85,0.0,24.08,True,beurteilbar_calc
4251026099,2026-03-10,in_dlv_2026,DE,72144,72144,True,5000.0,1260.72,0.0,0.0,False,no_dlv_land
924248,2026-03-10,in_dlv_2026,BE,8790,8790,True,3192.0,319.36,32.81,18.56,False,no_calculator
924256,2026-03-10,in_dlv_2026,ES,46890,46890,True,20907.29,2129.8,0.0,81.9,False,no_calculator
924249,2026-03-10,in_dlv_2026,IT,75015,75015,True,4655.2,1100.27,0.0,26.32,False,beurteilbar_calc
924249,2026-03-10,in_dlv_2026,IT,24020,24020,True,1927.8,251.8,0.0,11.2,False,beurteilbar_calc
924256,2026-03-10,in_dlv_2026,ES,08173,08173,True,1.5,35.89,0.0,0.39,False,no_calculator
924248,2026-03-10,in_dlv_2026,BE,9800,9800,True,3391.6,339.32,34.86,19.72,False,no_calculator
924249,2026-03-10,in_dlv_2026,IT,59100,59100,True,7859.31,723.64,0.0,44.24,False,beurteilbar_calc
924249,2026-03-10,in_dlv_2026,IT,28069,28069,True,876.0,173.95,0.0,5.04,False,beurteilbar_calc
924248,2026-03-11,in_dlv_2026,BE,8790,8790,True,2552.16,278.46,28.5,15.08,False,no_calculator
924248,2026-03-11,in_dlv_2026,BE,3600,3600,True,1263.6,178.88,18.1,7.54,False,no_calculator
924248,2026-03-11,in_dlv_2026,BE,8520,8520,True,134.28,34.88,3.5,1.16,False,no_calculator
4251026101,2026-03-12,in_dlv_2026,GR,270 50,27050,True,251.28,132.8377,1.9482,1.485,False,no_calculator
4251026101,2026-03-12,in_dlv_2026,GR,194 00,19400,True,534.86,155.3828,4.1469,3.161,False,no_calculator
924248,2026-03-12,in_dlv_2026,BE,8560,8560,True,1218.32,190.23,18.1,7.54,False,no_calculator
4251026101,2026-03-12,in_dlv_2026,GR,320 11,32011,True,635.2,204.0795,4.9249,3.754,False,no_calculator
924248,2026-03-13,in_dlv_2026,BE,8540,8540,True,0.0,241.7572,24.4607,10.1903,False,t_zero
4251026102,2026-03-13,in_dlv_2026,GR,570 13,57013,True,626.4,180.5236,6.6424,3.6666,False,no_calculator
4251026102,2026-03-13,in_dlv_2026,GR,570 08,57008,True,230.56,88.0567,1.7713,1.3496,False,no_calculator
924248,2026-03-13,in_dlv_2026,BE,8400,8400,True,2228.1,262.14,25.21,13.34,False,no_calculator
4251026102,2026-03-13,in_dlv_2026,GR,570 22,57022,True,865.1,244.5694,6.6463,5.0638,False,no_calculator
924249,2026-03-13,in_dlv_2026,IT,22063,22063,True,2344.09,308.05,0.0,13.44,True,beurteilbar_calc
924249,2026-03-13,in_dlv_2026,IT,20098,20098,True,2998.5,334.5,0.0,16.8,True,beurteilbar_calc
924248,2026-03-13,in_dlv_2026,BE,9200,9200,True,2128.0,235.62,24.12,12.76,False,no_calculator
924248,2026-03-13,in_dlv_2026,BE,8540,8540,True,144.33,37.07,3.5,1.16,False,no_calculator
924256,2026-03-13,in_dlv_2026,ES,46890,46890,True,21711.54,2129.8,0.0,85.02,False,no_calculator
924248,2026-03-13,in_dlv_2026,BE,8540,8540,True,0.0,5.9228,0.5993,0.2497,False,t_zero
4251026104,2026-03-19,in_dlv_2026,GR,570 01,57001,True,3630.1,947.94,26.77,20.72,False,no_calculator
4251026103,2026-03-19,in_dlv_2026,GR,194 00,19400,True,419.58,127.1226,3.208,2.4451,False,no_calculator
4251026103,2026-03-19,in_dlv_2026,GR,104 43,10443,True,217.0,85.0245,1.6591,1.2645,False,no_calculator
4251026103,2026-03-19,in_dlv_2026,GR,320 11,32011,True,1189.28,358.8629,9.0929,6.9304,False,no_calculator
