_cluster;_system;_is_kontroll;_abw_grund;Rechnungsnummer;Auftragsnummer;Leistungsdatum;Empfänger Name;Empfänger PLZ;Empfänger Land;Tonnage (eff.);Soll EUR;Dinas Fracht;Dinas Diesel;Dinas Maut/SSD;Dinas Ausfuhr;Dinas Verzollung;Dinas Zoll Duty;Dinas Zollbetrag;Dinas Sulphur;Dinas Nebenkostenpausch.;Dinas Redebit;Dinas Sonstige;Dinas Gesamt;AX Fracht;AX Diesel;AX Maut;AX Nebengebühr;AX Lademittel;AX Peak;AX EUST/Zoll;AX Versicherung;AX Gesamt
FR|77|bis 500kg;PRE;0;Hauptursache: Fracht: +99%, Diesel: +1%;3773387;32925122;2025-07-11;PLATEFORME LOGISTIQUE COGEFERM;77164;FR;323.0000;235.7200;822.1200;12.3300;0.0000;0.0000;0.0000;0.0000;0.0000;0.0000;0.0000;0.0000;0.0000;834.4500;;;;;;;;;
FR|77|bis 500kg;POST;0;Hauptursache: Fracht: +99%, Diesel: +1%;4251011138;7091200281057002;2025-10-21;PLATEFORME LOGISTIQUE COGEFERM;77164;FR;384.7000;;;;;;;;;;;;;;278.0276;5.5577;0.0000;0.0000;0.0000;0.0000;0.0000;0.0000;283.5853
FR|77|bis 500kg;POST;0;Hauptursache: Fracht: +99%, Diesel: +1%;2568656;7091200282105009;2025-11-14;GEZE FRANCE S.A.R.L.;77170;FR;312.0000;235.7200;;;;;;;;;;;;;62.3767;1.2476;0.0000;0.0000;0.0000;0.0000;0.0000;0.0000;63.6243
FR|77|bis 500kg;POST;0;Hauptursache: Fracht: +99%, Diesel: +1%;2573273;7091200282730003;2025-11-28;GEZE FRANCE S.A.R.L.;77170;FR;347.0000;;;;;;;;;;;;;;91.0120;1.8201;0.0000;0.0000;0.0000;0.0000;0.0000;0.0000;92.8321
FR|77|bis 500kg;POST;0;Hauptursache: Fracht: +99%, Diesel: +1%;2577017;7091200283078005;2025-12-05;GEZE FRANCE S.A.R.L.;77170;FR;499.0000;294.6500;;;;;;;;;;;;;132.2376;2.6454;0.0000;0.0000;0.0000;0.0000;0.0000;0.0000;134.8830
FR|77|bis 500kg;POST;0;Hauptursache: Fracht: +99%, Diesel: +1%;2577017;7091200283092001;2025-12-05;GEZE FRANCE S.A.R.L.;77170;FR;318.0000;;;;;;;;;;;;;;84.2717;1.6859;0.0000;0.0000;0.0000;0.0000;0.0000;0.0000;85.9576
FR|77|bis 500kg;KONTROLL_PRE;1;Hauptursache: Fracht: +99%, Diesel: +1%;3773387;32925122;2025-07-11;PLATEFORME LOGISTIQUE COGEFERM;77164;FR;323.0000;235.7200;822.1200;12.3300;0.0000;0.0000;0.0000;0.0000;0.0000;0.0000;0.0000;0.0000;0.0000;834.4500;;;;;;;;;
FR|77|bis 500kg;KONTROLL_POST;1;Hauptursache: Fracht: +99%, Diesel: +1%;0;7091200286456008;2026-03-10;PLATEFORME LOGISTIQUE COGEFERM;77164;FR;315.0000;;;;;;;;;;;;;;228.6077;9.1474;0.0000;22.8647;0.0000;0.0000;0.0000;0.0000;260.6198
FR|59|über 3000kg;PRE;0;Hauptursache: Fracht: +98%, Diesel: +2%;3769532;32901136;2025-06-04;CENTRE LOGISTIQUE TRENOIS DECA;59273;FR;8124.0000;2166.4400;2314.0400;46.2800;0.0000;0.0000;0.0000;0.0000;0.0000;0.0000;0.0000;0.0000;0.0000;2360.3200;;;;;;;;;
FR|59|über 3000kg;POST;0;Hauptursache: Fracht: +98%, Diesel: +2%;4251011138;7091200281042008;2025-10-22;CENTRE LOGISTIQUE TRENOIS DECA;59273;FR;9952.0000;2642.0000;;;;;;;;;;;;;2072.1509;41.4430;0.0000;0.0000;0.0000;0.0000;0.0000;0.0000;2113.5939
FR|59|über 3000kg;POST;0;Hauptursache: Fracht: +98%, Diesel: +2%;2573273;7091200282378007;2025-11-21;CENTRE LOGISTIQUE TRENOIS DECA;59273;FR;6411.1500;;;;;;;;;;;;;;1784.0700;0.0000;0.0000;0.0000;0.0000;0.0000;0.0000;0.0000;1784.0700
FR|59|über 3000kg;POST;0;Hauptursache: Fracht: +98%, Diesel: +2%;0;7092010019755006;2025-11-21;CENTRE LOGISTIQUE TRENOIS DECA;59273;FR;6449.9400;;;;;;;;;;;;;;0.0000;0.0000;0.0000;0.0000;0.0000;0.0000;0.0000;0.0000;0.0000
FR|59|über 3000kg;POST;0;Hauptursache: Fracht: +98%, Diesel: +2%;0;7092010025318004;2025-12-15;CENTRE LOGISTIQUE TRENOIS DECA;59273;FR;6357.5100;;;;;;;;;;;;;;0.0000;0.0000;0.0000;0.0000;0.0000;0.0000;0.0000;0.0000;0.0000
FR|59|über 3000kg;POST;0;Hauptursache: Fracht: +98%, Diesel: +2%;2577017;7091200283310006;2025-12-15;CENTRE LOGISTIQUE TRENOIS DECA;59273;FR;6282.5000;1777.8600;;;;;;;;;;;;;1806.6400;35.5600;0.0000;0.0000;0.0000;0.0000;0.0000;0.0000;1842.2000
FR|59|über 3000kg;KONTROLL_PRE;1;Hauptursache: Fracht: +98%, Diesel: +2%;3769532;32901136;2025-06-04;CENTRE LOGISTIQUE TRENOIS DECA;59273;FR;8124.0000;2166.4400;2314.0400;46.2800;0.0000;0.0000;0.0000;0.0000;0.0000;0.0000;0.0000;0.0000;0.0000;2360.3200;;;;;;;;;
FR|59|über 3000kg;KONTROLL_POST;1;Hauptursache: Fracht: +98%, Diesel: +2%;0;7092010019755006;2025-11-21;CENTRE LOGISTIQUE TRENOIS DECA;59273;FR;6449.9400;;;;;;;;;;;;;;0.0000;0.0000;0.0000;0.0000;0.0000;0.0000;0.0000;0.0000;0.0000
CH|62|bis 50kg;PRE;0;Hauptursache: Fracht: +100%;3767000;32887917;2025-05-02;GEZE SCHWEIZ AG               ;6260;CH;19.0000;55.7600;54.0700;0.0000;0.0000;0.0000;0.0000;0.0000;0.0000;0.0000;0.0000;0.0000;0.0000;54.0700;;;;;;;;;
CH|62|bis 50kg;PRE;0;Hauptursache: Fracht: +100%;3767000;32887308;2025-05-05;4B FENSTER AG                 ;6280;CH;25.0000;55.7600;54.0700;0.0000;0.0000;0.0000;0.0000;0.0000;0.0000;0.0000;0.0000;0.0000;0.0000;54.0700;;;;;;;;;
CH|62|bis 50kg;PRE;0;Hauptursache: Fracht: +100%;3767000;32890485;2025-05-08;GEZE SCHWEIZ AG               ;6260;CH;43.0000;55.7600;54.0700;0.0000;0.0000;0.0000;0.0000;0.0000;0.0000;0.0000;0.0000;0.0000;0.0000;54.0700;;;;;;;;;
CH|62|bis 50kg;PRE;0;Hauptursache: Fracht: +100%;3770778;32906060;2025-06-04;GEZE SCHWEIZ AG               ;6260;CH;14.0000;55.7600;23.9900;0.0000;0.0000;0.0000;0.0000;0.0000;0.0000;0.0000;0.0000;0.0000;0.0000;23.9900;;;;;;;;;
CH|62|bis 50kg;PRE;0;Hauptursache: Fracht: +100%;3770778;32907761;2025-06-06;GEZE SCHWEIZ AG               ;6260;CH;26.0000;55.7600;23.9900;0.0000;0.0000;0.0000;0.0000;0.0000;0.0000;0.0000;0.0000;0.0000;0.0000;23.9900;;;;;;;;;
CH|62|bis 50kg;POST;0;Hauptursache: Fracht: +100%;4251000022;7091200280129007;2025-09-30;GEZE Schweiz AG;6260;CH;0.1000;;;;;;;;;;;;;;0.1512;0.0038;0.0000;0.1317;0.0000;0.0000;0.0000;0.0000;0.2867
CH|62|bis 50kg;POST;0;Hauptursache: Fracht: +100%;4251000022;7091200280137002;2025-10-01;GEZE Schweiz AG;6260;CH;1.9700;;;;;;;;;;;;;;2.9785;0.0742;0.0000;2.5939;0.0000;0.0000;0.0000;0.0000;5.6466
CH|62|bis 50kg;POST;0;Hauptursache: Fracht: +100%;4251000022;7091200280141009;2025-10-01;GEZE Schweiz AG;6260;CH;2.9700;;;;;;;;;;;;;;4.4904;0.1119;0.0000;3.9106;0.0000;0.0000;0.0000;0.0000;8.5129
CH|62|bis 50kg;POST;0;Hauptursache: Fracht: +100%;4251000022;7091200280140002;2025-10-01;GEZE Schweiz AG;6260;CH;0.6900;;;;;;;;;;;;;;1.0432;0.0260;0.0000;0.9085;0.0000;0.0000;0.0000;0.0000;1.9777
CH|62|bis 50kg;POST;0;Hauptursache: Fracht: +100%;4251000022;7091200280138009;2025-10-01;GEZE Schweiz AG;6260;CH;10.1300;;;;;;;;;;;;;;15.3159;0.3818;0.0000;13.3382;0.0000;0.0000;0.0000;0.0000;29.0359
CH|62|bis 50kg;KONTROLL_PRE;1;Hauptursache: Fracht: +100%;3767000;32887917;2025-05-02;GEZE SCHWEIZ AG               ;6260;CH;19.0000;55.7600;54.0700;0.0000;0.0000;0.0000;0.0000;0.0000;0.0000;0.0000;0.0000;0.0000;0.0000;54.0700;;;;;;;;;
CH|62|bis 50kg;KONTROLL_POST;1;Hauptursache: Fracht: +100%;4251021886;7091200284260003;2026-01-21;GEZE Schweiz AG;6260;CH;19.0000;;;;;;;;;;;;;;49.8560;1.4932;0.0000;41.1383;0.0000;0.0000;0.0000;0.0000;92.4875
FR|72|bis 750kg;PRE;0;Hauptursache: Fracht: +99%, Diesel: +1%;3773387;32922935;2025-07-09;BOSCHAT LAVEIX ARNAGE         ;72230;FR;585.0000;;822.1200;12.3300;0.0000;0.0000;0.0000;0.0000;0.0000;0.0000;0.0000;0.0000;0.0000;834.4500;;;;;;;;;
FR|72|bis 750kg;POST;0;Hauptursache: Fracht: +99%, Diesel: +1%;4251000024;7091200280164008;2025-09-30;BOSCHAT LAVEIX ARNAGE;72230;FR;584.0000;302.0400;;;;;;;;;;;;;302.0400;7.5500;0.0000;0.0000;0.0000;0.0000;0.0000;0.0000;309.5900
FR|72|bis 750kg;POST;0;Hauptursache: Fracht: +99%, Diesel: +1%;0;7092010004724000;2025-10-06;BOSCHAT LAVEIX ARNAGE;72230;FR;666.0000;;;;;;;;;;;;;;0.0000;0.0000;0.0000;0.0000;0.0000;0.0000;0.0000;0.0000;0.0000
FR|72|bis 750kg;POST;0;Hauptursache: Fracht: +99%, Diesel: +1%;0;7092010011024001;2025-10-22;FOUSSIER SAS;72700;FR;530.5100;;;;;;;;;;;;;;0.0000;0.0000;0.0000;0.0000;0.0000;0.0000;0.0000;0.0000;0.0000
FR|72|bis 750kg;POST;0;Hauptursache: Fracht: +99%, Diesel: +1%;2573273;7091200282593004;2025-11-25;FOUSSIER SAS;72700;FR;586.1000;302.0400;;;;;;;;;;;;;302.0400;6.0400;0.0000;0.0000;0.0000;0.0000;0.0000;0.0000;308.0800
FR|72|bis 750kg;POST;0;Hauptursache: Fracht: +99%, Diesel: +1%;2573273;7091200282522004;2025-11-26;FOUSSIER SAS;72700;FR;520.0000;302.0400;;;;;;;;;;;;;359.3100;5.5796;0.0000;0.0000;0.0000;0.0000;0.0000;0.0000;364.8896
FR|72|bis 750kg;KONTROLL_PRE;1;Hauptursache: Fracht: +99%, Diesel: +1%;3773387;32922935;2025-07-09;BOSCHAT LAVEIX ARNAGE         ;72230;FR;585.0000;;822.1200;12.3300;0.0000;0.0000;0.0000;0.0000;0.0000;0.0000;0.0000;0.0000;0.0000;834.4500;;;;;;;;;
FR|72|bis 750kg;KONTROLL_POST;1;Hauptursache: Fracht: +99%, Diesel: +1%;4251000024;7091200280164008;2025-09-30;BOSCHAT LAVEIX ARNAGE;72230;FR;584.0000;302.0400;;;;;;;;;;;;;302.0400;7.5500;0.0000;0.0000;0.0000;0.0000;0.0000;0.0000;309.5900
FR|59|bis 750kg;PRE;0;Hauptursache: Fracht: +99%, Diesel: +1%;3773387;32924429;2025-07-10;FAILLE                        ;59930;FR;587.0000;302.0400;822.1200;12.3300;0.0000;0.0000;0.0000;0.0000;0.0000;0.0000;0.0000;0.0000;0.0000;834.4500;;;;;;;;;
FR|59|bis 750kg;POST;0;Hauptursache: Fracht: +99%, Diesel: +1%;0;7092010005981006;2025-10-08;FAILLE;59930;FR;614.3100;;;;;;;;;;;;;;0.0000;0.0000;0.0000;0.0000;0.0000;0.0000;0.0000;0.0000;0.0000
FR|59|bis 750kg;POST;0;Hauptursache: Fracht: +99%, Diesel: +1%;4251000560;7091200280561005;2025-10-15;CENTRE LOGISTIQUE TRENOIS DECA;59273;FR;547.0000;302.0400;;;;;;;;;;;;;314.4403;6.2909;0.0000;0.0000;0.0000;0.0000;0.0000;0.0000;320.7312
FR|59|bis 750kg;POST;0;Hauptursache: Fracht: +99%, Diesel: +1%;2586869;7091200284272006;2026-01-22;FAILLE;59930;FR;531.0000;302.0400;;;;;;;;;;;;;302.0400;9.0600;0.0000;0.0000;0.0000;0.0000;0.0000;0.0000;311.1000
FR|59|bis 750kg;POST;0;Hauptursache: Fracht: +99%, Diesel: +1%;0;7091200285457006;2026-02-16;FAILLE;59930;FR;512.3600;;;;;;;;;;;;;;203.6811;4.0727;0.0000;0.0000;0.0000;0.0000;0.0000;0.0000;207.7538
FR|59|bis 750kg;POST;0;Hauptursache: Fracht: +99%, Diesel: +1%;;7091200287305008;2026-03-30;FAILLE;59930;FR;519.3000;;;;;;;;;;;;;;0.0000;0.0000;0.0000;0.0000;0.0000;0.0000;0.0000;;0.0000
FR|59|bis 750kg;KONTROLL_PRE;1;Hauptursache: Fracht: +99%, Diesel: +1%;3773387;32924429;2025-07-10;FAILLE                        ;59930;FR;587.0000;302.0400;822.1200;12.3300;0.0000;0.0000;0.0000;0.0000;0.0000;0.0000;0.0000;0.0000;0.0000;834.4500;;;;;;;;;
FR|59|bis 750kg;KONTROLL_POST;1;Hauptursache: Fracht: +99%, Diesel: +1%;0;7092010005981006;2025-10-08;FAILLE;59930;FR;614.3100;;;;;;;;;;;;;;0.0000;0.0000;0.0000;0.0000;0.0000;0.0000;0.0000;0.0000;0.0000
CH|83|bis 50kg;PRE;0;Hauptursache: Fracht: +100%;3763051;32872700;2025-04-02;"KOCH AG;PAUL                  ";8304;CH;2.0000;51.4100;28.3000;0.0000;0.0000;0.0000;0.0000;0.0000;0.0000;0.0000;0.0000;0.0000;0.0000;28.3000;;;;;;;;;
CH|83|bis 50kg;PRE;0;Hauptursache: Fracht: +100%;3763051;32873424;2025-04-03;OPO OESCHGER AG               ;8302;CH;30.0000;51.4100;28.3000;0.0000;0.0000;0.0000;0.0000;0.0000;0.0000;0.0000;0.0000;0.0000;0.0000;28.3000;;;;;;;;;
CH|83|bis 50kg;PRE;0;Hauptursache: Fracht: +100%;3763051;32885505;2025-04-29;OPO OESCHGER AG               ;8302;CH;28.0000;51.4100;28.3000;0.0000;0.0000;0.0000;0.0000;0.0000;0.0000;0.0000;0.0000;0.0000;0.0000;28.3000;;;;;;;;;
CH|83|bis 50kg;PRE;0;Hauptursache: Fracht: +100%;3767000;32893655;2025-05-13;"KOCH AG;PAUL                  ";8304;CH;26.0000;51.4100;54.0700;0.0000;0.0000;0.0000;0.0000;0.0000;0.0000;0.0000;0.0000;0.0000;0.0000;54.0700;;;;;;;;;
CH|83|bis 50kg;PRE;0;Hauptursache: Fracht: +100%;3770778;32905276;2025-06-03;"KOCH AG;PAUL                  ";8304;CH;50.0000;;23.9900;0.0000;0.0000;0.0000;0.0000;0.0000;0.0000;0.0000;0.0000;0.0000;0.0000;23.9900;;;;;;;;;
CH|83|bis 50kg;POST;0;Hauptursache: Fracht: +100%;4251000022;7091200280114003;2025-09-30;KOCH Group AG;8304;CH;38.7500;;;;;;;;;;;;;;11.0602;0.2764;0.0000;3.9729;0.0000;0.0000;0.0000;0.0000;15.3095
CH|83|bis 50kg;POST;0;Hauptursache: Fracht: +100%;4251000022;7091200280130003;2025-09-30;OPO Oeschger AG;8302;CH;13.8500;;;;;;;;;;;;;;4.4497;0.1114;0.0000;1.9511;0.0000;0.0000;0.0000;0.0000;6.5122
CH|83|bis 50kg;POST;0;Hauptursache: Fracht: +100%;4251000022;7091200280113006;2025-09-30;KOCH Group AG;8304;CH;10.4200;;;;;;;;;;;;;;2.9741;0.0743;0.0000;1.0683;0.0000;0.0000;0.0000;0.0000;4.1167
CH|83|bis 50kg;POST;0;Hauptursache: Fracht: +100%;4251011137;7091200280240009;2025-10-06;KOCH Group AG;8304;CH;6.1600;;;;;;;;;;;;;;1.7121;0.0343;0.0000;0.8169;0.0000;0.0000;0.0000;0.0000;2.5633
CH|83|bis 50kg;POST;0;Hauptursache: Fracht: +100%;4251011137;7091200280392005;2025-10-07;KOCH Group AG;8304;CH;4.0000;;;;;;;;;;;;;;2.2640;0.0453;0.0000;1.2775;0.0000;0.0000;0.0000;0.0000;3.5868
CH|83|bis 50kg;KONTROLL_PRE;1;Hauptursache: Fracht: +100%;3763051;32873424;2025-04-03;OPO OESCHGER AG               ;8302;CH;30.0000;51.4100;28.3000;0.0000;0.0000;0.0000;0.0000;0.0000;0.0000;0.0000;0.0000;0.0000;0.0000;28.3000;;;;;;;;;
CH|83|bis 50kg;KONTROLL_POST;1;Hauptursache: Fracht: +100%;4251013511;7091200282787007;2025-11-28;OPO Oeschger AG;8302;CH;30.0000;;;;;;;;;;;;;;46.7364;0.9364;0.0000;41.2818;0.0000;0.0000;0.0000;0.0000;88.9546
FR|01|bis 750kg;PRE;0;Hauptursache: Fracht: +99%, Diesel: +1%;3773387;32925865;2025-07-14;DOORTAL                       ;01700;FR;595.0000;;822.1200;12.3300;0.0000;0.0000;0.0000;0.0000;0.0000;0.0000;0.0000;0.0000;0.0000;834.4500;;;;;;;;;
FR|01|bis 750kg;POST;0;Hauptursache: Fracht: +99%, Diesel: +1%;4251000560;7091200280274004;2025-10-02;PROLIANS LOGISTIQUE CENTRE EST;01160;FR;702.0000;;;;;;;;;;;;;;430.3200;8.6100;0.0000;0.0000;0.0000;0.0000;0.0000;0.0000;438.9300
FR|01|bis 750kg;POST;0;Hauptursache: Fracht: +99%, Diesel: +1%;4251000560;7091200280576009;2025-10-10;PROLIANS LOGISTIQUE CENTRE EST;01160;FR;743.0000;;;;;;;;;;;;;;430.3200;8.6100;0.0000;0.0000;0.0000;0.0000;0.0000;0.0000;438.9300
FR|01|bis 750kg;POST;0;Hauptursache: Fracht: +99%, Diesel: +1%;4251013701;7091200281789002;2025-11-07;PROLIANS LOGISTIQUE CENTRE EST;01160;FR;629.0000;;;;;;;;;;;;;;376.5300;7.5300;0.0000;0.0000;0.0000;0.0000;0.0000;0.0000;384.0600
FR|01|bis 750kg;POST;0;Hauptursache: Fracht: +99%, Diesel: +1%;2582348;7091200283871002;2026-01-13;DOORTAL;01700;FR;737.0000;;;;;;;;;;;;;;430.3200;12.9100;0.0000;0.0000;0.0000;0.0000;0.0000;0.0000;443.2300
FR|01|bis 750kg;POST;0;Hauptursache: Fracht: +99%, Diesel: +1%;2586869;7091200284500000;2026-01-27;DOORTAL;01700;FR;552.0000;;;;;;;;;;;;;;322.7400;9.6800;0.0000;0.0000;0.0000;0.0000;0.0000;0.0000;332.4200
FR|01|bis 750kg;KONTROLL_PRE;1;Hauptursache: Fracht: +99%, Diesel: +1%;3773387;32925865;2025-07-14;DOORTAL                       ;01700;FR;595.0000;;822.1200;12.3300;0.0000;0.0000;0.0000;0.0000;0.0000;0.0000;0.0000;0.0000;0.0000;834.4500;;;;;;;;;
FR|01|bis 750kg;KONTROLL_POST;1;Hauptursache: Fracht: +99%, Diesel: +1%;4251013701;7091200281789002;2025-11-07;PROLIANS LOGISTIQUE CENTRE EST;01160;FR;629.0000;;;;;;;;;;;;;;376.5300;7.5300;0.0000;0.0000;0.0000;0.0000;0.0000;0.0000;384.0600
FR|01|bis 50kg;PRE;0;Hauptursache: Fracht: +97%, Diesel: +3%;3767374;32899565;2025-05-26;PROLIANS LOGISTIQUE CENTRE EST;01160;FR;35.0000;92.1700;270.6400;8.1300;0.0000;0.0000;0.0000;0.0000;0.0000;0.0000;0.0000;0.0000;0.0000;278.7700;;;;;;;;;
FR|01|bis 50kg;POST;0;Hauptursache: Fracht: +97%, Diesel: +3%;53013558;32958148;2025-09-26;PROLIANS LOGISTIQUE CENTRE EST;01160;FR;26.0000;;;;;;;;;;;;;;0.0000;0.0000;0.0000;0.0000;0.0000;;0.0000;;92.9700
FR|01|bis 50kg;POST;0;Hauptursache: Fracht: +97%, Diesel: +3%;4251013701;7091200281733005;2025-11-06;DOORTAL SYSTEMS;01700;FR;45.0300;92.1700;;;;;;;;;;;;;92.1700;1.8400;0.0000;0.0000;0.0000;0.0000;0.0000;0.0000;94.0100
FR|01|bis 50kg;POST;0;Hauptursache: Fracht: +97%, Diesel: +3%;4251013701;7091200281835006;2025-11-10;PROLIANS LOGISTIQUE CENTRE EST;01160;FR;21.4000;92.1700;;;;;;;;;;;;;18.8195;0.3766;0.0000;0.0000;0.0000;0.0000;0.0000;0.0000;19.1961
FR|01|bis 50kg;POST;0;Hauptursache: Fracht: +97%, Diesel: +3%;2582348;7091200283586005;2026-01-08;ZERUX;01700;FR;35.5500;92.1700;;;;;;;;;;;;;92.1700;2.7700;0.0000;0.0000;0.0000;0.0000;0.0000;0.0000;94.9400
FR|01|bis 50kg;POST;0;Hauptursache: Fracht: +97%, Diesel: +3%;0;7091200286560002;2026-03-11;PROLIANS LOGISTIQUE CENTRE EST;01160;FR;43.2900;;;;;;;;;;;;;;92.1700;3.6900;0.0000;9.2200;0.0000;0.0000;0.0000;0.0000;105.0800
FR|01|bis 50kg;KONTROLL_PRE;1;Hauptursache: Fracht: +97%, Diesel: +3%;3767374;32899565;2025-05-26;PROLIANS LOGISTIQUE CENTRE EST;01160;FR;35.0000;92.1700;270.6400;8.1300;0.0000;0.0000;0.0000;0.0000;0.0000;0.0000;0.0000;0.0000;0.0000;278.7700;;;;;;;;;
FR|01|bis 50kg;KONTROLL_POST;1;Hauptursache: Fracht: +97%, Diesel: +3%;0;7091200286560002;2026-03-11;PROLIANS LOGISTIQUE CENTRE EST;01160;FR;43.2900;;;;;;;;;;;;;;92.1700;3.6900;0.0000;9.2200;0.0000;0.0000;0.0000;0.0000;105.0800
IT|20|bis 750kg;PRE;0;Hauptursache: Fracht: +98%, Diesel: +2%;3769298;32904873;2025-06-03;NOBILI FERRAMENTA SRL A. S.U. ;20036;IT;590.0000;;208.2600;4.1700;0.0000;0.0000;0.0000;0.0000;0.0000;0.0000;0.0000;0.0000;0.0000;212.4300;;;;;;;;;
IT|20|bis 750kg;POST;0;Hauptursache: Fracht: +98%, Diesel: +2%;2563945;7091200281472003;2025-10-31;GEZE Italia S.r.l. Unipersonal;20871;IT;609.6000;242.9700;;;;;;;;;;;;;206.9362;4.1375;0.0000;0.0000;0.0000;0.0000;0.0000;0.0000;211.0737
IT|20|bis 750kg;POST;0;Hauptursache: Fracht: +98%, Diesel: +2%;2568656;7091200281730004;2025-11-06;GEZE Italia S.r.l. Unipersonal;20871;IT;501.0000;208.2600;;;;;;;;;;;;;238.1996;0.0000;0.0000;0.0000;0.0000;0.0000;0.0000;0.0000;238.1996
IT|20|bis 750kg;POST;0;Hauptursache: Fracht: +98%, Diesel: +2%;0;7092010018939001;2025-11-18;GEZE Italia S.r.l. Unipersonal;20871;IT;604.0000;;;;;;;;;;;;;;0.0000;0.0000;0.0000;0.0000;0.0000;0.0000;0.0000;0.0000;0.0000
IT|20|bis 750kg;POST;0;Hauptursache: Fracht: +98%, Diesel: +2%;0;7092010020997006;2025-11-26;GEZE Italia S.r.l. Unipersonal;20871;IT;706.0500;;;;;;;;;;;;;;0.0000;0.0000;0.0000;0.0000;0.0000;0.0000;0.0000;0.0000;0.0000
IT|20|bis 750kg;POST;0;Hauptursache: Fracht: +98%, Diesel: +2%;2577017;7091200283203001;2025-12-10;GEZE Italia S.r.l. Unipersonal;20871;IT;572.4000;208.2600;;;;;;;;;;;;;208.2600;4.1700;0.0000;0.0000;0.0000;0.0000;0.0000;0.0000;212.4300
IT|20|bis 750kg;KONTROLL_PRE;1;Hauptursache: Fracht: +98%, Diesel: +2%;3769298;32904873;2025-06-03;NOBILI FERRAMENTA SRL A. S.U. ;20036;IT;590.0000;;208.2600;4.1700;0.0000;0.0000;0.0000;0.0000;0.0000;0.0000;0.0000;0.0000;0.0000;212.4300;;;;;;;;;
IT|20|bis 750kg;KONTROLL_POST;1;Hauptursache: Fracht: +98%, Diesel: +2%;0;7092010018939001;2025-11-18;GEZE Italia S.r.l. Unipersonal;20871;IT;604.0000;;;;;;;;;;;;;;0.0000;0.0000;0.0000;0.0000;0.0000;0.0000;0.0000;0.0000;0.0000
ES|08|bis 50kg;PRE;0;Hauptursache: Fracht: +90%, Diesel: +10%;3761976;32883174;2025-04-23;PENDENNIS SHIPYARD            ;08800;ES;25.0000;53.6300;53.6300;2.1500;0.0000;0.0000;0.0000;0.0000;0.0000;0.0000;0.0000;0.0000;0.0000;55.7800;;;;;;;;;
ES|08|bis 50kg;POST;0;Hauptursache: Fracht: +90%, Diesel: +10%;2557006-2;7091200280121001;2025-09-29;GEZE Iberia S. R. L. U.;08830;ES;38.1800;;;;;;;;;;;;;;53.6300;0.0000;0.0000;0.0000;0.0000;0.0000;0.0000;0.0000;53.6300
ES|08|bis 50kg;POST;0;Hauptursache: Fracht: +90%, Diesel: +10%;2560101;7091200280411003;2025-10-07;ANDRES MALDONADO, S.A.;08205;ES;44.1700;;;;;;;;;;;;;;52.3200;1.0500;0.0000;0.0000;0.0000;0.0000;0.0000;0.0000;53.3700
ES|08|bis 50kg;POST;0;Hauptursache: Fracht: +90%, Diesel: +10%;2560101;7091200280558005;2025-10-10;GEZE Iberia S. R. L. U.;08830;ES;29.0000;;;;;;;;;;;;;;21.4958;0.4304;0.0000;0.0000;0.0000;0.0000;0.0000;0.0000;21.9262
ES|08|bis 50kg;POST;0;Hauptursache: Fracht: +90%, Diesel: +10%;2560101;7091200280633009;2025-10-13;GABALO ACCESORIOS, S.L;08916;ES;34.0000;;;;;;;;;;;;;;52.3200;1.0500;0.0000;0.0000;0.0000;0.0000;0.0000;0.0000;53.3700
ES|08|bis 50kg;POST;0;Hauptursache: Fracht: +90%, Diesel: +10%;2560101;7091200280764000;2025-10-14;INSTALACIONES PEREZ SERRANO, S;08028;ES;37.1900;;;;;;;;;;;;;;52.3200;1.0500;0.0000;0.0000;0.0000;0.0000;0.0000;0.0000;53.3700
ES|08|bis 50kg;KONTROLL_PRE;1;Hauptursache: Fracht: +90%, Diesel: +10%;3761976;32883174;2025-04-23;PENDENNIS SHIPYARD            ;08800;ES;25.0000;53.6300;53.6300;2.1500;0.0000;0.0000;0.0000;0.0000;0.0000;0.0000;0.0000;0.0000;0.0000;55.7800;;;;;;;;;
ES|08|bis 50kg;KONTROLL_POST;1;Hauptursache: Fracht: +90%, Diesel: +10%;0;7091200286904004;2026-03-19;CENTRO DEL ACCESORIO PARA C;08403;ES;24.0000;;;;;;;;;;;;;;53.6300;2.1500;0.0000;5.3600;0.0000;0.0000;0.0000;0.0000;61.1400
FR|59|bis 200kg;PRE;0;Hauptursache: Fracht: +97%, Diesel: +3%;3767374;32897903;2025-05-22;FAILLE                        ;59933;FR;171.0000;;270.6400;8.1300;0.0000;0.0000;0.0000;0.0000;0.0000;0.0000;0.0000;0.0000;0.0000;278.7700;;;;;;;;;
FR|59|bis 200kg;POST;0;Hauptursache: Fracht: +97%, Diesel: +3%;0;7092010020656002;2025-11-25;FAILLE;59930;FR;165.0100;;;;;;;;;;;;;;0.0000;0.0000;0.0000;0.0000;0.0000;0.0000;0.0000;0.0000;0.0000
FR|59|bis 200kg;KONTROLL_PRE;1;Hauptursache: Fracht: +97%, Diesel: +3%;3767374;32897903;2025-05-22;FAILLE                        ;59933;FR;171.0000;;270.6400;8.1300;0.0000;0.0000;0.0000;0.0000;0.0000;0.0000;0.0000;0.0000;0.0000;278.7700;;;;;;;;;
FR|59|bis 200kg;KONTROLL_POST;1;Hauptursache: Fracht: +97%, Diesel: +3%;0;7092010020656002;2025-11-25;FAILLE;59930;FR;165.0100;;;;;;;;;;;;;;0.0000;0.0000;0.0000;0.0000;0.0000;0.0000;0.0000;0.0000;0.0000
GR|56|bis 50kg;PRE;0;Hauptursache: Fracht: +98%, Diesel: +2%;3769530;32910451;2025-06-13;ROZOS, P., & CO. E.E.         ;56535;GR;20.0000;;75.6000;1.5100;0.0000;0.0000;0.0000;0.0000;0.0000;0.0000;0.0000;0.0000;0.0000;77.1100;;;;;;;;;
GR|56|bis 50kg;POST;0;Hauptursache: Fracht: +98%, Diesel: +2%;2560101;7091200280723007;2025-10-16;VIATEC HELLAS LTD;564 29;GR;34.9800;;;;;;;;;;;;;;16.9690;0.3395;0.0000;0.0000;0.0000;0.0000;0.0000;0.0000;17.3085
GR|56|bis 50kg;POST;0;Hauptursache: Fracht: +98%, Diesel: +2%;2573273;7091200282614006;2025-11-28;VIATEC HELLAS LTD;564 29;GR;32.3800;;;;;;;;;;;;;;18.7022;0.3746;0.0000;0.0000;0.0000;0.0000;0.0000;0.0000;19.0768
GR|56|bis 50kg;POST;0;Hauptursache: Fracht: +98%, Diesel: +2%;0;7091200285566005;2026-02-20;VIATEC HELLAS LTD;564 29;GR;48.7500;;;;;;;;;;;;;;75.6000;1.5100;0.0000;0.0000;0.0000;0.0000;0.0000;0.0000;77.1100
GR|56|bis 50kg;POST;0;Hauptursache: Fracht: +98%, Diesel: +2%;0;7091200285974008;2026-02-27;VIATEC HELLAS LTD;564 29;GR;39.8700;;;;;;;;;;;;;;75.6000;1.5100;0.0000;0.0000;0.0000;0.0000;0.0000;0.0000;77.1100
GR|56|bis 50kg;KONTROLL_PRE;1;Hauptursache: Fracht: +98%, Diesel: +2%;3769530;32910451;2025-06-13;ROZOS, P., & CO. E.E.         ;56535;GR;20.0000;;75.6000;1.5100;0.0000;0.0000;0.0000;0.0000;0.0000;0.0000;0.0000;0.0000;0.0000;77.1100;;;;;;;;;
GR|56|bis 50kg;KONTROLL_POST;1;Hauptursache: Fracht: +98%, Diesel: +2%;2573273;7091200282614006;2025-11-28;VIATEC HELLAS LTD;564 29;GR;32.3800;;;;;;;;;;;;;;18.7022;0.3746;0.0000;0.0000;0.0000;0.0000;0.0000;0.0000;19.0768
DE|71|bis 100kg;PRE;0;Hauptursache: Fracht: +100%;2384312;21143701;2025-07-21;GEZE GMBH                     ;71229;DE;63.0000;;70.0000;0.0000;0.0000;0.0000;0.0000;0.0000;0.0000;0.0000;0.0000;0.0000;0.0000;70.0000;;;;;;;;;
DE|71|bis 100kg;POST;0;Hauptursache: Fracht: +100%;4251023240;7092010034069003;2026-02-03;Geze GmbH;71229;DE;78.0000;;;;;;;;;;;;;;101.6700;2.0300;0.7200;0.0000;0.0000;0.0000;0.0000;0.0000;104.4200
DE|71|bis 100kg;POST;0;Hauptursache: Fracht: +100%;0;7092010037467004;2026-02-17;Geze GmbH;71229;DE;100.0000;;;;;;;;;;;;;;0.0000;0.0000;0.0000;0.0000;0.0000;0.0000;0.0000;0.0000;0.0000
DE|71|bis 100kg;KONTROLL_PRE;1;Hauptursache: Fracht: +100%;2384312;21143701;2025-07-21;GEZE GMBH                     ;71229;DE;63.0000;;70.0000;0.0000;0.0000;0.0000;0.0000;0.0000;0.0000;0.0000;0.0000;0.0000;0.0000;70.0000;;;;;;;;;
DE|71|bis 100kg;KONTROLL_POST;1;Hauptursache: Fracht: +100%;4251023240;7092010034069003;2026-02-03;Geze GmbH;71229;DE;78.0000;;;;;;;;;;;;;;101.6700;2.0300;0.7200;0.0000;0.0000;0.0000;0.0000;0.0000;104.4200
CH|12|bis 50kg;PRE;0;Hauptursache: Fracht: +100%;3763051;32883182;2025-04-23;HESS SECURITY SA              ;1219;CH;23.0000;72.4200;28.3000;0.0000;0.0000;0.0000;0.0000;0.0000;0.0000;0.0000;0.0000;0.0000;0.0000;28.3000;;;;;;;;;
CH|12|bis 50kg;PRE;0;Hauptursache: Fracht: +100%;3763051;32884835;2025-04-25;BAUD & FILS S·RL              ;1233;CH;10.0000;72.4200;28.3000;0.0000;0.0000;0.0000;0.0000;0.0000;0.0000;0.0000;0.0000;0.0000;0.0000;28.3000;;;;;;;;;
CH|12|bis 50kg;PRE;0;Hauptursache: Fracht: +100%;3770778;32906006;2025-06-04;BARRO & CIE. SA               ;1227;CH;22.0000;72.4200;23.9900;0.0000;0.0000;0.0000;0.0000;0.0000;0.0000;0.0000;0.0000;0.0000;0.0000;23.9900;;;;;;;;;
CH|12|bis 50kg;PRE;0;Hauptursache: Fracht: +100%;3770778;32910441;2025-06-12;JEAN MUSINA SA  Z             ;1201;CH;17.0000;72.4200;23.9900;0.0000;0.0000;0.0000;0.0000;0.0000;0.0000;0.0000;0.0000;0.0000;0.0000;23.9900;;;;;;;;;
CH|12|bis 50kg;POST;0;Hauptursache: Fracht: +100%;4251021884;7091200283796008;2026-01-09;AAV Contractors SA;1228;CH;4.3100;72.4200;;;;;;;;;;;;;3.8388;0.1150;0.0000;2.5469;0.0000;0.0000;0.0000;0.0000;6.5007
CH|12|bis 50kg;KONTROLL_PRE;1;Hauptursache: Fracht: +100%;3763051;32884835;2025-04-25;BAUD & FILS S·RL              ;1233;CH;10.0000;72.4200;28.3000;0.0000;0.0000;0.0000;0.0000;0.0000;0.0000;0.0000;0.0000;0.0000;0.0000;28.3000;;;;;;;;;
CH|12|bis 50kg;KONTROLL_POST;1;Hauptursache: Fracht: +100%;4251021884;7091200283796008;2026-01-09;AAV Contractors SA;1228;CH;4.3100;72.4200;;;;;;;;;;;;;3.8388;0.1150;0.0000;2.5469;0.0000;0.0000;0.0000;0.0000;6.5007
AT|24|bis 50kg;PRE;0;Hauptursache: Fracht: +80%, Diesel: +20%;3761974;32883578;2025-04-24;POST SYSTEMLOGISTIK GMBH      ;2431;AT;12.0000;;30.3300;1.2100;0.0000;0.0000;0.0000;0.0000;0.0000;0.0000;0.0000;0.0000;0.0000;31.5400;;;;;;;;;
AT|24|bis 50kg;POST;0;Hauptursache: Fracht: +80%, Diesel: +20%;2563945;7091200280902006;2025-10-16;Post Systemlogistik GmbH;2431;AT;37.9800;;;;;;;;;;;;;;30.3300;0.6100;0.0000;0.0000;0.0000;0.0000;0.0000;0.0000;30.9400
AT|24|bis 50kg;POST;0;Hauptursache: Fracht: +80%, Diesel: +20%;2568656;7091200281942001;2025-11-11;Post Systemlogistik GmbH;2431;AT;41.5700;;;;;;;;;;;;;;30.3300;0.6100;0.0000;0.0000;0.0000;0.0000;0.0000;0.0000;30.9400
AT|24|bis 50kg;POST;0;Hauptursache: Fracht: +80%, Diesel: +20%;2573273;7091200282289006;2025-11-19;Post Systemlogistik GmbH;2431;AT;38.5700;;;;;;;;;;;;;;30.3300;0.6100;0.0000;0.0000;0.0000;0.0000;0.0000;0.0000;30.9400
AT|24|bis 50kg;POST;0;Hauptursache: Fracht: +80%, Diesel: +20%;2577017;7091200282907009;2025-12-02;Post Systemlogistik GmbH;2431;AT;44.0000;;;;;;;;;;;;;;30.3300;0.6100;0.0000;0.0000;0.0000;0.0000;0.0000;0.0000;30.9400
AT|24|bis 50kg;POST;0;Hauptursache: Fracht: +80%, Diesel: +20%;2586869;7091200284741007;2026-02-03;Post Systemlogistik GmbH;2431;AT;39.0100;;;;;;;;;;;;;;30.3300;0.9100;0.0000;0.0000;0.0000;0.0000;0.0000;0.0000;31.2400
AT|24|bis 50kg;KONTROLL_PRE;1;Hauptursache: Fracht: +80%, Diesel: +20%;3761974;32883578;2025-04-24;POST SYSTEMLOGISTIK GMBH      ;2431;AT;12.0000;;30.3300;1.2100;0.0000;0.0000;0.0000;0.0000;0.0000;0.0000;0.0000;0.0000;0.0000;31.5400;;;;;;;;;
AT|24|bis 50kg;KONTROLL_POST;1;Hauptursache: Fracht: +80%, Diesel: +20%;0;7091200286564000;2026-03-11;Post Systemlogistik GmbH;2431;AT;37.7600;;;;;;;;;;;;;;14.7246;0.5900;0.0000;1.4736;0.0000;0.0000;0.0000;0.0000;16.7882
