system;invoice;datum;dest;postcode;postcode_area;kg;ldm;fracht;diesel;lsz;ausfuhr;ssd;total_shipment
DINAS;RECHNUNG03764345.pdf;08.05.25;GB-CB9 8PR;CB9;CB;600.0;0.4;157.9;0;0.9;15.0;15.0;188.8
DINAS;RECHNUNG03764346.pdf;08.05.25;GB-CB9 8PR;CB9;CB;300.0;0.2;101.45;0;0.45;15.0;15.0;131.9
DINAS;RECHNUNG03764347.pdf;09.05.25;GB-CB9 8PR;CB9;CB;4200.0;2.8;792.55;0;6.3;15.0;15.0;828.8499999999999
DINAS;RECHNUNG03764348.pdf;14.05.25;GB-CB9 8PR;CB9;CB;600.0;0.4;157.9;0;0.9;15.0;15.0;188.8
DINAS;RECHNUNG03764452.pdf;06.05.25;GB-LE67 1LE;LE67;LE;1200.0;0.8;289.4;0;0.0;0.0;15.0;304.4
DINAS;RECHNUNG03764452.pdf;06.05.25;GB-RM20 4AL;RM20;RM;600.0;0.4;154.55;0;0.0;0.0;15.0;169.55
DINAS;RECHNUNG03764452.pdf;05.05.25;GB-CV3 4 COVENTRY;CV3;CV;1800.0;1.2;393.2;0;0.0;0.0;15.0;408.2
DINAS;RECHNUNG03764452.pdf;08.05.25;GB-M17 1 MANCHESTER;M17;M;3000.0;2.0;616.95;0;0.0;0.0;15.0;631.95
DINAS;RECHNUNG03764452.pdf;15.05.25;GB-LE67 1LE;LE67;LE;1200.0;0.8;289.4;0;0.0;0.0;15.0;304.4
DINAS;RECHNUNG03764639.pdf;05.05.25;GB-BS35 4DJ;BS35;BS;600.0;0.4;178.6;0;0.9;15.0;15.0;209.5
DINAS;RECHNUNG03764639.pdf;05.05.25;GB-SN3 4DB;SN3;SN;600.0;0.4;154.55;0;0.9;15.0;15.0;185.45000000000002
DINAS;RECHNUNG03764639.pdf;05.05.25;GB-DA1 5XU;DA1;DA;600.0;0.4;154.55;0;0.9;15.0;15.0;185.45000000000002
DINAS;RECHNUNG03764639.pdf;05.05.25;GB-BL5 1BT;BL5;BL;600.0;0.4;161.45;0;0.9;15.0;15.0;192.35
DINAS;RECHNUNG03764639.pdf;08.05.25;GB-CV5 9PF;CV5;CV;600.0;0.4;154.55;0;0.9;15.0;15.0;185.45000000000002
DINAS;RECHNUNG03764639.pdf;14.05.25;GB-LE42B;LE42;LE;1200.0;0.8;289.4;0;1.8;15.0;15.0;321.2
DINAS;RECHNUNG03764639.pdf;14.05.25;GB-LE42B;LE42;LE;600.0;0.4;154.55;0;0.9;15.0;15.0;185.45000000000002
DINAS;RECHNUNG03764639.pdf;14.05.25;GB-LE42B;LE42;LE;1200.0;0.8;289.4;0;1.8;15.0;15.0;321.2
DINAS;RECHNUNG03764670.pdf;02.05.25;GB-BA3 4BS;BA3;BA;3123.0;2.0;462.84;0;0.0;0.0;15.0;477.84
DINAS;RECHNUNG03764670.pdf;02.05.25;GB-BA3 4BS;BA3;BA;3600.0;2.4;533.54;0;0.0;0.0;15.0;548.54
DINAS;RECHNUNG03764670.pdf;02.05.25;GB-BA3 4BS;BA3;BA;8400.0;5.6;1244.92;0;0.0;0.0;15.0;1259.92
DINAS;RECHNUNG03764670.pdf;02.05.25;GB-EX14 1SD;EX14;EX;7200.0;4.8;1203.05;0;0.0;0.0;15.0;1218.05
DINAS;RECHNUNG03764670.pdf;02.05.25;GB-BA3 4BS;BA3;BA;12300.0;8.2;1813.85;0;0.0;0.0;15.0;1828.85
DINAS;RECHNUNG03764670.pdf;28.04.25;GB-NE15 9 NEWCASTLE;NE15;NE;0.0;0.0;1043.25;0;0.0;0.0;15.0;1058.25
DINAS;RECHNUNG03764670.pdf;02.05.25;GB-BR5 3QW;BR5;BR;10800.0;7.2;1511.1;0;0.0;0.0;15.0;1526.1
DINAS;RECHNUNG03764670.pdf;02.05.25;GB-PE19 8YH;PE19;PE;0.0;0.0;2463.15;0;0.0;0.0;15.0;2478.15
DINAS;RECHNUNG03764670.pdf;05.05.25;GB-RG17 0 HUNGERFORD;RG17;RG;7800.0;5.2;1147.35;0;0.0;0.0;15.0;1162.35
DINAS;RECHNUNG03764973.pdf;16.05.25;GB-CV5 9PF;CV5;CV;600.0;0.4;154.55;0;0.45;15.0;15.0;185.0
DINAS;RECHNUNG03765656.pdf;22.05.25;GB-CB9 8PR;CB9;CB;600.0;0.4;157.9;0;0.9;15.0;15.0;188.8
DINAS;RECHNUNG03765686.pdf;15.05.25;GB-CB9 8PR;CB9;CB;450.0;0.3;157.4;0;0.75;15.0;15.0;188.15
DINAS;RECHNUNG03765687.pdf;16.05.25;GB-CB9 8PR;CB9;CB;600.0;0.4;157.9;0;0.9;15.0;15.0;188.8
DINAS;RECHNUNG03765688.pdf;14.05.25;GB-CB9 8PR;CB9;CB;600.0;0.4;157.9;0;0.9;15.0;15.0;188.8
DINAS;RECHNUNG03765689.pdf;22.05.25;GB-CB9 8PR;CB9;CB;750.0;0.5;210.55;0;1.2;15.0;15.0;241.75
DINAS;RECHNUNG03766764.pdf;27.05.25;GB-CB9 8PR;CB9;CB;300.0;0.2;101.45;0;0.45;15.0;15.0;131.9
DINAS;RECHNUNG03766765.pdf;27.05.25;GB-CB9 8PR;CB9;CB;300.0;0.2;101.45;0;0.45;15.0;15.0;131.9
DINAS;RECHNUNG03766847.pdf;22.05.25;GB-RM20 4AL;RM20;RM;600.0;0.4;154.55;0;0.0;0.0;15.0;169.55
DINAS;RECHNUNG03766847.pdf;22.05.25;GB-LE67 1LE;LE67;LE;1200.0;0.8;289.4;0;0.0;0.0;15.0;304.4
DINAS;RECHNUNG03766847.pdf;23.05.25;GB-RG14 5 NEWBURY;RG14;RG;600.0;0.4;144.85;0;0.0;0.0;15.0;159.85
DINAS;RECHNUNG03766847.pdf;28.05.25;GB-CB98P;CB98;CB;150.0;0.1;67.75;0;0.0;0.0;15.0;82.75
DINAS;RECHNUNG03767006.pdf;21.05.25;GB-LE42B;LE42;LE;1200.0;0.8;289.4;0;1.8;15.0;15.0;321.2
DINAS;RECHNUNG03767006.pdf;21.05.25;GB-LE42B;LE42;LE;600.0;0.4;154.55;0;0.9;15.0;15.0;185.45000000000002
DINAS;RECHNUNG03767006.pdf;21.05.25;GB-CV5 9PF;CV5;CV;1200.0;0.8;289.4;0;1.8;15.0;15.0;321.2
DINAS;RECHNUNG03767006.pdf;23.05.25;GB-CV5 9PF;CV5;CV;600.0;0.4;154.55;0;0.9;15.0;15.0;185.45000000000002
DINAS;RECHNUNG03767006.pdf;22.05.25;GB-RG14 5 NEWBURY;RG14;RG;150.0;0.1;60.25;0;0.0;15.0;15.0;90.25
DINAS;RECHNUNG03767006.pdf;28.05.25;GB-CV5 9PF;CV5;CV;600.0;0.4;154.55;0;0.9;15.0;15.0;185.45000000000002
DINAS;RECHNUNG03767006.pdf;28.05.25;GB-LE42B;LE42;LE;2400.0;1.6;464.9;0;3.6;15.0;15.0;498.5
DINAS;RECHNUNG03767006.pdf;28.05.25;GB-CV5 9PF;CV5;CV;600.0;0.4;154.55;0;0.9;15.0;15.0;185.45000000000002
DINAS;RECHNUNG03767006.pdf;30.05.25;GB-SN3 4DB;SN3;SN;600.0;0.4;154.55;0;0.9;15.0;15.0;185.45000000000002
DINAS;RECHNUNG03767009.pdf;23.05.25;GB-CV5 9PF;CV5;CV;600.0;0.4;154.55;0;0.6;15.0;15.0;185.15
DINAS;RECHNUNG03767034.pdf;15.05.25;GB-PE25 3SN;PE25;PE;7800.0;5.2;1041.08;0;0.0;0.0;15.0;1056.08
DINAS;RECHNUNG03767034.pdf;16.05.25;GB-PE25 3SN;PE25;PE;7800.0;5.2;1041.07;0;0.0;0.0;15.0;1056.07
DINAS;RECHNUNG03767034.pdf;14.05.25;GB-EX14 1SD;EX14;EX;6000.0;4.0;829.58;0;0.0;0.0;15.0;844.58
DINAS;RECHNUNG03767034.pdf;15.05.25;GB-EX14 1SD;EX14;EX;8400.0;5.6;1161.42;0;0.0;0.0;15.0;1176.42
DINAS;RECHNUNG03767034.pdf;19.05.25;GB-PE25 3SN;PE25;PE;0.0;0.0;1138.05;0;0.0;0.0;15.0;1153.05
DINAS;RECHNUNG03767034.pdf;20.05.25;GB-CT20 3 FOLKESTONE;CT20;CT;7200.0;4.8;1206.95;0;0.0;0.0;15.0;1221.95
DINAS;RECHNUNG03767034.pdf;20.05.25;GB-NN9 6NY;NN9;NN;0.0;0.0;2540.95;0;0.0;0.0;15.0;2555.95
DINAS;RECHNUNG03767034.pdf;21.05.25;GB-BA3 4BS;BA3;BA;6167.0;4.1;806.72;0;0.0;0.0;15.0;821.72
DINAS;RECHNUNG03767034.pdf;21.05.25;GB-BA3 4BS;BA3;BA;13500.0;9.0;1765.98;0;0.0;0.0;15.0;1780.98
DINAS;RECHNUNG03767175.pdf;08.05.25;GB-RH12N;RH12;RH;150.0;0.1;67.75;0;0.0;0.0;15.0;82.75
DINAS;RECHNUNG03767175.pdf;19.05.25;GB-DE55 4NL;DE55;DE;150.0;0.1;70.0;0;0.0;0.0;15.0;85.0
DINAS;RECHNUNG03767183.pdf;19.05.25;GB-DE53R;DE53;DE;0.0;0.0;383.37;0;0.0;0.0;15.0;398.37
DINAS;RECHNUNG03767183.pdf;20.05.25;GB-DE53R;DE53;DE;0.0;0.0;2332.38;0;0.0;0.0;15.0;2347.38
DINAS;RECHNUNG03767889.pdf;28.05.25;GB-CB9 8PR;CB9;CB;600.0;0.4;157.9;0;0.9;15.0;15.0;188.8
DINAS;RECHNUNG03769095.pdf;30.05.25;GB-M17 1 MANCHESTER;M17;M;5400.0;3.6;945.9;0;0.0;0.0;15.0;960.9
DINAS;RECHNUNG03769095.pdf;02.06.25;GB-BN24Q;BN24;BN;1200.0;0.8;286.9;0;0.0;0.0;15.0;301.9
DINAS;RECHNUNG03769095.pdf;02.06.25;GB-RM20 4AL;RM20;RM;300.0;0.2;57.54;0;0.0;0.0;15.0;72.53999999999999
DINAS;RECHNUNG03769095.pdf;02.06.25;GB-RM20 4AL;RM20;RM;1200.0;0.8;230.16;0;0.0;0.0;15.0;245.16
DINAS;RECHNUNG03769095.pdf;02.06.25;GB-RM20 4AL;RM20;RM;1200.0;0.8;230.15;0;0.0;0.0;15.0;245.15
DINAS;RECHNUNG03769095.pdf;05.06.25;GB-TF2 7NB;TF2;TF;1200.0;0.8;322.0;0;0.0;0.0;15.0;337.0
DINAS;RECHNUNG03769095.pdf;06.06.25;GB-LE67 1LE;LE67;LE;1800.0;1.2;393.2;0;0.0;0.0;15.0;408.2
DINAS;RECHNUNG03769095.pdf;06.06.25;GB-CV3 4 COVENTRY;CV3;CV;1200.0;0.8;289.4;0;0.0;0.0;15.0;304.4
DINAS;RECHNUNG03769095.pdf;06.06.25;GB-RM20 4AL;RM20;RM;600.0;0.4;154.55;0;0.0;0.0;15.0;169.55
DINAS;RECHNUNG03769157.pdf;22.05.25;GB-RG14 5 NEWBURY;RG14;RG;150.0;0.1;60.25;0;0.0;15.0;15.0;90.25
DINAS;RECHNUNG03769157.pdf;02.06.25;GB-DN11 0BG;DN11;DN;600.0;0.4;161.45;0;0.9;15.0;15.0;192.35
DINAS;RECHNUNG03769157.pdf;02.06.25;GB-CV5 9PF;CV5;CV;1200.0;0.8;289.4;0;1.8;15.0;15.0;321.2
DINAS;RECHNUNG03769157.pdf;04.06.25;GB-LE42B;LE42;LE;1200.0;0.8;289.4;0;1.8;15.0;15.0;321.2
DINAS;RECHNUNG03769157.pdf;05.06.25;GB-CV5 9PF;CV5;CV;600.0;0.4;154.55;0;0.9;15.0;15.0;185.45000000000002
DINAS;RECHNUNG03769157.pdf;05.06.25;GB-CV5 9PF;CV5;CV;600.0;0.4;154.55;0;0.9;15.0;15.0;185.45000000000002
DINAS;RECHNUNG03769157.pdf;05.06.25;GB-CV5 9PF;CV5;CV;600.0;0.4;154.55;0;0.9;15.0;15.0;185.45000000000002
DINAS;RECHNUNG03769157.pdf;05.06.25;GB-DN11 0BG;DN11;DN;600.0;0.4;161.45;0;0.9;15.0;15.0;192.35
DINAS;RECHNUNG03769157.pdf;06.06.25;GB-CV5 9PF;CV5;CV;600.0;0.4;154.55;0;0.9;15.0;15.0;185.45000000000002
DINAS;RECHNUNG03769167.pdf;02.06.25;GB-PE198 BUSINESS;PE19;PE;0.0;0.0;2463.15;0;0.0;0.0;15.0;2478.15
DINAS;RECHNUNG03769167.pdf;02.06.25;GB-BA3 4BS;BA3;BA;2400.0;1.6;371.88;0;0.0;0.0;15.0;386.88
DINAS;RECHNUNG03769167.pdf;02.06.25;GB-BA3 4BS;BA3;BA;8400.0;5.6;1301.57;0;0.0;0.0;15.0;1316.57
DINAS;RECHNUNG03769167.pdf;02.06.25;GB-NN86X;NN86;NN;7200.0;4.8;1110.1;0;0.0;0.0;15.0;1125.1
DINAS;RECHNUNG03769167.pdf;30.05.25;GB-L33 7XN;L33;L;0.0;0.0;1196.8;0;0.0;0.0;15.0;1211.8
DINAS;RECHNUNG03769167.pdf;02.06.25;GB-B42 1DY;B42;B;0.0;0.0;2540.95;0;0.0;0.0;15.0;2555.95
DINAS;RECHNUNG03769167.pdf;02.06.25;GB-BA3 4BS;BA3;BA;1200.0;0.8;197.63;0;0.0;0.0;15.0;212.63
DINAS;RECHNUNG03769167.pdf;02.06.25;GB-BA3 4BS;BA3;BA;0.0;0.0;1127.67;0;0.0;0.0;15.0;1142.67
DINAS;RECHNUNG03769167.pdf;02.06.25;GB-BA3 4BS;BA3;BA;11850.0;7.9;1759.05;0;0.0;0.0;15.0;1774.05
DINAS;RECHNUNG03769370.pdf;24.06.25;GB-CV5 9PF;CV5;CV;1200.0;0.8;289.4;0;0.6;15.0;15.0;320.0
DINAS;RECHNUNG03770365.pdf;11.06.25;GB-CB9 8PR;CB9;CB;300.0;0.2;101.45;0;0.45;15.0;15.0;131.9
DINAS;RECHNUNG03770366.pdf;11.06.25;GB-CB9 8PR;CB9;CB;2700.0;1.8;563.9;0;4.05;15.0;15.0;597.9499999999999
DINAS;RECHNUNG03770367.pdf;12.06.25;GB-CB9 8PR;CB9;CB;300.0;0.2;101.45;0;0.45;15.0;15.0;131.9
DINAS;RECHNUNG03770368.pdf;12.06.25;GB-CB9 8PR;CB9;CB;300.0;0.2;101.45;0;0.45;15.0;15.0;131.9
DINAS;RECHNUNG03770369.pdf;18.06.25;GB-CB9 8PR;CB9;CB;300.0;0.2;101.45;0;0.45;15.0;15.0;131.9
DINAS;RECHNUNG03770370.pdf;23.06.25;GB-CB9 8PR;CB9;CB;300.0;0.2;101.45;0;0.45;15.0;15.0;131.9
DINAS;RECHNUNG03770371.pdf;25.06.25;GB-CB9 8PR;CB9;CB;300.0;0.2;101.45;0;0.45;15.0;15.0;131.9
DINAS;RECHNUNG03770372.pdf;25.06.25;GB-CB9 8PR;CB9;CB;300.0;0.2;101.45;0;0.45;15.0;15.0;131.9
DINAS;RECHNUNG03770373.pdf;25.06.25;GB-CB9 8PR;CB9;CB;300.0;0.2;101.45;0;0.45;15.0;15.0;131.9
DINAS;RECHNUNG03770374.pdf;26.06.25;GB-CB9 8PR;CB9;CB;4500.0;3.0;818.45;0;6.75;15.0;15.0;855.2
DINAS;RECHNUNG03770375.pdf;26.06.25;GB-CB9 8PR;CB9;CB;600.0;0.4;157.9;0;0.9;15.0;15.0;188.8
DINAS;RECHNUNG03770524.pdf;17.06.25;GB-LE67 1LE;LE67;LE;600.0;0.4;154.55;0;0.0;0.0;15.0;169.55
DINAS;RECHNUNG03770524.pdf;24.06.25;GB-LE67 1LE;LE67;LE;600.0;0.4;131.07;0;0.0;0.0;15.0;146.07
DINAS;RECHNUNG03770524.pdf;24.06.25;GB-LE67 1LE;LE67;LE;600.0;0.4;131.07;0;0.0;0.0;15.0;146.07
DINAS;RECHNUNG03770524.pdf;24.06.25;GB-LE67 1LE;LE67;LE;600.0;0.4;131.06;0;0.0;0.0;15.0;146.06
DINAS;RECHNUNG03770524.pdf;25.06.25;GB-CV3 4 COVENTRY;CV3;CV;1800.0;1.2;393.2;0;0.0;0.0;15.0;408.2
DINAS;RECHNUNG03770789.pdf;13.06.25;GB-CV5 9PF;CV5;CV;600.0;0.4;154.55;0;0.9;15.0;15.0;185.45000000000002
DINAS;RECHNUNG03770789.pdf;20.06.25;GB-NE10 8YA;NE10;NE;1200.0;0.8;332.9;0;1.8;15.0;15.0;364.7
DINAS;RECHNUNG03770789.pdf;20.06.25;GB-LE42B;LE42;LE;4200.0;2.8;721.0;0;6.3;15.0;15.0;757.3
DINAS;RECHNUNG03770789.pdf;24.06.25;GB-DN11 0BG;DN11;DN;600.0;0.4;161.45;0;0.9;15.0;15.0;192.35
DINAS;RECHNUNG03770789.pdf;24.06.25;GB-CV5 9PF;CV5;CV;300.0;0.2;94.55;0;0.45;15.0;15.0;125.0
DINAS;RECHNUNG03770789.pdf;26.06.25;GB-CV5 9PF;CV5;CV;900.0;0.6;231.55;0;1.35;15.0;15.0;262.9
DINAS;RECHNUNG03770789.pdf;26.06.25;GB-CV5 9PF;CV5;CV;600.0;0.4;154.55;0;0.9;15.0;15.0;185.45000000000002
DINAS;RECHNUNG03770789.pdf;26.06.25;GB-DH6 5NP;DH6;DH;600.0;0.4;209.6;0;0.9;15.0;15.0;240.5
DINAS;RECHNUNG03770792.pdf;13.06.25;GB-CV5 9PF;CV5;CV;600.0;0.4;154.55;0;0.3;15.0;15.0;184.85000000000002
DINAS;RECHNUNG03770793.pdf;13.06.25;GB-CV5 9PF;CV5;CV;600.0;0.4;154.55;0;0.45;15.0;15.0;185.0
DINAS;RECHNUNG03770794.pdf;18.06.25;GB-DN11 0BG;DN11;DN;600.0;0.4;161.45;0;0.45;15.0;15.0;191.89999999999998
DINAS;RECHNUNG03770822.pdf;16.06.25;GB-DE53R;DE53;DE;0.0;0.0;410.35;0;0.0;0.0;0.0;410.35
DINAS;RECHNUNG03770822.pdf;16.06.25;GB-DE53R;DE53;DE;0.0;0.0;2715.75;0;0.0;0.0;0.0;2715.75
DINAS;RECHNUNG03770822.pdf;16.06.25;GB-NN86X;NN86;NN;24000.0;13.6;2540.95;0;0.0;0.0;15.0;2555.95
DINAS;RECHNUNG03770822.pdf;13.06.25;GB-EX14 1SD;EX14;EX;6600.0;4.4;1121.65;0;0.0;0.0;15.0;1136.65
DINAS;RECHNUNG03770822.pdf;16.06.25;GB-SK237 WHALEY;SK23;SK;6000.0;4.0;1023.4;0;0.0;0.0;15.0;1038.4
DINAS;RECHNUNG03770822.pdf;17.06.25;GB-NN9 6NY;NN9;NN;0.0;0.0;2540.95;0;0.0;0.0;15.0;2555.95
DINAS;RECHNUNG03770822.pdf;17.06.25;GB-NP108 CELTIC;NP10;NP;0.0;0.0;845.75;0;0.0;0.0;15.0;860.75
DINAS;RECHNUNG03770822.pdf;17.06.25;GB-BA3 4BS;BA3;BA;0.0;0.0;1325.3;0;0.0;0.0;15.0;1340.3
DINAS;RECHNUNG03770822.pdf;17.06.25;GB-PE25 3SN;PE25;PE;7800.0;5.2;1289.6;0;0.0;0.0;15.0;1304.6
DINAS;RECHNUNG03771599.pdf;04.07.25;GB-CB9 8PR;CB9;CB;600.0;0.4;157.9;0;0.9;15.0;15.0;188.8
DINAS;RECHNUNG03772292.pdf;10.07.25;GB-CB9 8PR;CB9;CB;450.0;0.3;157.4;0;0.75;15.0;15.0;188.15
DINAS;RECHNUNG03772887.pdf;11.07.25;GB-CB9 8PR;CB9;CB;750.0;0.5;210.55;0;1.2;15.0;15.0;241.75
DINAS;RECHNUNG03772888.pdf;11.07.25;GB-CB9 8PR;CB9;CB;300.0;0.2;101.45;0;0.45;15.0;15.0;131.9
DINAS;RECHNUNG03772889.pdf;11.07.25;GB-CB9 8PR;CB9;CB;600.0;0.4;157.9;0;0.9;15.0;15.0;188.8
DINAS;RECHNUNG03772951.pdf;02.07.25;GB-TF2 7NB;TF2;TF;600.0;0.4;178.6;0;0.0;0.0;15.0;193.6
DINAS;RECHNUNG03772951.pdf;03.07.25;GB-LE67 1LE;LE67;LE;1200.0;0.8;289.4;0;0.0;0.0;15.0;304.4
DINAS;RECHNUNG03772951.pdf;08.07.25;GB-LE67 1LE;LE67;LE;3000.0;2.0;565.4;0;0.0;0.0;15.0;580.4
DINAS;RECHNUNG03772951.pdf;01.07.25;GB-CW9 6GB;CW9;CW;1200.0;0.8;292.85;0;0.0;0.0;15.0;307.85
DINAS;RECHNUNG03772951.pdf;07.07.25;GB-M17 1 MANCHESTER;M17;M;3600.0;2.4;703.7;0;0.0;0.0;15.0;718.7
DINAS;RECHNUNG03773061.pdf;30.06.25;GB-LE42B;LE42;LE;600.0;0.4;154.55;0;0.9;15.0;15.0;185.45000000000002
DINAS;RECHNUNG03773061.pdf;30.06.25;GB-NG17 4PA;NG17;NG;600.0;0.4;161.45;0;0.9;15.0;15.0;192.35
DINAS;RECHNUNG03773061.pdf;01.07.25;GB-CV5 9PF;CV5;CV;600.0;0.4;154.55;0;0.9;15.0;15.0;185.45000000000002
DINAS;RECHNUNG03773061.pdf;01.07.25;GB-CV5 9PF;CV5;CV;600.0;0.4;154.55;0;0.9;15.0;15.0;185.45000000000002
DINAS;RECHNUNG03773061.pdf;04.07.25;GB-CV5 9PF;CV5;CV;1200.0;0.8;289.4;0;1.8;15.0;15.0;321.2
DINAS;RECHNUNG03773061.pdf;07.07.25;GB-LE42B;LE42;LE;1200.0;0.8;289.4;0;1.8;15.0;15.0;321.2
DINAS;RECHNUNG03773061.pdf;08.07.25;GB-LE671 ELLISTOWN;LE67;LE;1200.0;0.8;289.4;0;1.8;15.0;15.0;321.2
DINAS;RECHNUNG03773061.pdf;10.07.25;GB-LE671 ELLISTOWN;LE67;LE;600.0;0.4;154.55;0;0.9;15.0;15.0;185.45000000000002
DINAS;RECHNUNG03773061.pdf;10.07.25;GB-LS26 9DP;LS26;LS;600.0;0.4;161.45;0;0.9;15.0;15.0;192.35
DINAS;RECHNUNG03773078.pdf;01.07.25;GB-BA3 4BS;BA3;BA;0.0;0.0;814.25;0;0.0;0.0;15.0;829.25
DINAS;RECHNUNG03773078.pdf;01.07.25;GB-NN86X;NN86;NN;7800.0;5.2;1184.9;0;0.0;0.0;15.0;1199.9
DINAS;RECHNUNG03773078.pdf;02.07.25;GB-B42 1DY;B42;B;9000.0;6.0;1334.5;0;0.0;0.0;15.0;1349.5
DINAS;RECHNUNG03773078.pdf;02.07.25;GB-BA3 4BS;BA3;BA;0.0;0.0;1311.65;0;0.0;0.0;15.0;1326.65
DINAS;RECHNUNG03773078.pdf;02.07.25;GB-NG91P;NG91;NG;4200.0;2.8;778.25;0;0.0;0.0;15.0;793.25
DINAS;RECHNUNG03773078.pdf;01.07.25;GB-EX14 1SD;EX14;EX;24000.0;13.6;2695.05;0;0.0;0.0;15.0;2710.05
DINAS;RECHNUNG03773078.pdf;01.07.25;GB-PE25 3SN;PE25;PE;9000.0;6.0;1454.95;0;0.0;0.0;15.0;1469.95
DINAS;RECHNUNG03773078.pdf;02.07.25;GB-EX14 1SD;EX14;EX;1800.0;1.2;300.76;0;0.0;0.0;15.0;315.76
DINAS;RECHNUNG03773078.pdf;02.07.25;GB-EX14 1SD;EX14;EX;5400.0;3.6;902.29;0;0.0;0.0;15.0;917.29
DINAS;RECHNUNG03774694.pdf;22.07.25;GB-CB9 8PR;CB9;CB;3450.0;2.3;698.1;0;5.25;15.0;15.0;733.35
DINAS;RECHNUNG03774695.pdf;25.07.25;GB-CB9 8PR;CB9;CB;4950.0;3.3;899.45;0;7.5;15.0;15.0;936.95
DINAS;RECHNUNG03774696.pdf;25.07.25;GB-CB9 8PR;CB9;CB;300.0;0.2;101.45;0;0.45;15.0;15.0;131.9
DINAS;RECHNUNG03774697.pdf;28.07.25;GB-CB9 8PR;CB9;CB;300.0;0.2;101.45;0;0.45;15.0;15.0;131.9
DINAS;RECHNUNG03774698.pdf;29.07.25;GB-CB9 8PR;CB9;CB;750.0;0.5;210.55;0;1.2;15.0;15.0;241.75
DINAS;RECHNUNG03774873.pdf;16.07.25;GB-CV3 4 COVENTRY;CV3;CV;1200.0;0.8;289.4;0;0.0;0.0;15.0;304.4
DINAS;RECHNUNG03774873.pdf;21.07.25;GB-LE67 1LE;LE67;LE;1800.0;1.2;393.2;0;0.0;0.0;15.0;408.2
DINAS;RECHNUNG03774873.pdf;25.07.25;GB-LE67 1LE;LE67;LE;600.0;0.4;131.07;0;0.0;0.0;15.0;146.07
DINAS;RECHNUNG03774873.pdf;25.07.25;GB-LE67 1LE;LE67;LE;600.0;0.4;131.07;0;0.0;0.0;15.0;146.07
DINAS;RECHNUNG03774873.pdf;25.07.25;GB-LE67 1LE;LE67;LE;600.0;0.4;131.06;0;0.0;0.0;15.0;146.06
DINAS;RECHNUNG03774873.pdf;25.07.25;GB-M17 1 MANCHESTER;M17;M;600.0;0.4;161.45;0;0.0;0.0;15.0;176.45
DINAS;RECHNUNG03774873.pdf;28.07.25;GB-RM20 4AL;RM20;RM;600.0;0.4;154.55;0;0.0;0.0;15.0;169.55
DINAS;RECHNUNG03774873.pdf;31.07.25;GB-B377H;B37;B;1200.0;0.8;289.4;0;0.0;0.0;15.0;304.4
DINAS;RECHNUNG03775196.pdf;16.07.25;GB-CV5 9PF;CV5;CV;600.0;0.4;154.55;0;0.9;15.0;15.0;185.45000000000002
DINAS;RECHNUNG03775196.pdf;17.07.25;GB-LE42B;LE42;LE;1800.0;1.2;393.2;0;2.7;15.0;15.0;425.9
DINAS;RECHNUNG03775196.pdf;17.07.25;GB-LE42B;LE42;LE;600.0;0.4;154.55;0;0.9;15.0;15.0;185.45000000000002
DINAS;RECHNUNG03775196.pdf;18.07.25;GB-NE10 8YA;NE10;NE;600.0;0.4;209.6;0;0.9;15.0;15.0;240.5
DINAS;RECHNUNG03775196.pdf;22.07.25;GB-LS26 9DP;LS26;LS;600.0;0.4;161.45;0;0.9;15.0;15.0;192.35
DINAS;RECHNUNG03775196.pdf;23.07.25;GB-DN11 0 DONCASTER;DN11;DN;600.0;0.4;161.45;0;0.9;15.0;15.0;192.35
DINAS;RECHNUNG03775196.pdf;23.07.25;GB-CV5 9PF;CV5;CV;600.0;0.4;154.55;0;0.9;15.0;15.0;185.45000000000002
DINAS;RECHNUNG03775196.pdf;23.07.25;GB-CV5 9PF;CV5;CV;600.0;0.4;154.55;0;0.9;15.0;15.0;185.45000000000002
DINAS;RECHNUNG03775196.pdf;23.07.25;GB-LE42B;LE42;LE;600.0;0.4;154.55;0;0.9;15.0;15.0;185.45000000000002
DINAS;RECHNUNG03775241.pdf;25.07.25;GB-DE53R;DE53;DE;1200.0;0.8;292.85;0;1.8;15.0;15.0;324.65000000000003
DINAS;RECHNUNG03775241.pdf;16.07.25;GB-DN3 1GZ;DN3;DN;0.0;0.0;2715.75;0;0.0;0.0;15.0;2730.75
DINAS;RECHNUNG03775241.pdf;16.07.25;GB-NN9 6NY;NN9;NN;0.0;0.0;2540.95;0;0.0;0.0;15.0;2555.95
DINAS;RECHNUNG03775241.pdf;17.07.25;GB-DN3 1GZ;DN3;DN;0.0;0.0;2715.75;0;0.0;0.0;15.0;2730.75
DINAS;RECHNUNG03775241.pdf;17.07.25;GB-PE198 BUSINESS;PE19;PE;0.0;0.0;880.9;0;0.0;0.0;15.0;895.9
DINAS;RECHNUNG03775241.pdf;17.07.25;GB-NG18 4LN;NG18;NG;8100.0;5.4;1326.85;0;0.0;0.0;15.0;1341.85
DINAS;RECHNUNG03775241.pdf;17.07.25;GB-SK23 7SP;SK23;SK;24000.0;13.6;2715.75;0;0.0;0.0;15.0;2730.75
DINAS;RECHNUNG03775241.pdf;18.07.25;GB-BA3 4BS;BA3;BA;0.0;0.0;250.56;0;0.0;0.0;15.0;265.56
DINAS;RECHNUNG03775241.pdf;18.07.25;GB-BA3 4BS;BA3;BA;5400.0;3.6;520.66;0;0.0;0.0;15.0;535.66
DINAS;RECHNUNG03775733.pdf;01.08.25;GB-CV5 9PF;CV5;CV;1800.0;1.2;393.2;0;1.2;15.0;15.0;424.4
DINAS;RECHNUNG03776358.pdf;06.08.25;GB-CB9 8PR;CB9;CB;750.0;0.5;210.55;0;1.2;15.0;15.0;241.75
DINAS;RECHNUNG03776476.pdf;31.07.25;GB-RM20 4AL;RM20;RM;1200.0;0.8;289.4;0;0.0;0.0;15.0;304.4
DINAS;RECHNUNG03776476.pdf;01.08.25;GB-WN3 6X;WN3;WN;1200.0;0.8;292.85;0;0.0;0.0;15.0;307.85
DINAS;RECHNUNG03776476.pdf;05.08.25;GB-M17 1 MANCHESTER;M17;M;2400.0;1.6;499.45;0;0.0;0.0;15.0;514.45
DINAS;RECHNUNG03776476.pdf;06.08.25;GB-LE67 1LE;LE67;LE;1200.0;0.8;289.4;0;0.0;0.0;15.0;304.4
DINAS;RECHNUNG03776476.pdf;06.08.25;GB-RM20 4AL;RM20;RM;600.0;0.4;154.55;0;0.0;0.0;15.0;169.55
DINAS;RECHNUNG03776476.pdf;07.08.25;GB-M17 1 MANCHESTER;M17;M;1800.0;1.2;410.35;0;0.0;0.0;15.0;425.35
DINAS;RECHNUNG03776476.pdf;12.08.25;GB-TF2 7NB;TF2;TF;2400.0;1.6;532.7;0;0.0;0.0;15.0;547.7
DINAS;RECHNUNG03776476.pdf;07.08.25;GB-PE29 7 HUNTINGDON;PE29;PE;1200.0;0.8;286.9;0;0.0;0.0;15.0;301.9
DINAS;RECHNUNG03776718.pdf;06.08.25;GB-LE42B;LE42;LE;600.0;0.4;154.55;0;0.9;15.0;15.0;185.45000000000002
DINAS;RECHNUNG03776718.pdf;06.08.25;GB-LE42B;LE42;LE;600.0;0.4;154.55;0;0.9;15.0;15.0;185.45000000000002
DINAS;RECHNUNG03776718.pdf;08.08.25;GB-CV5 9PF;CV5;CV;600.0;0.4;154.55;0;0.9;15.0;15.0;185.45000000000002
DINAS;RECHNUNG03776718.pdf;11.08.25;GB-CV5 9PF;CV5;CV;600.0;0.4;154.55;0;0.9;15.0;15.0;185.45000000000002
DINAS;RECHNUNG03776753.pdf;30.07.25;GB-PE25 3SN;PE25;PE;5400.0;3.6;958.95;0;0.0;0.0;15.0;973.95
DINAS;RECHNUNG03776753.pdf;31.07.25;GB-PE198 BUSINESS;PE19;PE;0.0;0.0;2463.15;0;0.0;0.0;15.0;2478.15
DINAS;RECHNUNG03776753.pdf;01.08.25;GB-SK1 4NB;SK1;SK;7200.0;4.8;1196.8;0;0.0;0.0;15.0;1211.8
DINAS;RECHNUNG03776753.pdf;31.07.25;GB-SK23 7SP;SK23;SK;0.0;0.0;791.25;0;0.0;0.0;15.0;806.25
DINAS;RECHNUNG03776753.pdf;31.07.25;GB-OL12 9EF;OL12;OL;0.0;0.0;883.3;0;0.0;0.0;15.0;898.3
DINAS;RECHNUNG03776753.pdf;31.07.25;GB-EX14 1SD;EX14;EX;4800.0;3.2;877.3;0;0.0;0.0;15.0;892.3
DINAS;RECHNUNG03776753.pdf;25.07.25;GB-BA3 4BS;BA3;BA;1200.0;0.8;200.51;0;0.0;0.0;15.0;215.51
DINAS;RECHNUNG03776753.pdf;01.08.25;GB-BA3 4BS;BA3;BA;6000.0;4.0;1002.54;0;0.0;0.0;15.0;1017.54
DINAS;RECHNUNG03776753.pdf;31.07.25;GB-PE25 3SN;PE25;PE;5400.0;3.6;958.95;0;0.0;0.0;15.0;973.95
DINAS;RECHNUNG03776940.pdf;15.08.25;GB-LE671 ELLISTOWN;LE67;LE;600.0;0.4;154.55;0;0.6;15.0;15.0;185.15
