_cluster;n_pre;avg_dinas_ges;avg_dinas_fr;avg_dinas_di;avg_dinas_maut;avg_soll_pre;n_post;avg_ax_ges;avg_ax_fr;avg_ax_di;avg_ax_maut;avg_ax_neben;avg_soll_post;delta_ges;delta_pct;delta_fr;delta_di;delta_maut;total_loss_est;abw_grund;Land;PLZ_pre;Gew_band
ES|08|über 3000kg;1;1361.3000;1375.0500;-13.7500;0.0000;1810.2462;116;902.3487;895.5105;-7.3225;0.0000;14.1608;1415.0553;-458.9513;-33.7142;-479.5395;6.4275;0.0000;-53238.3454;Hauptursache: Fracht: +100%;ES;08;über 3000kg
IT|03|über 3000kg;1;1816.0900;1828.3000;-36.5700;0.0000;2059.1200;76;1336.9774;1308.3949;-10.6955;17.0900;22.1880;1522.3835;-479.1126;-26.3815;-519.9051;25.8745;17.0900;-36412.5548;Hauptursache: Fracht: +100%;IT;03;über 3000kg
FR|59|über 3000kg;1;1545.8200;677.6000;-6.7800;0.0000;920.0370;19;684.7113;498.3341;-4.5795;0.0000;190.9566;681.0350;-861.1087;-55.7056;-179.2659;2.2005;0.0000;-16361.0662;Hauptursache: Fracht: +100%;FR;59;über 3000kg
IT|20|über 3000kg;2;708.3600;700.3000;-8.6700;0.0000;879.6705;94;614.5134;596.9474;-4.8900;13.2067;9.2494;809.7888;-93.8466;-13.2484;-103.3526;3.7800;13.2067;-8821.5791;Hauptursache: Fracht: +100%;IT;20;über 3000kg
GB|DN|über 3000kg;1;2691.4300;2715.7500;-54.3200;15.0000;2325.7841;12;2136.4859;2010.9984;-13.2828;0.0000;126.3995;2134.1105;-554.9441;-20.6189;-704.7516;41.0372;-15.0000;-6659.3289;Hauptursache: Fracht: +98%, Maut: +2%;GB;DN;über 3000kg
FR|35|über 3000kg;1;1722.3500;1757.5000;-35.1500;0.0000;1779.8060;12;1184.1727;1181.9719;-8.8108;0.0000;11.0117;1210.8249;-538.1773;-31.2467;-575.5281;26.3392;0.0000;-6458.1277;Hauptursache: Fracht: +100%;FR;35;über 3000kg
IT|95|über 3000kg;1;3975.0000;3975.0000;0.0000;0.0000;3650.7000;6;3076.8218;3077.5418;-1.4900;0.7700;0.0000;3095.4113;-898.1782;-22.5957;-897.4582;-1.4900;0.7700;-5389.0694;Hauptursache: Fracht: +100%, Diesel: +0%;IT;95;über 3000kg
IT|20|bis 2000kg;2;247.6900;247.0050;-2.4650;0.0000;225.7500;82;186.3940;180.9466;-1.5100;2.5116;4.4458;187.9451;-61.2960;-24.7471;-66.0584;0.9550;2.5116;-5026.2743;Hauptursache: Fracht: +100%;IT;20;bis 2000kg
ES|08|bis 500kg;4;131.2375;132.9000;-1.6625;0.0000;113.2194;105;85.1944;84.9692;-0.7677;0.0000;0.9928;121.9999;-46.0431;-35.0838;-47.9308;0.8948;0.0000;-4834.5298;Hauptursache: Fracht: +100%;ES;08;bis 500kg
ES|08|bis 1000kg;11;150.8445;153.1082;-2.2636;0.0000;181.0880;219;129.3669;129.6826;-1.0771;0.0000;0.7614;164.7436;-21.4776;-14.2383;-23.4255;1.1866;0.0000;-4703.5996;Hauptursache: Fracht: +100%;ES;08;bis 1000kg
FR|27|über 3000kg;3;950.9533;948.2500;-12.2967;0.0000;1042.6250;29;853.1243;861.7421;-8.6178;0.0000;0.0000;1030.6326;-97.8290;-10.2875;-86.5079;3.6788;0.0000;-2837.0413;Hauptursache: Fracht: +100%;FR;27;über 3000kg
FR|76|bis 2000kg;1;263.0200;253.0500;-2.5300;0.0000;307.9805;43;207.5330;208.9600;-1.8377;0.0000;0.4107;297.1456;-55.4870;-21.0961;-44.0900;0.6923;0.0000;-2385.9401;Hauptursache: Fracht: +100%;FR;76;bis 2000kg
IT|00|bis 1000kg;8;274.4450;276.1500;-3.1050;1.4000;191.6200;31;217.4661;213.5482;-1.8909;1.3733;4.4355;185.3745;-56.9789;-20.7615;-62.6018;1.2141;-0.0267;-1766.3472;Hauptursache: Fracht: +100%;IT;00;bis 1000kg
FR|43|bis 1000kg;1;1080.0000;1080.0000;0.0000;0.0000;196.3840;2;226.5900;227.7750;-1.1850;0.0000;0.0000;237.6995;-853.4100;-79.0194;-852.2250;-1.1850;0.0000;-1706.8200;Hauptursache: Fracht: +100%, Diesel: +0%;FR;43;bis 1000kg
IT|39|bis 500kg;2;160.5800;158.7950;-0.1950;1.9800;209.4510;17;78.6385;78.6841;-0.7079;0.5468;0.1155;64.0241;-81.9415;-51.0284;-80.1109;-0.5129;-1.4332;-1393.0049;Hauptursache: Fracht: +98%, Maut: +2%;IT;39;bis 500kg
PT|44|bis 500kg;3;271.9433;275.2000;-3.2567;0.0000;205.9067;10;148.7176;139.2332;-0.7947;0.0000;10.2790;131.4300;-123.2257;-45.3130;-135.9667;2.4620;0.0000;-1232.2573;Hauptursache: Fracht: +100%;PT;44;bis 500kg
FR|91|bis 1000kg;1;209.0100;198.5000;-1.9900;0.0000;156.7880;17;137.6055;131.1571;-1.0928;0.0000;7.5412;121.5626;-71.4045;-34.1632;-67.3429;0.8972;0.0000;-1213.8766;Hauptursache: Fracht: +100%;FR;91;bis 1000kg
FR|91|bis 2000kg;1;321.7000;324.9500;-3.2500;0.0000;212.4295;14;237.7008;236.1496;-1.8131;0.0000;3.3643;229.2852;-83.9992;-26.1110;-88.8004;1.4369;0.0000;-1175.9890;Hauptursache: Fracht: +100%;FR;91;bis 2000kg
ES|17|bis 1000kg;3;189.8133;191.7333;-1.9200;0.0000;205.4570;32;156.5920;157.4023;-1.2634;0.0000;0.4531;171.0936;-33.2213;-17.5021;-34.3310;0.6566;0.0000;-1063.0827;Hauptursache: Fracht: +100%;ES;17;bis 1000kg
IT|40|bis 1000kg;1;291.4100;291.1000;-2.9100;3.2200;272.7500;5;88.5003;87.1863;-0.5021;1.0339;0.7822;83.2000;-202.9097;-69.6303;-203.9137;2.4079;-2.1861;-1014.5486;Hauptursache: Fracht: +99%, Maut: +1%;IT;40;bis 1000kg
ES|08|bis 300kg;1;131.5700;132.9000;-1.3300;0.0000;113.2194;17;75.6048;74.2037;-0.5569;0.0000;1.9580;107.3728;-55.9652;-42.5365;-58.6963;0.7731;0.0000;-951.4091;Hauptursache: Fracht: +100%;ES;08;bis 300kg
ES|03|bis 1000kg;2;221.6750;225.0500;-3.3750;0.0000;205.4570;21;178.4544;178.4853;-1.4033;0.0000;1.3724;170.5531;-43.2206;-19.4973;-46.5647;1.9717;0.0000;-907.6329;Hauptursache: Fracht: +100%;ES;03;bis 1000kg
IT|20|bis 500kg;2;122.6100;123.1450;-1.2350;0.0000;97.0200;19;77.8408;77.8050;-0.7181;0.7539;0.0000;72.8268;-44.7692;-36.5135;-45.3400;0.5169;0.7539;-850.6142;Hauptursache: Fracht: +100%;IT;20;bis 500kg
GB|SA|bis 150kg;1;975.0000;975.0000;0.0000;0.0000;161.5323;1;190.7400;161.4500;-1.6100;0.0000;15.9000;161.5323;-784.2600;-80.4369;-813.5500;-1.6100;0.0000;-784.2600;Hauptursache: Fracht: +100%, Diesel: +0%;GB;SA;bis 150kg
PT|48|bis 2000kg;2;408.2650;391.0250;-5.2600;0.0000;311.1500;7;302.9054;293.2497;-2.2171;0.0000;11.8729;250.0286;-105.3596;-25.8067;-97.7753;3.0429;0.0000;-737.5169;Hauptursache: Fracht: +100%;PT;48;bis 2000kg
FR|88|bis 3000kg;1;329.9000;329.9000;0.0000;0.0000;357.4892;8;239.7815;237.8350;-2.1006;0.0000;4.0472;332.8098;-90.1185;-27.3169;-92.0650;-2.1006;0.0000;-720.9477;Hauptursache: Fracht: +98%, Diesel: +2%;FR;88;bis 3000kg
PT|44|bis 1000kg;3;215.7667;219.0833;-3.3167;0.0000;154.3867;10;152.2989;153.3773;-1.0784;0.0000;0.0000;131.4230;-63.4678;-29.4150;-65.7060;2.2382;0.0000;-634.6777;Hauptursache: Fracht: +100%;PT;44;bis 1000kg
FR|33|bis 1000kg;1;202.1600;204.2000;-2.0400;0.0000;95.8360;6;107.4100;107.3638;-0.8099;0.0000;0.8561;103.8255;-94.7500;-46.8688;-96.8362;1.2301;0.0000;-568.5001;Hauptursache: Fracht: +100%;FR;33;bis 1000kg
GB|LE|bis 1000kg;4;285.5325;255.6875;-3.2800;15.0000;267.2371;24;263.8465;208.4011;-1.7557;0.0000;48.4959;274.0195;-21.6860;-7.5949;-47.2864;1.5244;-15.0000;-520.4647;Hauptursache: Fracht: +76%, Maut: +24%;GB;LE;bis 1000kg
IT|00|bis 2000kg;1;443.5500;445.2000;-4.4500;2.8000;352.3000;8;387.9366;386.0496;-3.6937;2.4557;3.1250;326.5900;-55.6134;-12.5382;-59.1504;0.7563;-0.3443;-444.9068;Hauptursache: Fracht: +100%;IT;00;bis 2000kg
ES|08|bis 200kg;6;131.1000;124.6250;-1.0250;0.0000;111.7135;15;102.9848;103.1852;-1.0336;0.0000;0.8333;113.0789;-28.1152;-21.4456;-21.4398;-0.0086;0.0000;-421.7274;Hauptursache: Fracht: +100%;ES;08;bis 200kg
PT|44|bis 2000kg;4;388.3500;372.2375;-2.6375;0.0000;290.1000;7;328.3335;331.0007;-2.6671;0.0000;0.0000;274.0743;-60.0165;-15.4542;-41.2368;-0.0296;0.0000;-420.1154;Hauptursache: Fracht: +100%;PT;44;bis 2000kg
IT|35|bis 2000kg;1;211.9200;214.1000;-4.2800;0.0000;170.5800;11;176.3923;174.3210;-1.4661;2.1466;1.3908;159.4300;-35.5277;-16.7647;-39.7790;2.8139;2.1466;-390.8045;Hauptursache: Fracht: +100%;IT;35;bis 2000kg
GB|NG|bis 1000kg;1;254.1200;161.4500;-3.2300;15.0000;168.7759;3;127.4402;124.7461;-1.2472;0.0000;2.6259;274.1530;-126.6798;-49.8504;-36.7039;1.9828;-15.0000;-380.0395;Hauptursache: Fracht: +71%, Maut: +29%;GB;NG;bis 1000kg
GB|RM|bis 100kg;1;183.0000;154.5500;-1.5500;15.0000;161.5323;5;110.1740;82.2490;-0.7342;0.0000;21.9257;161.5323;-72.8260;-39.7956;-72.3010;0.8158;-15.0000;-364.1299;Hauptursache: Fracht: +83%, Maut: +17%;GB;RM;bis 100kg
PT|47|bis 2000kg;1;428.9700;433.3000;-4.3300;0.0000;304.1400;3;313.3990;316.5648;-3.1658;0.0000;0.0000;294.8033;-115.5710;-26.9415;-116.7352;1.1642;0.0000;-346.7130;Hauptursache: Fracht: +100%;PT;47;bis 2000kg
FR|56|bis 2000kg;1;344.8200;348.3000;-3.4800;0.0000;282.3780;23;330.1403;332.5190;-2.9486;0.0000;0.5700;322.5576;-14.6797;-4.2572;-15.7810;0.5314;0.0000;-337.6321;Hauptursache: Fracht: +100%;FR;56;bis 2000kg
IT|26|bis 1000kg;5;209.0100;209.0000;-2.0900;0.0000;188.4500;14;185.2286;183.3850;-1.3836;2.1000;1.1271;188.4500;-23.7814;-11.3781;-25.6150;0.7064;2.1000;-332.9400;Hauptursache: Fracht: +100%;IT;26;bis 1000kg
FR|68|über 3000kg;1;314.7200;317.9000;-3.1800;0.0000;336.8225;19;297.4471;297.2501;-2.1585;0.0000;2.3555;379.9725;-17.2729;-5.4883;-20.6499;1.0215;0.0000;-328.1855;Hauptursache: Fracht: +100%;FR;68;über 3000kg
FR|57|bis 500kg;1;139.5900;141.0000;-1.4100;0.0000;90.4780;17;121.7376;122.6392;-1.1340;0.0000;0.2324;90.4780;-17.8524;-12.7891;-18.3608;0.2760;0.0000;-303.4903;Hauptursache: Fracht: +100%;FR;57;bis 500kg
FR|87|bis 2000kg;1;376.0700;383.7500;-7.6800;0.0000;349.5145;4;307.9450;305.7600;-2.1850;0.0000;4.3700;282.1666;-68.1250;-18.1150;-77.9900;5.4950;0.0000;-272.5000;Hauptursache: Fracht: +100%;FR;87;bis 2000kg
IT|39|bis 100kg;1;110.6500;111.1000;-1.1100;0.6600;64.9700;3;20.9791;20.9605;-0.2104;0.2289;0.0000;57.5100;-89.6709;-81.0402;-90.1395;0.8996;-0.4311;-269.0128;Hauptursache: Fracht: +100%;IT;39;bis 100kg
FR|59|bis 1000kg;3;160.5600;149.8567;-1.2967;0.0000;95.5573;31;152.7455;149.7440;-1.3497;0.0000;4.3511;100.6157;-7.8145;-4.8670;-0.1127;-0.0530;0.0000;-242.2504;n/a;FR;59;bis 1000kg
IT|47|bis 500kg;1;199.5000;200.1000;-2.0000;0.0000;133.8500;2;94.8400;90.7650;0.0000;1.0500;3.0250;97.1800;-104.6600;-52.4612;-109.3350;2.0000;1.0500;-209.3200;Hauptursache: Fracht: +100%;IT;47;bis 500kg
PT|20|bis 500kg;2;151.6000;151.6000;0.0000;0.0000;93.5000;4;99.5000;96.9096;-0.9701;0.0000;3.5604;93.5000;-52.1000;-34.3668;-54.6904;-0.9701;0.0000;-208.4002;Hauptursache: Fracht: +98%, Diesel: +2%;PT;20;bis 500kg
FR|57|bis 150kg;2;120.9800;122.9150;-1.9350;0.0000;90.4780;6;86.8605;86.8073;-0.6051;0.0000;0.6583;90.4780;-34.1195;-28.2026;-36.1077;1.3299;0.0000;-204.7168;Hauptursache: Fracht: +100%;FR;57;bis 150kg
IT|39|bis 300kg;2;110.0700;110.5150;-1.1050;0.6600;91.8800;3;43.8257;42.7409;-0.2485;0.4367;0.8967;57.5100;-66.2443;-60.1838;-67.7741;0.8565;-0.2233;-198.7329;Hauptursache: Fracht: +100%;IT;39;bis 300kg
FR|27|bis 500kg;1;133.3500;134.7000;-1.3500;0.0000;139.4315;3;75.0262;75.7843;-0.7582;0.0000;0.0000;134.0292;-58.3238;-43.7374;-58.9157;0.5918;0.0000;-174.9715;Hauptursache: Fracht: +100%;FR;27;bis 500kg
FR|33|bis 250kg;1;186.6900;190.5000;-3.8100;0.0000;95.8360;1;21.4051;21.6213;-0.2162;0.0000;0.0000;95.8360;-165.2849;-88.5344;-168.8787;3.5938;0.0000;-165.2849;Hauptursache: Fracht: +100%;FR;33;bis 250kg
FR|41|bis 2000kg;1;296.5000;299.5000;-3.0000;0.0000;315.9130;1;166.6470;168.3308;-1.6838;0.0000;0.0000;315.9130;-129.8530;-43.7953;-131.1692;1.3162;0.0000;-129.8530;Hauptursache: Fracht: +100%;FR;41;bis 2000kg
IT|43|bis 150kg;1;116.8700;117.2000;-1.1700;0.8400;83.1900;1;30.2453;30.2510;-0.3024;0.2967;0.0000;71.3600;-86.6247;-74.1206;-86.9490;0.8676;-0.5433;-86.6247;Hauptursache: Fracht: +99%, Maut: +1%;IT;43;bis 150kg
ES|08|bis 150kg;1;131.5700;132.9000;-1.3300;0.0000;113.2194;3;106.3745;107.4500;-1.0755;0.0000;0.0000;110.2075;-25.1955;-19.1499;-25.4500;0.2545;0.0000;-75.5864;Hauptursache: Fracht: +100%;ES;08;bis 150kg
FR|59|bis 500kg;2;108.4400;101.3750;-1.0150;0.0000;78.6695;10;101.2982;100.5140;-0.7756;0.0000;1.5598;78.6695;-7.1418;-6.5860;-0.8610;0.2394;0.0000;-71.4183;Hauptursache: Fracht: +100%;FR;59;bis 500kg
PT|27|bis 1000kg;1;253.8400;256.4000;-2.5600;0.0000;177.7700;1;182.9000;184.7500;-1.8500;0.0000;0.0000;121.5500;-70.9400;-27.9467;-71.6500;0.7100;0.0000;-70.9400;Hauptursache: Fracht: +100%;PT;27;bis 1000kg
PT|44|bis 150kg;1;148.5700;151.6000;-3.0300;0.0000;93.5000;1;78.6300;79.4200;-0.7900;0.0000;0.0000;79.4200;-69.9400;-47.0755;-72.1800;2.2400;0.0000;-69.9400;Hauptursache: Fracht: +100%;PT;44;bis 150kg
FR|68|bis 3000kg;1;215.2600;219.6500;-4.3900;0.0000;226.1000;23;212.3506;213.4164;-1.5163;0.0000;0.4504;278.8882;-2.9094;-1.3516;-6.2336;2.8737;0.0000;-66.9163;Hauptursache: Fracht: +100%;FR;68;bis 3000kg
PT|20|bis 100kg;1;75.9800;76.7500;-0.7700;0.0000;42.5300;1;13.1275;13.1620;-0.1316;0.0000;0.0971;135.6500;-62.8525;-82.7224;-63.5880;0.6384;0.0000;-62.8525;Hauptursache: Fracht: +100%;PT;20;bis 100kg
ES|31|bis 500kg;1;138.1500;139.5500;-1.4000;0.0000;113.2194;8;130.6084;131.7740;-1.1656;0.0000;0.0000;113.2194;-7.5416;-5.4590;-7.7760;0.2344;0.0000;-60.3326;Hauptursache: Fracht: +100%;ES;31;bis 500kg
PT|24|bis 2000kg;1;366.9400;370.6500;-3.7100;0.0000;321.5200;5;355.2225;358.8103;-3.5878;0.0000;0.0000;348.0480;-11.7175;-3.1933;-11.8397;0.1222;0.0000;-58.5876;Hauptursache: Fracht: +100%;PT;24;bis 2000kg
IT|39|bis 150kg;1;110.6500;111.1000;-1.1100;0.6600;64.9700;3;91.6800;92.0500;-0.9200;0.5500;0.0000;64.9700;-18.9700;-17.1441;-19.0500;0.1900;-0.1100;-56.9100;Hauptursache: Fracht: +100%;IT;39;bis 150kg
IT|24|bis 2000kg;1;253.1400;255.4500;-5.1100;0.0000;225.7500;1;196.6600;196.9500;-1.9700;1.6800;0.0000;147.2400;-56.4800;-22.3118;-58.5000;3.1400;1.6800;-56.4800;Hauptursache: Fracht: +100%;IT;24;bis 2000kg
IT|27|bis 500kg;1;101.2300;101.5500;-1.0200;0.0000;67.8300;2;79.9334;77.4226;0.0000;0.9708;1.5400;93.0000;-21.2966;-21.0378;-24.1274;1.0200;0.9708;-42.5932;Hauptursache: Fracht: +100%;IT;27;bis 500kg
GB|LE|bis 250kg;2;183.1300;154.5500;-2.3200;15.0000;161.5323;2;162.4555;112.7275;-1.1294;0.0000;42.0049;161.5323;-20.6745;-11.2895;-41.8225;1.1906;-15.0000;-41.3490;Hauptursache: Fracht: +74%, Maut: +26%;GB;LE;bis 250kg
FR|28|bis 1000kg;1;216.7600;218.9500;-2.1900;0.0000;218.7945;3;203.8600;201.4334;-0.8867;0.0000;3.3133;246.6168;-12.9000;-5.9513;-17.5166;1.3033;0.0000;-38.6999;Hauptursache: Fracht: +100%;FR;28;bis 1000kg
FR|67|bis 3000kg;1;254.7900;257.4400;-2.6500;0.0000;337.0517;3;242.5233;244.9767;-2.4533;0.0000;0.0000;294.4683;-12.2667;-4.8144;-12.4633;0.1967;0.0000;-36.8000;Hauptursache: Fracht: +100%;FR;67;bis 3000kg
IT|29|bis 500kg;1;106.0400;106.4000;-1.0600;0.0000;77.4500;3;96.1167;87.7667;-0.6367;0.6533;8.3333;75.4500;-9.9233;-9.3581;-18.6333;0.4233;0.6533;-29.7700;Hauptursache: Fracht: +100%;IT;29;bis 500kg
PT|48|bis 1000kg;1;151.6000;151.6000;0.0000;0.0000;93.5000;2;137.5110;138.3560;-0.8450;0.0000;0.0000;100.5250;-14.0890;-9.2936;-13.2440;-0.8450;0.0000;-28.1781;Hauptursache: Fracht: +94%, Diesel: +6%;PT;48;bis 1000kg
IT|25|bis 250kg;1;100.2200;101.5500;-2.0300;0.0000;67.8300;1;77.8400;61.5600;0.0000;0.7000;15.5800;67.8300;-22.3800;-22.3309;-39.9900;2.0300;0.7000;-22.3800;Hauptursache: Fracht: +100%;IT;25;bis 250kg
IT|14|bis 300kg;1;107.2700;107.6500;-1.0800;0.0000;95.0000;3;100.2133;100.2333;-0.7200;0.7000;0.0000;95.0000;-7.0567;-6.5784;-7.4167;0.3600;0.7000;-21.1700;Hauptursache: Fracht: +100%;IT;14;bis 300kg
FR|19|bis 150kg;1;135.4800;138.2500;-2.7700;0.0000;120.3745;3;128.8533;129.7733;-0.9200;0.0000;0.0000;120.3745;-6.6267;-4.8913;-8.4767;1.8500;0.0000;-19.8800;Hauptursache: Fracht: +100%;FR;19;bis 150kg
FR|74|bis 200kg;1;131.2700;132.6000;-1.3300;0.0000;125.5425;7;128.5986;128.8657;-1.1214;0.0000;0.8543;125.5425;-2.6714;-2.0351;-3.7343;0.2086;0.0000;-18.7000;Hauptursache: Fracht: +100%;FR;74;bis 200kg
GB|LE|bis 150kg;1;183.9000;154.5500;-1.5500;15.0000;161.5323;4;179.8360;100.7987;-1.0103;0.0000;71.7885;161.5323;-4.0640;-2.2099;-53.7514;0.5397;-15.0000;-16.2559;Hauptursache: Fracht: +78%, Maut: +22%;GB;LE;bis 150kg
ES|19|bis 1000kg;2;228.1250;231.6000;-3.4750;0.0000;205.4570;2;220.1200;221.2800;-1.1600;0.0000;0.0000;205.4570;-8.0050;-3.5090;-10.3200;2.3150;0.0000;-16.0100;Hauptursache: Fracht: +100%;ES;19;bis 1000kg
IT|28|bis 150kg;1;104.9700;106.4000;-2.1300;0.0000;77.4500;3;100.1000;94.7500;-0.7067;0.7000;5.3567;77.4500;-4.8700;-4.6394;-11.6500;1.4233;0.7000;-14.6100;Hauptursache: Fracht: +100%;IT;28;bis 150kg
FR|67|bis 2000kg;2;160.0100;160.8250;-0.8150;0.0000;147.9910;20;159.3487;160.9570;-1.6083;0.0000;0.0000;191.6843;-0.6612;-0.4133;0.1320;-0.7933;0.0000;-13.2250;Hauptursache: Diesel: +100%;FR;67;bis 2000kg
ES|19|bis 500kg;1;135.9800;137.3500;-1.3700;0.0000;113.2194;1;127.8900;121.8000;0.0000;0.0000;6.0900;113.2194;-8.0900;-5.9494;-15.5500;1.3700;0.0000;-8.0900;Hauptursache: Fracht: +100%;ES;19;bis 500kg
FR|42|bis 150kg;1;100.0000;100.0000;0.0000;0.0000;100.8425;1;99.0000;100.0000;-1.0000;0.0000;0.0000;100.8425;-1.0000;-1.0000;0.0000;-1.0000;0.0000;-1.0000;Hauptursache: Diesel: +100%;FR;42;bis 150kg
